canonical_smiles,identity_smiles,scaffold,name,value,source_datasets,source_observation_count,split
C#CCN(C)C(C)Cc1ccccc1,C#CCN(C)C(C)Cc1ccccc1,c1ccccc1,CHEMBL8663,2.16,Lipophilicity,1,train
C=C(CC)C(=O)c1ccc(OCC(=O)O)c(Cl)c1Cl,C=C(CC)C(=O)c1ccc(OCC(=O)O)c(Cl)c1Cl,c1ccccc1,CHEMBL456,0.02,Lipophilicity,1,train
C=CC(=O)Nc1ccc(C)cc1,C=CC(=O)Nc1ccc(C)cc1,c1ccccc1,CHEMBL2086478,2.25,Lipophilicity,1,train
C=CC(=O)Nc1ccc(OC)cc1,C=CC(=O)Nc1ccc(OC)cc1,c1ccccc1,CHEMBL2089383,1.68,Lipophilicity,1,train
C=CCNS(=O)(=O)c1ccc(NC(=O)[C@@](C)(O)C(F)(F)F)c(Cl)c1,C=CCNS(=O)(=O)c1ccc(NC(=O)C(C)(O)C(F)(F)F)c(Cl)c1,c1ccccc1,CHEMBL74582,3.07,Lipophilicity,1,train
C=CCOc1ccccc1OCC(O)CNC(C)C,C=CCOc1ccccc1OCC(O)CNC(C)C,c1ccccc1,CHEMBL546,0.2,Lipophilicity,1,train
C=CCc1cc(NC(C)=O)ccc1OCCCNC(C)C,C=CCc1cc(NC(C)=O)ccc1OCCCNC(C)C,c1ccccc1,CHEMBL133996,-0.01,Lipophilicity,1,train
C=CCc1ccccc1OCC(O)CNC(C)C,C=CCc1ccccc1OCC(O)CNC(C)C,c1ccccc1,CHEMBL266195,0.99,Lipophilicity,1,train
CC(=N)NCc1ccccc1,CC(=N)NCc1ccccc1,c1ccccc1,CHEMBL1186433,-0.28,Lipophilicity,1,train
CC(=O)N(C)c1ccccc1,CC(=O)N(C)c1ccccc1,c1ccccc1,CHEMBL481312,1.1,Lipophilicity,1,train
CC(=O)Nc1ccc(O)cc1,CC(=O)Nc1ccc(O)cc1,c1ccccc1,CHEMBL112,0.25,Lipophilicity,1,train
CC(=O)Nc1ccccc1C,CC(=O)Nc1ccccc1C,c1ccccc1,CHEMBL1568309,1.0,Lipophilicity,1,train
CC(C)(C)OC(=O)N[C@@H](Cc1ccccc1)C(=O)O,CC(C)(C)OC(=O)NC(Cc1ccccc1)C(=O)O,c1ccccc1,CHEMBL1222330,-1.1,Lipophilicity,1,train
CC(C)C(=O)NCCNCC(O)COc1ccc(O)cc1,CC(C)C(=O)NCCNCC(O)COc1ccc(O)cc1,c1ccccc1,CHEMBL322122,-0.15,Lipophilicity,1,train
CC(C)C(=O)Nc1ccc([N+](=O)[O-])c(C(F)(F)F)c1,CC(C)C(=O)Nc1ccc([N+](=O)[O-])c(C(F)(F)F)c1,c1ccccc1,CHEMBL806,3.46,Lipophilicity,1,train
CC(C)CCOc1ccc(N)cc1,CC(C)CCOc1ccc(N)cc1,c1ccccc1,CHEMBL1610669,2.67,Lipophilicity,1,train
CC(C)Cc1ccc(C(C)C(=O)NS(C)(=O)=O)cc1,CC(C)Cc1ccc(C(C)C(=O)NS(C)(=O)=O)cc1,c1ccccc1,CHEMBL2172782,0.56,Lipophilicity,3,train
CC(C)NCC(O)COc1ccc(COCCOC(C)C)cc1,CC(C)NCC(O)COc1ccc(COCCOC(C)C)cc1,c1ccccc1,CHEMBL645,0.1,Lipophilicity,1,train
C[C@@](Cc1ccc(O)c(O)c1)(NN)C(=O)O,CC(Cc1ccc(O)c(O)c1)(NN)C(=O)O,c1ccccc1,CHEMBL1201236,-0.7,Lipophilicity,1,train
CC(NC(C)(C)C)C(=O)c1cccc(Cl)c1,CC(NC(C)(C)C)C(=O)c1cccc(Cl)c1,c1ccccc1,CHEMBL894,2.12,Lipophilicity,1,train
C[C@@](O)(C(=O)Nc1ccc(S(=O)(=O)NCCCO)cc1Cl)C(F)(F)F,CC(O)(C(=O)Nc1ccc(S(=O)(=O)NCCCO)cc1Cl)C(F)(F)F,c1ccccc1,CHEMBL306835,2.1,Lipophilicity,1,train
C[C@@](O)(C(=O)Nc1ccc(S(C)(=O)=O)cc1Cl)C(F)(F)F,CC(O)(C(=O)Nc1ccc(S(C)(=O)=O)cc1Cl)C(F)(F)F,c1ccccc1,CHEMBL73048,2.08,Lipophilicity,1,train
CCC(CCNC)Oc1cc(Cl)ccc1C#N,CCC(CCNC)Oc1cc(Cl)ccc1C#N,c1ccccc1,CHEMBL1789148,0.38,Lipophilicity,1,train
CCCC(=O)Nc1ccc(OCC(O)CNC(C)C)c(C(C)=O)c1,CCCC(=O)Nc1ccc(OCC(O)CNC(C)C)c(C(C)=O)c1,c1ccccc1,CHEMBL642,-0.27,Lipophilicity,1,train
CCCCCCCN(CC)CCCC(O)c1ccc(NS(C)(=O)=O)cc1,CCCCCCCN(CC)CCCC(O)c1ccc(NS(C)(=O)=O)cc1,c1ccccc1,CHEMBL533,1.2,Lipophilicity,1,train
CCCCN(CCCC)CCCOC(=O)c1ccc(N)cc1,CCCCN(CCCC)CCCOC(=O)c1ccc(N)cc1,c1ccccc1,CHEMBL129529,1.93,Lipophilicity,1,train
CCCCNC(=O)NS(=O)(=O)c1ccc(C)cc1,CCCCNC(=O)NS(=O)(=O)c1ccc(C)cc1,c1ccccc1,CHEMBL782,0.44,Lipophilicity,1,train
CCCCNc1ccc(C(=O)OCCN(C)C)cc1,CCCCNc1ccc(C(=O)OCCN(C)C)cc1,c1ccccc1,CHEMBL698,2.11,Lipophilicity,1,train
CCCN(CCC)S(=O)(=O)c1ccc(C(=O)O)cc1,CCCN(CCC)S(=O)(=O)c1ccc(C(=O)O)cc1,c1ccccc1,CHEMBL897,0.03,Lipophilicity,1,train
CCCNC(=O)NS(=O)(=O)c1ccc(Cl)cc1,CCCNC(=O)NS(=O)(=O)c1ccc(Cl)cc1,c1ccccc1,CHEMBL498,-0.33,Lipophilicity,1,train
CCCc1c(OCCCCSCC(=O)O)ccc(C(C)=O)c1O,CCCc1c(OCCCCSCC(=O)O)ccc(C(C)=O)c1O,c1ccccc1,CHEMBL167151,1.3,Lipophilicity,1,train
CCN(CC)C(C)C(=O)c1ccccc1,CCN(CC)C(C)C(=O)c1ccccc1,c1ccccc1,CHEMBL1194666,1.18,Lipophilicity,1,train
CCN(CC)CCNC(=O)c1cc(Br)c(N)cc1OC,CCN(CC)CCNC(=O)c1cc(Br)c(N)cc1OC,c1ccccc1,CHEMBL399510,0.54,Lipophilicity,1,train
CCN(CC)CCNC(=O)c1cc(Cl)c(N)cc1OC,CCN(CC)CCNC(=O)c1cc(Cl)c(N)cc1OC,c1ccccc1,CHEMBL86,0.34,Lipophilicity,1,train
CCN(CC)CCNC(=O)c1cc(S(C)(=O)=O)ccc1OC,CCN(CC)CCNC(=O)c1cc(S(C)(=O)=O)ccc1OC,c1ccccc1,CHEMBL84158,-0.9,Lipophilicity,1,train
CCN(CC)CCNC(=O)c1ccc(N)cc1,CCN(CC)CCNC(=O)c1ccc(N)cc1,c1ccccc1,CHEMBL640,-0.92,Lipophilicity,1,train
CCN(CC)CCOC(=O)c1ccc(N)cc1,CCN(CC)CCOC(=O)c1ccc(N)cc1,c1ccccc1,CHEMBL569,0.0,Lipophilicity,1,train
CCN(CC)S(=O)(=O)c1ccc(NC(=O)[C@@](C)(O)C(F)(F)F)c(Cl)c1,CCN(CC)S(=O)(=O)c1ccc(NC(=O)C(C)(O)C(F)(F)F)c(Cl)c1,c1ccccc1,CHEMBL74399,3.66,Lipophilicity,1,train
CCN(CC)S(=O)(=O)c1ccc(NC(=O)C(C)(O)C(F)(F)F)cc1,CCN(CC)S(=O)(=O)c1ccc(NC(=O)C(C)(O)C(F)(F)F)cc1,c1ccccc1,CHEMBL168073,2.63,Lipophilicity,1,train
CCOC(=O)c1ccc(N)cc1,CCOC(=O)c1ccc(N)cc1,c1ccccc1,CHEMBL278172,1.83,Lipophilicity,1,train
CCOC(=O)c1ccc(OC(=O)CCCCCN=C(N)N)cc1,CCOC(=O)c1ccc(OC(=O)CCCCCN=C(N)N)cc1,c1ccccc1,CHEMBL87563,2.41,Lipophilicity,1,train
CCOc1ccc(NC(C)=O)cc1,CCOc1ccc(NC(C)=O)cc1,c1ccccc1,CHEMBL16073,1.5,Lipophilicity,1,train
CN[C@@H](C)[C@H](O)c1ccccc1,CNC(C)C(O)c1ccccc1,c1ccccc1,CHEMBL211456,-1.15,Lipophilicity,1,train
COC(=O)COc1ccc(O)cc1,COC(=O)COc1ccc(O)cc1,c1ccccc1,CHEMBL47406,0.92,Lipophilicity,1,train
COCCCCC(=NOCCN)c1ccc(C(F)(F)F)cc1,COCCCCC(=NOCCN)c1ccc(C(F)(F)F)cc1,c1ccccc1,CHEMBL1621884,1.55,Lipophilicity,1,train
COc1ccc(OC)c(C(O)CNC(=O)CN)c1,COc1ccc(OC)c(C(O)CNC(=O)CN)c1,c1ccccc1,CHEMBL1201212,-0.71,Lipophilicity,1,train
COc1ccccc1OCC(O)CO,COc1ccccc1OCC(O)CO,c1ccccc1,CHEMBL980,0.24,Lipophilicity,1,train
COc1ccccc1OCC(O)COC(N)=O,COc1ccccc1OCC(O)COC(N)=O,c1ccccc1,CHEMBL1201117,0.36,Lipophilicity,1,train
CS(=O)(=O)c1ccc([C@@H](O)[C@@H](CF)NC(=O)C(Cl)Cl)cc1,CS(=O)(=O)c1ccc(C(O)C(CF)NC(=O)C(Cl)Cl)cc1,c1ccccc1,CHEMBL1241590,0.44,Lipophilicity,1,train
Cc1ccc(C)c(OCCCC(C)(C)C(=O)O)c1,Cc1ccc(C)c(OCCCC(C)(C)C(=O)O)c1,c1ccccc1,CHEMBL457,0.72,Lipophilicity,1,train
Cc1ccc(/C=C(\C#N)C(N)=O)cc1,Cc1ccc(C=C(C#N)C(N)=O)cc1,c1ccccc1,CHEMBL1927345,2.09,Lipophilicity,1,train
Cc1ccc(NC(=N)N)cc1C,Cc1ccc(NC(=N)N)cc1C,c1ccccc1,CHEMBL443320,-1.34,Lipophilicity,1,train
Cc1ccc(O)c(O)c1,Cc1ccc(O)c(O)c1,c1ccccc1,CHEMBL158766,1.37,Lipophilicity,1,train
Cc1cccc(C)c1NC(=O)C(C)N,Cc1cccc(C)c1NC(=O)C(C)N,c1ccccc1,CHEMBL1762,-0.15,Lipophilicity,1,train
Cc1cccc(C)c1OCC(C)N,Cc1cccc(C)c1OCC(C)N,c1ccccc1,CHEMBL558,0.6,Lipophilicity,3,train
N=C(N)Nc1ccc(Cl)c(Cl)c1,N=C(N)Nc1ccc(Cl)c(Cl)c1,c1ccccc1,CHEMBL40999,-0.31,Lipophilicity,1,train
N=C(N)SCc1ccc(Cl)c(Cl)c1,N=C(N)SCc1ccc(Cl)c(Cl)c1,c1ccccc1,CHEMBL1229059,1.28,Lipophilicity,1,train
NC(=O)Cc1ccccc1,NC(=O)Cc1ccccc1,c1ccccc1,CHEMBL347645,0.3,Lipophilicity,1,train
NC(=O)c1cc([N+](=O)[O-])cc([N+](=O)[O-])c1,NC(=O)c1cc([N+](=O)[O-])cc([N+](=O)[O-])c1,c1ccccc1,CHEMBL1437065,0.81,Lipophilicity,1,train
NC(=O)c1ccc(Br)cc1,NC(=O)c1ccc(Br)cc1,c1ccccc1,CHEMBL339059,1.75,Lipophilicity,1,train
NC(=O)c1ccccc1O,NC(=O)c1ccccc1O,c1ccccc1,CHEMBL27577,1.09,Lipophilicity,1,train
N[C@@H](Cc1ccc(F)cc1)C(=O)O,NC(Cc1ccc(F)cc1)C(=O)O,c1ccccc1,CHEMBL1235242,-1.06,Lipophilicity,1,train
NC(Cc1ccc(N(CCCl)CCCl)cc1)C(=O)O,NC(Cc1ccc(N(CCCl)CCCl)cc1)C(=O)O,c1ccccc1,CHEMBL429405,0.39,Lipophilicity,1,train
NNCCc1ccccc1,NNCCc1ccccc1,c1ccccc1,CHEMBL1089,-0.01,Lipophilicity,1,train
NS(=O)(=O)c1cc(Cl)c(Cl)c(S(N)(=O)=O)c1,NS(=O)(=O)c1cc(Cl)c(Cl)c(S(N)(=O)=O)c1,c1ccccc1,CHEMBL17,0.92,Lipophilicity,1,train
Nc1ccccc1[N+](=O)[O-],Nc1ccccc1[N+](=O)[O-],c1ccccc1,CHEMBL274009,-0.96,Lipophilicity,1,train
O=C(N[C@H](CO)[C@H](O)c1ccc([N+](=O)[O-])cc1)C(Cl)Cl,O=C(NC(CO)C(O)c1ccc([N+](=O)[O-])cc1)C(Cl)Cl,c1ccccc1,CHEMBL130,1.15,Lipophilicity,1,train
O=C(O)CCCc1ccc(N(CCCl)CCCl)cc1,O=C(O)CCCc1ccc(N(CCCl)CCCl)cc1,c1ccccc1,CHEMBL515,1.47,Lipophilicity,1,train
O=C(O)c1ccccc1O,O=C(O)c1ccccc1O,c1ccccc1,CHEMBL424,-1.36,Lipophilicity,1,train
O=Cc1ccccc1B(O)O,O=Cc1ccccc1B(O)O,c1ccccc1,CHEMBL139725,0.83,Lipophilicity,1,train
O=[N+]([O-])c1ccc(O)cc1,O=[N+]([O-])c1ccc(O)cc1,c1ccccc1,CHEMBL14130,1.5,Lipophilicity,1,train
Oc1cc(Cl)cc(Cl)c1,Oc1cc(Cl)cc(Cl)c1,c1ccccc1,CHEMBL314566,3.58,Lipophilicity,1,train
CC(C(=O)O)c1ccc(-c2ccccc2)c(F)c1,CC(C(=O)O)c1ccc(-c2ccccc2)c(F)c1,c1ccc(-c2ccccc2)cc1,CHEMBL563,0.85,Lipophilicity,1,train
CC(C)C[C@H](N[C@@H](c1ccc(-c2ccc(S(C)(=O)=O)cc2)cc1)C(F)(F)F)C(=O)NCC#N,CC(C)CC(NC(c1ccc(-c2ccc(S(C)(=O)=O)cc2)cc1)C(F)(F)F)C(=O)NCC#N,c1ccc(-c2ccccc2)cc1,CHEMBL437501,3.24,Lipophilicity,1,train
C[C@@](CCc1ccc(-c2ccc(Cl)cc2)cc1)(C(=O)NO)S(C)(=O)=O,CC(CCc1ccc(-c2ccc(Cl)cc2)cc1)(C(=O)NO)S(C)(=O)=O,c1ccc(-c2ccccc2)cc1,CHEMBL1956129,2.4,Lipophilicity,1,train
CC(CNS(=O)(=O)C(C)C)c1ccc(-c2ccc(C#N)cc2)cc1,CC(CNS(=O)(=O)C(C)C)c1ccc(-c2ccc(C#N)cc2)cc1,c1ccc(-c2ccccc2)cc1,CHEMBL435582,3.5,Lipophilicity,1,train
CC[C@H](N)C(=O)N[C@H](C#N)Cc1ccc(-c2ccccc2)cc1,CCC(N)C(=O)NC(C#N)Cc1ccc(-c2ccccc2)cc1,c1ccc(-c2ccccc2)cc1,CHEMBL212521,2.6,Lipophilicity,1,train
CCC(Oc1ccc(C(F)(F)F)cc1-c1ccc(S(=O)(=O)CC)cc1C)C(=O)O,CCC(Oc1ccc(C(F)(F)F)cc1-c1ccc(S(=O)(=O)CC)cc1C)C(=O)O,c1ccc(-c2ccccc2)cc1,CHEMBL1778650,0.31,Lipophilicity,1,train
CCN(CC)S(=O)(=O)c1ccc(-c2cc(C(F)(F)F)ccc2OCC(=O)O)cc1,CCN(CC)S(=O)(=O)c1ccc(-c2cc(C(F)(F)F)ccc2OCC(=O)O)cc1,c1ccc(-c2ccccc2)cc1,CHEMBL1778623,0.67,Lipophilicity,1,train
CCS(=O)(=O)c1ccc(-c2cc(C(F)(F)F)ccc2CCC(=O)O)c(C)c1,CCS(=O)(=O)c1ccc(-c2cc(C(F)(F)F)ccc2CCC(=O)O)c(C)c1,c1ccc(-c2ccccc2)cc1,CHEMBL1778652,0.76,Lipophilicity,1,train
CCS(=O)(=O)c1ccc(-c2cc(C(F)(F)F)ccc2O[C@H](C)C(=O)O)c(C)c1,CCS(=O)(=O)c1ccc(-c2cc(C(F)(F)F)ccc2OC(C)C(=O)O)c(C)c1,c1ccc(-c2ccccc2)cc1,CHEMBL1778648,-0.4,Lipophilicity,1,train
CCS(=O)(=O)c1ccc(-c2cc(C(F)(F)F)ccc2OCC(=O)O)c(C)c1,CCS(=O)(=O)c1ccc(-c2cc(C(F)(F)F)ccc2OCC(=O)O)c(C)c1,c1ccc(-c2ccccc2)cc1,CHEMBL1778639,-0.45,Lipophilicity,1,train
CCS(=O)(=O)c1ccc(-c2cc(C(F)(F)F)ccc2OCC(N)=O)c(C)c1,CCS(=O)(=O)c1ccc(-c2cc(C(F)(F)F)ccc2OCC(N)=O)c(C)c1,c1ccc(-c2ccccc2)cc1,CHEMBL1778653,2.77,Lipophilicity,1,train
CCS(=O)(=O)c1ccc(-c2cc(Cl)ccc2OCC(=O)O)c(C(F)(F)F)c1,CCS(=O)(=O)c1ccc(-c2cc(Cl)ccc2OCC(=O)O)c(C(F)(F)F)c1,c1ccc(-c2ccccc2)cc1,CHEMBL1778647,0.62,Lipophilicity,1,train
CCS(=O)(=O)c1ccc(-c2cc(Cl)ccc2OCC(=O)O)c(C)c1,CCS(=O)(=O)c1ccc(-c2cc(Cl)ccc2OCC(=O)O)c(C)c1,c1ccc(-c2ccccc2)cc1,CHEMBL1778645,-0.65,Lipophilicity,1,train
CCS(=O)(=O)c1ccc(-c2cc(Cl)ccc2OCC(=O)O)c(Cl)c1,CCS(=O)(=O)c1ccc(-c2cc(Cl)ccc2OCC(=O)O)c(Cl)c1,c1ccc(-c2ccccc2)cc1,CHEMBL1778646,-0.43,Lipophilicity,1,train
CCS(=O)(=O)c1ccc(-c2cc(Cl)ccc2OCC(=O)O)c(F)c1,CCS(=O)(=O)c1ccc(-c2cc(Cl)ccc2OCC(=O)O)c(F)c1,c1ccc(-c2ccccc2)cc1,CHEMBL1778644,-0.92,Lipophilicity,1,train
CCS(=O)(=O)c1ccc(-c2cc(Cl)ccc2OCC(=O)O)cc1,CCS(=O)(=O)c1ccc(-c2cc(Cl)ccc2OCC(=O)O)cc1,c1ccc(-c2ccccc2)cc1,CHEMBL1778641,-0.78,Lipophilicity,1,train
CCS(=O)(=O)c1cccc(-c2cc(C(F)(F)F)ccc2OCC(=O)O)c1,CCS(=O)(=O)c1cccc(-c2cc(C(F)(F)F)ccc2OCC(=O)O)c1,c1ccc(-c2ccccc2)cc1,CHEMBL1778629,-0.66,Lipophilicity,1,train
CCSc1ccc(-c2cc(C(F)(F)F)ccc2OCC(=O)O)cc1,CCSc1ccc(-c2cc(C(F)(F)F)ccc2OCC(=O)O)cc1,c1ccc(-c2ccccc2)cc1,CHEMBL1778622,1.54,Lipophilicity,1,train
CN(c1ccc(-c2cc(C(F)(F)F)ccc2OCC(=O)O)cc1)S(C)(=O)=O,CN(c1ccc(-c2cc(C(F)(F)F)ccc2OCC(=O)O)cc1)S(C)(=O)=O,c1ccc(-c2ccccc2)cc1,CHEMBL1778627,-0.81,Lipophilicity,1,train
CN(c1ccc(-c2cc(F)ccc2OCC(=O)O)c(Cl)c1)S(C)(=O)=O,CN(c1ccc(-c2cc(F)ccc2OCC(=O)O)c(Cl)c1)S(C)(=O)=O,c1ccc(-c2ccccc2)cc1,CHEMBL1778634,-1.17,Lipophilicity,1,train
COc1ccc(-c2cc(C(F)(F)F)ccc2OCC(=O)O)cc1,COc1ccc(-c2cc(C(F)(F)F)ccc2OCC(=O)O)cc1,c1ccc(-c2ccccc2)cc1,CHEMBL1778625,0.29,Lipophilicity,1,train
CS(=O)(=O)c1ccc(-c2cc(C(F)(F)F)ccc2OCC(=O)O)c(Cl)c1,CS(=O)(=O)c1ccc(-c2cc(C(F)(F)F)ccc2OCC(=O)O)c(Cl)c1,c1ccc(-c2ccccc2)cc1,CHEMBL1778637,-0.52,Lipophilicity,1,train
CS(=O)(=O)c1ccc(-c2cc(C(F)(F)F)ccc2OCC(=O)O)cc1,CS(=O)(=O)c1ccc(-c2cc(C(F)(F)F)ccc2OCC(=O)O)cc1,c1ccc(-c2ccccc2)cc1,CHEMBL1778621,-0.87,Lipophilicity,1,train
CS(=O)(=O)c1ccc(-c2cc(Cl)ccc2OCC(=O)O)c(Cl)c1,CS(=O)(=O)c1ccc(-c2cc(Cl)ccc2OCC(=O)O)c(Cl)c1,c1ccc(-c2ccccc2)cc1,CHEMBL1778642,-0.75,Lipophilicity,1,train
Cc1cc(N(C)S(C)(=O)=O)ccc1-c1cc(C(F)(F)F)ccc1OCC(=O)O,Cc1cc(N(C)S(C)(=O)=O)ccc1-c1cc(C(F)(F)F)ccc1OCC(=O)O,c1ccc(-c2ccccc2)cc1,CHEMBL1778633,-0.59,Lipophilicity,1,train
Cc1ccc(C#N)cc1-c1cc(C(F)(F)F)ccc1OCC(=O)O,Cc1ccc(C#N)cc1-c1cc(C(F)(F)F)ccc1OCC(=O)O,c1ccc(-c2ccccc2)cc1,CHEMBL1777822,0.15,Lipophilicity,1,train
N#Cc1ccc(F)c(-c2cc(C(F)(F)F)ccc2OCC(=O)O)c1,N#Cc1ccc(F)c(-c2cc(C(F)(F)F)ccc2OCC(=O)O)c1,c1ccc(-c2ccccc2)cc1,CHEMBL1778635,-0.16,Lipophilicity,1,train
N#Cc1ccc(OCC(=O)O)c(-c2ccccc2)c1,N#Cc1ccc(OCC(=O)O)c(-c2ccccc2)c1,c1ccc(-c2ccccc2)cc1,CHEMBL1778618,-1.08,Lipophilicity,1,train
N#Cc1cccc(-c2cc(C(F)(F)F)ccc2OCC(=O)O)c1,N#Cc1cccc(-c2cc(C(F)(F)F)ccc2OCC(=O)O)c1,c1ccc(-c2ccccc2)cc1,CHEMBL1778628,0.05,Lipophilicity,1,train
N#Cc1cccc(-c2cc(Cl)ccc2OCC(=O)O)c1,N#Cc1cccc(-c2cc(Cl)ccc2OCC(=O)O)c1,c1ccc(-c2ccccc2)cc1,CHEMBL1778636,-0.25,Lipophilicity,1,train
N#Cc1cccc(-c2cccc(C(=O)O)c2)c1,N#Cc1cccc(-c2cccc(C(=O)O)c2)c1,c1ccc(-c2ccccc2)cc1,CHEMBL2089277,0.3,Lipophilicity,1,train
O=C(O)CCC(=O)c1ccc(-c2ccccc2)cc1,O=C(O)CCC(=O)c1ccc(-c2ccccc2)cc1,c1ccc(-c2ccccc2)cc1,CHEMBL277522,0.58,Lipophilicity,1,train
O=C(O)COc1ccc(Br)cc1-c1ccccc1,O=C(O)COc1ccc(Br)cc1-c1ccccc1,c1ccc(-c2ccccc2)cc1,CHEMBL1778616,0.15,Lipophilicity,1,train
O=C(O)COc1ccc(C(F)(F)F)cc1-c1ccc(Cl)cc1,O=C(O)COc1ccc(C(F)(F)F)cc1-c1ccc(Cl)cc1,c1ccc(-c2ccccc2)cc1,CHEMBL1778624,0.9,Lipophilicity,1,train
O=C(O)COc1ccc([N+](=O)[O-])cc1-c1ccccc1,O=C(O)COc1ccc([N+](=O)[O-])cc1-c1ccccc1,c1ccc(-c2ccccc2)cc1,CHEMBL1778612,-0.69,Lipophilicity,1,train
O=C(O)c1cc(-c2ccc(F)cc2F)ccc1O,O=C(O)c1cc(-c2ccc(F)cc2F)ccc1O,c1ccc(-c2ccccc2)cc1,CHEMBL898,0.59,Lipophilicity,1,train
C=CCN(C(=O)Cc1ccc(S(C)(=O)=O)cc1)C1CCN(CCC(c2ccccc2)c2ccccc2)CC1,C=CCN(C(=O)Cc1ccc(S(C)(=O)=O)cc1)C1CCN(CCC(c2ccccc2)c2ccccc2)CC1,O=C(Cc1ccccc1)NC1CCN(CCC(c2ccccc2)c2ccccc2)CC1,CHEMBL180155,3.1,Lipophilicity,1,train
CC(=O)Nc1ccc(CC(=O)N(C)C2CCN(CCC(c3ccccc3)c3ccccc3)CC2)cc1,CC(=O)Nc1ccc(CC(=O)N(C)C2CCN(CCC(c3ccccc3)c3ccccc3)CC2)cc1,O=C(Cc1ccccc1)NC1CCN(CCC(c2ccccc2)c2ccccc2)CC1,CHEMBL182878,2.9,Lipophilicity,1,train
CCN(C(=O)Cc1ccc(C#N)cc1)C1CCN(CCC(c2ccccc2)c2ccccc2)CC1,CCN(C(=O)Cc1ccc(C#N)cc1)C1CCN(CCC(c2ccccc2)c2ccccc2)CC1,O=C(Cc1ccccc1)NC1CCN(CCC(c2ccccc2)c2ccccc2)CC1,CHEMBL182279,3.9,Lipophilicity,1,train
CCN(C(=O)Cc1ccc(S(=O)(=O)N(C)C)cc1)C1CCN(CCC(c2ccccc2)c2ccccc2)CC1,CCN(C(=O)Cc1ccc(S(=O)(=O)N(C)C)cc1)C1CCN(CCC(c2ccccc2)c2ccccc2)CC1,O=C(Cc1ccccc1)NC1CCN(CCC(c2ccccc2)c2ccccc2)CC1,CHEMBL179993,3.7,Lipophilicity,1,train
CCN(C(=O)Cc1ccc(S(C)(=O)=O)cc1)C1CCN(CCC(c2ccc(F)cc2)c2ccc(F)cc2)CC1,CCN(C(=O)Cc1ccc(S(C)(=O)=O)cc1)C1CCN(CCC(c2ccc(F)cc2)c2ccc(F)cc2)CC1,O=C(Cc1ccccc1)NC1CCN(CCC(c2ccccc2)c2ccccc2)CC1,CHEMBL199147,3.21,Lipophilicity,1,train
CCN(C(=O)Cc1ccc(S(C)(=O)=O)cc1)C1CCN(CC[C@@H](c2ccc(F)cc2)c2ccc(S(C)(=O)=O)cc2)CC1,CCN(C(=O)Cc1ccc(S(C)(=O)=O)cc1)C1CCN(CCC(c2ccc(F)cc2)c2ccc(S(C)(=O)=O)cc2)CC1,O=C(Cc1ccccc1)NC1CCN(CCC(c2ccccc2)c2ccccc2)CC1,CHEMBL380005,1.88,Lipophilicity,1,train
CCN(C(=O)Cc1ccc(S(C)(=O)=O)cc1)C1CCN(CCC(c2ccc(NC(C)=O)cc2)c2cccc(F)c2)CC1,CCN(C(=O)Cc1ccc(S(C)(=O)=O)cc1)C1CCN(CCC(c2ccc(NC(C)=O)cc2)c2cccc(F)c2)CC1,O=C(Cc1ccccc1)NC1CCN(CCC(c2ccccc2)c2ccccc2)CC1,CHEMBL370826,2.41,Lipophilicity,1,train
CCN(C(=O)Cc1ccc(S(C)(=O)=O)cc1)C1CCN(CC[C@H](c2ccc(S(C)(=O)=O)cc2)c2cc(F)c(F)c(F)c2)CC1,CCN(C(=O)Cc1ccc(S(C)(=O)=O)cc1)C1CCN(CCC(c2ccc(S(C)(=O)=O)cc2)c2cc(F)c(F)c(F)c2)CC1,O=C(Cc1ccccc1)NC1CCN(CCC(c2ccccc2)c2ccccc2)CC1,CHEMBL211175,2.55,Lipophilicity,1,train
CCN(C(=O)Cc1ccc(S(C)(=O)=O)cc1)C1CCN(CC[C@H](c2ccc(S(C)(=O)=O)cc2)c2cc(F)cc(Cl)c2)CC1,CCN(C(=O)Cc1ccc(S(C)(=O)=O)cc1)C1CCN(CCC(c2ccc(S(C)(=O)=O)cc2)c2cc(F)cc(Cl)c2)CC1,O=C(Cc1ccccc1)NC1CCN(CCC(c2ccccc2)c2ccccc2)CC1,CHEMBL382435,2.71,Lipophilicity,1,train
CCN(C(=O)Cc1ccc(S(C)(=O)=O)cc1)C1CCN(CC[C@H](c2ccc(S(C)(=O)=O)cc2)c2cc(F)cc(F)c2)CC1,CCN(C(=O)Cc1ccc(S(C)(=O)=O)cc1)C1CCN(CCC(c2ccc(S(C)(=O)=O)cc2)c2cc(F)cc(F)c2)CC1,O=C(Cc1ccccc1)NC1CCN(CCC(c2ccccc2)c2ccccc2)CC1,CHEMBL212689,2.2,Lipophilicity,1,train
CCN(C(=O)Cc1ccc(S(C)(=O)=O)cc1)C1CCN(CC[C@H](c2ccc(S(C)(=O)=O)cc2)c2cccc(Cl)c2)CC1,CCN(C(=O)Cc1ccc(S(C)(=O)=O)cc1)C1CCN(CCC(c2ccc(S(C)(=O)=O)cc2)c2cccc(Cl)c2)CC1,O=C(Cc1ccccc1)NC1CCN(CCC(c2ccccc2)c2ccccc2)CC1,CHEMBL379082,2.37,Lipophilicity,1,train
CCN(C(=O)Cc1ccc(S(C)(=O)=O)cc1)C1CCN(CC[C@H](c2ccc(S(C)(=O)=O)cc2)c2cccc(F)c2)CC1,CCN(C(=O)Cc1ccc(S(C)(=O)=O)cc1)C1CCN(CCC(c2ccc(S(C)(=O)=O)cc2)c2cccc(F)c2)CC1,O=C(Cc1ccccc1)NC1CCN(CCC(c2ccccc2)c2ccccc2)CC1,CHEMBL212731,2.9,Lipophilicity,1,train
CCN(C(=O)Cc1ccc(S(C)(=O)=O)cc1)C1CCN(CCC(c2ccccc2)c2ccc(C#N)cc2)CC1,CCN(C(=O)Cc1ccc(S(C)(=O)=O)cc1)C1CCN(CCC(c2ccccc2)c2ccc(C#N)cc2)CC1,O=C(Cc1ccccc1)NC1CCN(CCC(c2ccccc2)c2ccccc2)CC1,CHEMBL198758,2.76,Lipophilicity,1,train
CCN(C(=O)Cc1ccc(S(C)(=O)=O)cc1)C1CCN(CCC(c2ccccc2)c2ccc(NC(=O)C(C)(C)C)cc2)CC1,CCN(C(=O)Cc1ccc(S(C)(=O)=O)cc1)C1CCN(CCC(c2ccccc2)c2ccc(NC(=O)C(C)(C)C)cc2)CC1,O=C(Cc1ccccc1)NC1CCN(CCC(c2ccccc2)c2ccccc2)CC1,CHEMBL370552,2.98,Lipophilicity,1,train
CCN(C(=O)Cc1ccc(S(C)(=O)=O)cc1)C1CCN(CCC(c2ccccc2)c2ccc(NC(C)=O)cc2)CC1,CCN(C(=O)Cc1ccc(S(C)(=O)=O)cc1)C1CCN(CCC(c2ccccc2)c2ccc(NC(C)=O)cc2)CC1,O=C(Cc1ccccc1)NC1CCN(CCC(c2ccccc2)c2ccccc2)CC1,CHEMBL198497,2.09,Lipophilicity,1,train
CCN(C(=O)Cc1ccc(S(C)(=O)=O)cc1)C1CCN(CCC(c2ccccc2)c2ccc(NS(C)(=O)=O)cc2)CC1,CCN(C(=O)Cc1ccc(S(C)(=O)=O)cc1)C1CCN(CCC(c2ccccc2)c2ccc(NS(C)(=O)=O)cc2)CC1,O=C(Cc1ccccc1)NC1CCN(CCC(c2ccccc2)c2ccccc2)CC1,CHEMBL198114,1.84,Lipophilicity,1,train
CCN(C(=O)Cc1ccc(S(C)(=O)=O)cc1)C1CCN(CCC(c2ccccc2)c2ccc(S(C)(=O)=O)cc2)CC1,CCN(C(=O)Cc1ccc(S(C)(=O)=O)cc1)C1CCN(CCC(c2ccccc2)c2ccc(S(C)(=O)=O)cc2)CC1,O=C(Cc1ccccc1)NC1CCN(CCC(c2ccccc2)c2ccccc2)CC1,CHEMBL198150,1.555,Lipophilicity,2,train
CCN(C(=O)Cc1ccc(S(C)(=O)=O)cc1)C1CCN(CCC(c2ccccc2)c2ccccc2)CC1,CCN(C(=O)Cc1ccc(S(C)(=O)=O)cc1)C1CCN(CCC(c2ccccc2)c2ccccc2)CC1,O=C(Cc1ccccc1)NC1CCN(CCC(c2ccccc2)c2ccccc2)CC1,CHEMBL369311,3.0,Lipophilicity,1,train
CCN(C(=O)Cc1ccc(S(N)(=O)=O)cc1)C1CCN(CCC(c2ccccc2)c2ccccc2)CC1,CCN(C(=O)Cc1ccc(S(N)(=O)=O)cc1)C1CCN(CCC(c2ccccc2)c2ccccc2)CC1,O=C(Cc1ccccc1)NC1CCN(CCC(c2ccccc2)c2ccccc2)CC1,CHEMBL179877,2.4,Lipophilicity,1,train
CCN(C(=O)Cc1ccc([N+](=O)[O-])cc1)C1CCN(CCC(c2ccccc2)c2ccccc2)CC1,CCN(C(=O)Cc1ccc([N+](=O)[O-])cc1)C1CCN(CCC(c2ccccc2)c2ccccc2)CC1,O=C(Cc1ccccc1)NC1CCN(CCC(c2ccccc2)c2ccccc2)CC1,CHEMBL360106,4.1,Lipophilicity,1,train
CN(C(=O)Cc1ccc(C#N)cc1)C1CCN(CCC(c2ccccc2)c2ccccc2)CC1,CN(C(=O)Cc1ccc(C#N)cc1)C1CCN(CCC(c2ccccc2)c2ccccc2)CC1,O=C(Cc1ccccc1)NC1CCN(CCC(c2ccccc2)c2ccccc2)CC1,CHEMBL180656,3.7,Lipophilicity,1,train
CN(C(=O)Cc1ccc(Cl)cc1)C1CCN(CCC(c2ccccc2)c2ccccc2)CC1,CN(C(=O)Cc1ccc(Cl)cc1)C1CCN(CCC(c2ccccc2)c2ccccc2)CC1,O=C(Cc1ccccc1)NC1CCN(CCC(c2ccccc2)c2ccccc2)CC1,CHEMBL183293,3.5,Lipophilicity,1,train
CN(C(=O)Cc1ccc(O)cc1)C1CCN(CCC(c2ccccc2)c2ccccc2)CC1,CN(C(=O)Cc1ccc(O)cc1)C1CCN(CCC(c2ccccc2)c2ccccc2)CC1,O=C(Cc1ccccc1)NC1CCN(CCC(c2ccccc2)c2ccccc2)CC1,CHEMBL183709,3.3,Lipophilicity,1,train
CN(C(=O)Cc1ccc(S(=O)(=O)N(C)C)cc1)C1CCN(CCC(c2ccccc2)c2ccccc2)CC1,CN(C(=O)Cc1ccc(S(=O)(=O)N(C)C)cc1)C1CCN(CCC(c2ccccc2)c2ccccc2)CC1,O=C(Cc1ccccc1)NC1CCN(CCC(c2ccccc2)c2ccccc2)CC1,CHEMBL179858,3.5,Lipophilicity,1,train
CN(C(=O)Cc1ccc(S(N)(=O)=O)cc1)C1CCN(CCC(c2ccccc2)c2ccccc2)CC1,CN(C(=O)Cc1ccc(S(N)(=O)=O)cc1)C1CCN(CCC(c2ccccc2)c2ccccc2)CC1,O=C(Cc1ccccc1)NC1CCN(CCC(c2ccccc2)c2ccccc2)CC1,CHEMBL181913,2.3,Lipophilicity,1,train
COC(=O)c1ccc(CC(=O)N(C)C2CCN(CCC(c3ccccc3)c3ccccc3)CC2)cc1,COC(=O)c1ccc(CC(=O)N(C)C2CCN(CCC(c3ccccc3)c3ccccc3)CC2)cc1,O=C(Cc1ccccc1)NC1CCN(CCC(c2ccccc2)c2ccccc2)CC1,CHEMBL182731,4.0,Lipophilicity,1,train
COc1ccc(CC(=O)N(C)C2CCN(CCC(c3ccccc3)c3ccccc3)CC2)cc1OC,COc1ccc(CC(=O)N(C)C2CCN(CCC(c3ccccc3)c3ccccc3)CC2)cc1OC,O=C(Cc1ccccc1)NC1CCN(CCC(c2ccccc2)c2ccccc2)CC1,CHEMBL182682,3.4,Lipophilicity,1,train
CCCS(=O)(=O)c1ccc(Nc2nccc(-c3cnc(C)n3C(C)C)n2)cc1,CCCS(=O)(=O)c1ccc(Nc2nccc(-c3cnc(C)n3C(C)C)n2)cc1,c1ccc(Nc2nccc(-c3cnc[nH]3)n2)cc1,CHEMBL485240,3.37,Lipophilicity,1,train
CCn1c(-c2ccnc(Nc3ccc(C(=O)NC)cc3)n2)cnc1C,CCn1c(-c2ccnc(Nc3ccc(C(=O)NC)cc3)n2)cnc1C,c1ccc(Nc2nccc(-c3cnc[nH]3)n2)cc1,CHEMBL519422,2.53,Lipophilicity,1,train
CCn1c(-c2ccnc(Nc3ccc(S(=O)(=O)NCCOC)cc3)n2)cnc1C,CCn1c(-c2ccnc(Nc3ccc(S(=O)(=O)NCCOC)cc3)n2)cnc1C,c1ccc(Nc2nccc(-c3cnc[nH]3)n2)cc1,CHEMBL485618,2.44,Lipophilicity,1,train
CNC(=O)c1ccc(Nc2ncc(F)c(-c3cnc(C)n3C(C)C)n2)cc1,CNC(=O)c1ccc(Nc2ncc(F)c(-c3cnc(C)n3C(C)C)n2)cc1,c1ccc(Nc2nccc(-c3cnc[nH]3)n2)cc1,CHEMBL453655,3.0,Lipophilicity,1,train
CNC(=O)c1ccc(Nc2ncc(F)c(-c3cnc(C)n3C(C)C)n2)cc1F,CNC(=O)c1ccc(Nc2ncc(F)c(-c3cnc(C)n3C(C)C)n2)cc1F,c1ccc(Nc2nccc(-c3cnc[nH]3)n2)cc1,CHEMBL455651,3.31,Lipophilicity,1,train
CNC(=O)c1ccc(Nc2nccc(-c3cnc(C)n3C(C)C)n2)cc1,CNC(=O)c1ccc(Nc2nccc(-c3cnc(C)n3C(C)C)n2)cc1,c1ccc(Nc2nccc(-c3cnc[nH]3)n2)cc1,CHEMBL508129,2.69,Lipophilicity,1,train
CNC(=O)c1ccc(Nc2nccc(-c3cnc(C)n3C(C)C)n2)cc1F,CNC(=O)c1ccc(Nc2nccc(-c3cnc(C)n3C(C)C)n2)cc1F,c1ccc(Nc2nccc(-c3cnc[nH]3)n2)cc1,CHEMBL455428,2.95,Lipophilicity,1,train
COCCS(=O)(=O)c1ccc(Nc2nccc(-c3cnc(C)n3C(C)C)n2)cc1,COCCS(=O)(=O)c1ccc(Nc2nccc(-c3cnc(C)n3C(C)C)n2)cc1,c1ccc(Nc2nccc(-c3cnc[nH]3)n2)cc1,CHEMBL515854,2.56,Lipophilicity,1,train
COc1ccc(Nc2nccc(-c3cnc(C)n3C(C)C)n2)cc1,COc1ccc(Nc2nccc(-c3cnc(C)n3C(C)C)n2)cc1,c1ccc(Nc2nccc(-c3cnc[nH]3)n2)cc1,CHEMBL478828,3.43,Lipophilicity,1,train
Cc1cc(Nc2ncc(F)c(-c3cnc(C)n3C(C)C)n2)ccc1C(=O)N(C)C,Cc1cc(Nc2ncc(F)c(-c3cnc(C)n3C(C)C)n2)ccc1C(=O)N(C)C,c1ccc(Nc2nccc(-c3cnc[nH]3)n2)cc1,CHEMBL508739,2.86,Lipophilicity,1,train
Cc1ncc(-c2ccnc(Nc3ccc(C#N)cc3)n2)n1C(C)C,Cc1ncc(-c2ccnc(Nc3ccc(C#N)cc3)n2)n1C(C)C,c1ccc(Nc2nccc(-c3cnc[nH]3)n2)cc1,CHEMBL444194,3.62,Lipophilicity,1,train
Cc1ncc(-c2ccnc(Nc3ccc(C(=O)N(C)C)c(F)c3)n2)n1C(C)C,Cc1ncc(-c2ccnc(Nc3ccc(C(=O)N(C)C)c(F)c3)n2)n1C(C)C,c1ccc(Nc2nccc(-c3cnc[nH]3)n2)cc1,CHEMBL510436,2.74,Lipophilicity,1,train
Cc1ncc(-c2ccnc(Nc3ccc(C(=O)N(C)C)cc3)n2)n1C(C)C,Cc1ncc(-c2ccnc(Nc3ccc(C(=O)N(C)C)cc3)n2)n1C(C)C,c1ccc(Nc2nccc(-c3cnc[nH]3)n2)cc1,CHEMBL488085,2.45,Lipophilicity,1,train
Cc1ncc(-c2ccnc(Nc3ccc(C(=O)NCCN(C)C)c(F)c3)n2)n1C(C)C,Cc1ncc(-c2ccnc(Nc3ccc(C(=O)NCCN(C)C)c(F)c3)n2)n1C(C)C,c1ccc(Nc2nccc(-c3cnc[nH]3)n2)cc1,CHEMBL453629,1.96,Lipophilicity,1,train
Cc1ncc(-c2ccnc(Nc3ccc(C(=O)NCCO)cc3)n2)n1C(C)C,Cc1ncc(-c2ccnc(Nc3ccc(C(=O)NCCO)cc3)n2)n1C(C)C,c1ccc(Nc2nccc(-c3cnc[nH]3)n2)cc1,CHEMBL487067,2.09,Lipophilicity,1,train
Cc1ncc(-c2ccnc(Nc3ccc(C(N)=O)c(F)c3)n2)n1C(C)C,Cc1ncc(-c2ccnc(Nc3ccc(C(N)=O)c(F)c3)n2)n1C(C)C,c1ccc(Nc2nccc(-c3cnc[nH]3)n2)cc1,CHEMBL455427,2.8,Lipophilicity,1,train
Cc1ncc(-c2ccnc(Nc3ccc(C(N)=O)cc3)n2)n1C(C)C,Cc1ncc(-c2ccnc(Nc3ccc(C(N)=O)cc3)n2)n1C(C)C,c1ccc(Nc2nccc(-c3cnc[nH]3)n2)cc1,CHEMBL488084,2.39,Lipophilicity,1,train
Cc1ncc(-c2ccnc(Nc3ccc(F)cc3)n2)n1C(C)C,Cc1ncc(-c2ccnc(Nc3ccc(F)cc3)n2)n1C(C)C,c1ccc(Nc2nccc(-c3cnc[nH]3)n2)cc1,CHEMBL478407,3.62,Lipophilicity,1,train
Cc1ncc(-c2ccnc(Nc3ccc(N(C)C)cc3)n2)n1C(C)C,Cc1ncc(-c2ccnc(Nc3ccc(N(C)C)cc3)n2)n1C(C)C,c1ccc(Nc2nccc(-c3cnc[nH]3)n2)cc1,CHEMBL476518,3.51,Lipophilicity,1,train
Cc1ncc(-c2ccnc(Nc3ccc(S(=O)(=O)CCCN(C)C)cc3)n2)n1C(C)C,Cc1ncc(-c2ccnc(Nc3ccc(S(=O)(=O)CCCN(C)C)cc3)n2)n1C(C)C,c1ccc(Nc2nccc(-c3cnc[nH]3)n2)cc1,CHEMBL457887,1.32,Lipophilicity,1,train
Cc1ncc(-c2ccnc(Nc3ccc(S(N)(=O)=O)cc3)n2)n1C,Cc1ncc(-c2ccnc(Nc3ccc(S(N)(=O)=O)cc3)n2)n1C,c1ccc(Nc2nccc(-c3cnc[nH]3)n2)cc1,CHEMBL484738,1.6,Lipophilicity,1,train
Cc1ncc(-c2ccnc(Nc3ccccc3)n2)n1C(C)C,Cc1ncc(-c2ccnc(Nc3ccccc3)n2)n1C(C)C,c1ccc(Nc2nccc(-c3cnc[nH]3)n2)cc1,CHEMBL1164652,3.58,Lipophilicity,1,train
Cc1ncc(-c2nc(Nc3ccc(C(=O)N(C)C)c(F)c3)ncc2F)n1C(C)C,Cc1ncc(-c2nc(Nc3ccc(C(=O)N(C)C)c(F)c3)ncc2F)n1C(C)C,c1ccc(Nc2nccc(-c3cnc[nH]3)n2)cc1,CHEMBL454648,3.14,Lipophilicity,1,train
Cc1ncc(-c2nc(Nc3ccc(C(=O)N(C)C)cc3)ncc2F)n1C(C)C,Cc1ncc(-c2nc(Nc3ccc(C(=O)N(C)C)cc3)ncc2F)n1C(C)C,c1ccc(Nc2nccc(-c3cnc[nH]3)n2)cc1,CHEMBL453862,2.77,Lipophilicity,1,train
Cc1ncc(-c2nc(Nc3ccc(C(=O)NCCN(C)C)c(F)c3)ncc2F)n1C(C)C,Cc1ncc(-c2nc(Nc3ccc(C(=O)NCCN(C)C)c(F)c3)ncc2F)n1C(C)C,c1ccc(Nc2nccc(-c3cnc[nH]3)n2)cc1,CHEMBL462385,2.26,Lipophilicity,1,train
Cc1ncc(-c2nc(Nc3ccc(C(N)=O)c(F)c3)ncc2F)n1C(C)C,Cc1ncc(-c2nc(Nc3ccc(C(N)=O)c(F)c3)ncc2F)n1C(C)C,c1ccc(Nc2nccc(-c3cnc[nH]3)n2)cc1,CHEMBL455429,3.14,Lipophilicity,1,train
Cc1ncc(-c2nc(Nc3ccc(C(N)=O)cc3)ncc2F)n1C(C)C,Cc1ncc(-c2nc(Nc3ccc(C(N)=O)cc3)ncc2F)n1C(C)C,c1ccc(Nc2nccc(-c3cnc[nH]3)n2)cc1,CHEMBL509881,2.7,Lipophilicity,1,train
CC(=O)N1CCN(c2ccc(Nc3nccc(-c4cnc5ccccn45)n3)cc2)CC1,CC(=O)N1CCN(c2ccc(Nc3nccc(-c4cnc5ccccn45)n3)cc2)CC1,c1ccn2c(-c3ccnc(Nc4ccc(N5CCNCC5)cc4)n3)cnc2c1,CHEMBL1809191,2.82,Lipophilicity,1,train
COc1cc(N2CCN(C(C)=O)CC2)ccc1Nc1ncc(Br)c(-c2cnc3ccccn23)n1,COc1cc(N2CCN(C(C)=O)CC2)ccc1Nc1ncc(Br)c(-c2cnc3ccccn23)n1,c1ccn2c(-c3ccnc(Nc4ccc(N5CCNCC5)cc4)n3)cnc2c1,CHEMBL1809194,3.7,Lipophilicity,1,train
COc1cc(N2CCN(C(C)=O)CC2)ccc1Nc1ncc(C#N)c(-c2cnc3ccccn23)n1,COc1cc(N2CCN(C(C)=O)CC2)ccc1Nc1ncc(C#N)c(-c2cnc3ccccn23)n1,c1ccn2c(-c3ccnc(Nc4ccc(N5CCNCC5)cc4)n3)cnc2c1,CHEMBL1806525,2.8,Lipophilicity,1,train
COc1cc(N2CCN(C(C)=O)CC2)ccc1Nc1ncc(C(F)(F)F)c(-c2cnc3ccccn23)n1,COc1cc(N2CCN(C(C)=O)CC2)ccc1Nc1ncc(C(F)(F)F)c(-c2cnc3ccccn23)n1,c1ccn2c(-c3ccnc(Nc4ccc(N5CCNCC5)cc4)n3)cnc2c1,CHEMBL1809196,3.7,Lipophilicity,1,train
COc1cc(N2CCN(C(C)=O)CC2)ccc1Nc1ncc(C)c(-c2cnc3ccccn23)n1,COc1cc(N2CCN(C(C)=O)CC2)ccc1Nc1ncc(C)c(-c2cnc3ccccn23)n1,c1ccn2c(-c3ccnc(Nc4ccc(N5CCNCC5)cc4)n3)cnc2c1,CHEMBL1809195,2.9,Lipophilicity,1,train
COc1cc(N2CCN(C(C)=O)CC2)ccc1Nc1ncc(Cl)c(-c2cnc3c(C)cccn23)n1,COc1cc(N2CCN(C(C)=O)CC2)ccc1Nc1ncc(Cl)c(-c2cnc3c(C)cccn23)n1,c1ccn2c(-c3ccnc(Nc4ccc(N5CCNCC5)cc4)n3)cnc2c1,CHEMBL1809199,3.2,Lipophilicity,1,train
COc1cc(N2CCN(C(C)=O)CC2)ccc1Nc1ncc(Cl)c(-c2cnc3c(CO)cccn23)n1,COc1cc(N2CCN(C(C)=O)CC2)ccc1Nc1ncc(Cl)c(-c2cnc3c(CO)cccn23)n1,c1ccn2c(-c3ccnc(Nc4ccc(N5CCNCC5)cc4)n3)cnc2c1,CHEMBL1809202,3.1,Lipophilicity,1,train
COc1cc(N2CCN(C(C)=O)CC2)ccc1Nc1ncc(Cl)c(-c2cnc3c(F)cc(F)cn23)n1,COc1cc(N2CCN(C(C)=O)CC2)ccc1Nc1ncc(Cl)c(-c2cnc3c(F)cc(F)cn23)n1,c1ccn2c(-c3ccnc(Nc4ccc(N5CCNCC5)cc4)n3)cnc2c1,CHEMBL1809229,3.2,Lipophilicity,1,train
COc1cc(N2CCN(C(C)=O)CC2)ccc1Nc1ncc(Cl)c(-c2cnc3c(F)cccn23)n1,COc1cc(N2CCN(C(C)=O)CC2)ccc1Nc1ncc(Cl)c(-c2cnc3c(F)cccn23)n1,c1ccn2c(-c3ccnc(Nc4ccc(N5CCNCC5)cc4)n3)cnc2c1,CHEMBL1809198,3.5,Lipophilicity,1,train
COc1cc(N2CCN(C(C)=O)CC2)ccc1Nc1ncc(Cl)c(-c2cnc3c(N)cccn23)n1,COc1cc(N2CCN(C(C)=O)CC2)ccc1Nc1ncc(Cl)c(-c2cnc3c(N)cccn23)n1,c1ccn2c(-c3ccnc(Nc4ccc(N5CCNCC5)cc4)n3)cnc2c1,CHEMBL1809201,3.4,Lipophilicity,1,train
COc1cc(N2CCN(C(C)=O)CC2)ccc1Nc1ncc(Cl)c(-c2cnc3c(OC)cccn23)n1,COc1cc(N2CCN(C(C)=O)CC2)ccc1Nc1ncc(Cl)c(-c2cnc3c(OC)cccn23)n1,c1ccn2c(-c3ccnc(Nc4ccc(N5CCNCC5)cc4)n3)cnc2c1,CHEMBL1809200,3.5,Lipophilicity,1,train
COc1cc(N2CCN(C(C)=O)CC2)ccc1Nc1ncc(Cl)c(-c2cnc3cc(C#N)ccn23)n1,COc1cc(N2CCN(C(C)=O)CC2)ccc1Nc1ncc(Cl)c(-c2cnc3cc(C#N)ccn23)n1,c1ccn2c(-c3ccnc(Nc4ccc(N5CCNCC5)cc4)n3)cnc2c1,CHEMBL1809221,2.3,Lipophilicity,1,train
COc1cc(N2CCN(C(C)=O)CC2)ccc1Nc1ncc(Cl)c(-c2cnc3cc(C)ccn23)n1,COc1cc(N2CCN(C(C)=O)CC2)ccc1Nc1ncc(Cl)c(-c2cnc3cc(C)ccn23)n1,c1ccn2c(-c3ccnc(Nc4ccc(N5CCNCC5)cc4)n3)cnc2c1,CHEMBL1809205,3.3,Lipophilicity,1,train
COc1cc(N2CCN(C(C)=O)CC2)ccc1Nc1ncc(Cl)c(-c2cnc3cc(CO)ccn23)n1,COc1cc(N2CCN(C(C)=O)CC2)ccc1Nc1ncc(Cl)c(-c2cnc3cc(CO)ccn23)n1,c1ccn2c(-c3ccnc(Nc4ccc(N5CCNCC5)cc4)n3)cnc2c1,CHEMBL1809207,3.1,Lipophilicity,1,train
COc1cc(N2CCN(C(C)=O)CC2)ccc1Nc1ncc(Cl)c(-c2cnc3cc(Cl)ccn23)n1,COc1cc(N2CCN(C(C)=O)CC2)ccc1Nc1ncc(Cl)c(-c2cnc3cc(Cl)ccn23)n1,c1ccn2c(-c3ccnc(Nc4ccc(N5CCNCC5)cc4)n3)cnc2c1,CHEMBL1809222,4.2,Lipophilicity,1,train
COc1cc(N2CCN(C(C)=O)CC2)ccc1Nc1ncc(Cl)c(-c2cnc3cc(F)ccn23)n1,COc1cc(N2CCN(C(C)=O)CC2)ccc1Nc1ncc(Cl)c(-c2cnc3cc(F)ccn23)n1,c1ccn2c(-c3ccnc(Nc4ccc(N5CCNCC5)cc4)n3)cnc2c1,CHEMBL1809204,3.7,Lipophilicity,1,train
COc1cc(N2CCN(C(C)=O)CC2)ccc1Nc1ncc(Cl)c(-c2cnc3ccc(N(C)C)cn23)n1,COc1cc(N2CCN(C(C)=O)CC2)ccc1Nc1ncc(Cl)c(-c2cnc3ccc(N(C)C)cn23)n1,c1ccn2c(-c3ccnc(Nc4ccc(N5CCNCC5)cc4)n3)cnc2c1,CHEMBL1809228,4.1,Lipophilicity,1,train
COc1cc(N2CCN(C(C)=O)CC2)ccc1Nc1ncc(Cl)c(-c2cnc3ccccn23)n1,COc1cc(N2CCN(C(C)=O)CC2)ccc1Nc1ncc(Cl)c(-c2cnc3ccccn23)n1,c1ccn2c(-c3ccnc(Nc4ccc(N5CCNCC5)cc4)n3)cnc2c1,CHEMBL1809044,3.65,Lipophilicity,1,train
COc1cc(N2CCN(C(C)=O)CC2)ccc1Nc1ncc(OC)c(-c2cnc3ccccn23)n1,COc1cc(N2CCN(C(C)=O)CC2)ccc1Nc1ncc(OC)c(-c2cnc3ccccn23)n1,c1ccn2c(-c3ccnc(Nc4ccc(N5CCNCC5)cc4)n3)cnc2c1,CHEMBL1809197,3.2,Lipophilicity,1,train
COc1cc(N2CCN(C(C)=O)CC2)ccc1Nc1nccc(-c2cnc3ccccn23)n1,COc1cc(N2CCN(C(C)=O)CC2)ccc1Nc1nccc(-c2cnc3ccccn23)n1,c1ccn2c(-c3ccnc(Nc4ccc(N5CCNCC5)cc4)n3)cnc2c1,CHEMBL1809192,3.0,Lipophilicity,1,train
COc1cc(N2CCN(C(N)=O)CC2)ccc1Nc1ncc(Cl)c(-c2cnc3ccccn23)n1,COc1cc(N2CCN(C(N)=O)CC2)ccc1Nc1ncc(Cl)c(-c2cnc3ccccn23)n1,c1ccn2c(-c3ccnc(Nc4ccc(N5CCNCC5)cc4)n3)cnc2c1,CHEMBL1809067,3.3,Lipophilicity,1,train
COc1cc(N2CCN(CCO)CC2)ccc1Nc1ncc(Cl)c(-c2cnc3ccccn23)n1,COc1cc(N2CCN(CCO)CC2)ccc1Nc1ncc(Cl)c(-c2cnc3ccccn23)n1,c1ccn2c(-c3ccnc(Nc4ccc(N5CCNCC5)cc4)n3)cnc2c1,CHEMBL1809062,3.2,Lipophilicity,1,train
COc1cc(N2CCN(CCS(C)(=O)=O)CC2)ccc1Nc1ncc(Cl)c(-c2cnc3ccccn23)n1,COc1cc(N2CCN(CCS(C)(=O)=O)CC2)ccc1Nc1ncc(Cl)c(-c2cnc3ccccn23)n1,c1ccn2c(-c3ccnc(Nc4ccc(N5CCNCC5)cc4)n3)cnc2c1,CHEMBL1809064,3.1,Lipophilicity,1,train
COc1cc(N2CCNCC2)ccc1Nc1ncc(Cl)c(-c2cnc3ccccn23)n1,COc1cc(N2CCNCC2)ccc1Nc1ncc(Cl)c(-c2cnc3ccccn23)n1,c1ccn2c(-c3ccnc(Nc4ccc(N5CCNCC5)cc4)n3)cnc2c1,CHEMBL1809061,2.4,Lipophilicity,1,train
COc1ccccc1C[C@@H](C(=O)O)N1CCC(CN2CCC(Oc3ccc(Cl)c(Cl)c3)CC2)CC1,COc1ccccc1CC(C(=O)O)N1CCC(CN2CCC(Oc3ccc(Cl)c(Cl)c3)CC2)CC1,c1ccc(CCN2CCC(CN3CCC(Oc4ccccc4)CC3)CC2)cc1,CHEMBL2158775,2.77,Lipophilicity,1,train
Cc1c(Cl)ccc(OC2CCN(CC3CCN([C@@H](Cc4ccc(F)cc4)C(=O)O)CC3)CC2)c1Cl,Cc1c(Cl)ccc(OC2CCN(CC3CCN(C(Cc4ccc(F)cc4)C(=O)O)CC3)CC2)c1Cl,c1ccc(CCN2CCC(CN3CCC(Oc4ccccc4)CC3)CC2)cc1,CHEMBL2158783,3.15,Lipophilicity,1,train
Cc1c(OC2CCN(CC3CCN([C@@](C)(Cc4ccc(F)cc4)C(=O)O)CC3)CC2)ccc(Cl)c1Cl,Cc1c(OC2CCN(CC3CCN(C(C)(Cc4ccc(F)cc4)C(=O)O)CC3)CC2)ccc(Cl)c1Cl,c1ccc(CCN2CCC(CN3CCC(Oc4ccccc4)CC3)CC2)cc1,CHEMBL2158790,2.98,Lipophilicity,1,train
Cc1c(OC2CCN(CC3CCN([C@@H](Cc4ccc(F)cc4)C(=O)O)CC3)CC2)ccc(C#N)c1Cl,Cc1c(OC2CCN(CC3CCN(C(Cc4ccc(F)cc4)C(=O)O)CC3)CC2)ccc(C#N)c1Cl,c1ccc(CCN2CCC(CN3CCC(Oc4ccccc4)CC3)CC2)cc1,CHEMBL2158785,2.19,Lipophilicity,1,train
Cc1cc(Cl)ccc1OC1CCN(CC2CCN([C@@H](Cc3ccc(F)cc3)C(=O)O)CC2)CC1,Cc1cc(Cl)ccc1OC1CCN(CC2CCN(C(Cc3ccc(F)cc3)C(=O)O)CC2)CC1,c1ccc(CCN2CCC(CN3CCC(Oc4ccccc4)CC3)CC2)cc1,CHEMBL2158780,2.53,Lipophilicity,1,train
Cc1cc(F)ccc1OC1CCN(CC2CCN([C@@](C)(Cc3ccc(F)cc3)C(=O)O)CC2)CC1,Cc1cc(F)ccc1OC1CCN(CC2CCN(C(C)(Cc3ccc(F)cc3)C(=O)O)CC2)CC1,c1ccc(CCN2CCC(CN3CCC(Oc4ccccc4)CC3)CC2)cc1,CHEMBL2158793,2.0,Lipophilicity,1,train
Cc1cc(F)ccc1OC1CCN(CC2CCN([C@@H](Cc3ccc(F)cc3)C(=O)O)CC2)CC1,Cc1cc(F)ccc1OC1CCN(CC2CCN(C(Cc3ccc(F)cc3)C(=O)O)CC2)CC1,c1ccc(CCN2CCC(CN3CCC(Oc4ccccc4)CC3)CC2)cc1,CHEMBL2158781,1.81,Lipophilicity,1,train
Cc1cc(OC2CCN(CC3CCN([C@@](C)(Cc4ccc(F)cc4)C(=O)O)CC3)CC2)ccc1Cl,Cc1cc(OC2CCN(CC3CCN(C(C)(Cc4ccc(F)cc4)C(=O)O)CC3)CC2)ccc1Cl,c1ccc(CCN2CCC(CN3CCC(Oc4ccccc4)CC3)CC2)cc1,CHEMBL2158792,2.08,Lipophilicity,1,train
Cc1cc(OC2CCN(CC3CCN([C@@H](Cc4ccc(F)cc4)C(=O)O)CC3)CC2)ccc1Cl,Cc1cc(OC2CCN(CC3CCN(C(Cc4ccc(F)cc4)C(=O)O)CC3)CC2)ccc1Cl,c1ccc(CCN2CCC(CN3CCC(Oc4ccccc4)CC3)CC2)cc1,CHEMBL2158782,2.54,Lipophilicity,1,train
Cc1ccc(C[C@@H](C(=O)O)N2CCC(CN3CCC(Oc4ccc(Cl)c(Cl)c4)CC3)CC2)cc1,Cc1ccc(CC(C(=O)O)N2CCC(CN3CCC(Oc4ccc(Cl)c(Cl)c4)CC3)CC2)cc1,c1ccc(CCN2CCC(CN3CCC(Oc4ccccc4)CC3)CC2)cc1,CHEMBL2158774,3.01,Lipophilicity,1,train
Cc1cccc(C[C@@H](C(=O)O)N2CCC(CN3CCC(Oc4ccc(Cl)c(Cl)c4)CC3)CC2)c1,Cc1cccc(CC(C(=O)O)N2CCC(CN3CCC(Oc4ccc(Cl)c(Cl)c4)CC3)CC2)c1,c1ccc(CCN2CCC(CN3CCC(Oc4ccccc4)CC3)CC2)cc1,CHEMBL2158773,2.84,Lipophilicity,1,train
Cc1ccccc1C[C@@H](C(=O)O)N1CCC(CN2CCC(Oc3ccc(Cl)c(Cl)c3)CC2)CC1,Cc1ccccc1CC(C(=O)O)N1CCC(CN2CCC(Oc3ccc(Cl)c(Cl)c3)CC2)CC1,c1ccc(CCN2CCC(CN3CCC(Oc4ccccc4)CC3)CC2)cc1,CHEMBL2158772,2.54,Lipophilicity,1,train
N#Cc1ccc(C[C@@H](C(=O)O)N2CCC(CN3CCC(Oc4ccc(Cl)c(Cl)c4)CC3)CC2)cc1,N#Cc1ccc(CC(C(=O)O)N2CCC(CN3CCC(Oc4ccc(Cl)c(Cl)c4)CC3)CC2)cc1,c1ccc(CCN2CCC(CN3CCC(Oc4ccccc4)CC3)CC2)cc1,CHEMBL2158771,2.17,Lipophilicity,1,train
N#Cc1cccc(C[C@@H](C(=O)O)N2CCC(CN3CCC(Oc4ccc(Cl)c(Cl)c4)CC3)CC2)c1,N#Cc1cccc(CC(C(=O)O)N2CCC(CN3CCC(Oc4ccc(Cl)c(Cl)c4)CC3)CC2)c1,c1ccc(CCN2CCC(CN3CCC(Oc4ccccc4)CC3)CC2)cc1,CHEMBL2158770,2.26,Lipophilicity,1,train
N#Cc1ccccc1C[C@@H](C(=O)O)N1CCC(CN2CCC(Oc3ccc(Cl)c(Cl)c3)CC2)CC1,N#Cc1ccccc1CC(C(=O)O)N1CCC(CN2CCC(Oc3ccc(Cl)c(Cl)c3)CC2)CC1,c1ccc(CCN2CCC(CN3CCC(Oc4ccccc4)CC3)CC2)cc1,CHEMBL2158769,2.12,Lipophilicity,1,train
O=C(O)[C@H](Cc1ccc(Cl)cc1)N1CCC(CN2CCC(Oc3ccc(Cl)c(Cl)c3)CC2)CC1,O=C(O)C(Cc1ccc(Cl)cc1)N1CCC(CN2CCC(Oc3ccc(Cl)c(Cl)c3)CC2)CC1,c1ccc(CCN2CCC(CN3CCC(Oc4ccccc4)CC3)CC2)cc1,CHEMBL2158838,2.86,Lipophilicity,1,train
O=C(O)[C@H](Cc1ccc(F)cc1)N1CCC(CN2CCC(Oc3ccc(Cl)c(Cl)c3)CC2)CC1,O=C(O)C(Cc1ccc(F)cc1)N1CCC(CN2CCC(Oc3ccc(Cl)c(Cl)c3)CC2)CC1,c1ccc(CCN2CCC(CN3CCC(Oc4ccccc4)CC3)CC2)cc1,CHEMBL2158841,2.98,Lipophilicity,1,train
O=C(O)[C@H](Cc1ccc(F)cc1)N1CCC(CN2CCC(Oc3ccc(Cl)cc3)CC2)CC1,O=C(O)C(Cc1ccc(F)cc1)N1CCC(CN2CCC(Oc3ccc(Cl)cc3)CC2)CC1,c1ccc(CCN2CCC(CN3CCC(Oc4ccccc4)CC3)CC2)cc1,CHEMBL2158778,1.9,Lipophilicity,1,train
O=C(O)[C@H](Cc1ccc(F)cc1)N1CCC(CN2CCC(Oc3ccc(Cl)cc3Cl)CC2)CC1,O=C(O)C(Cc1ccc(F)cc1)N1CCC(CN2CCC(Oc3ccc(Cl)cc3Cl)CC2)CC1,c1ccc(CCN2CCC(CN3CCC(Oc4ccccc4)CC3)CC2)cc1,CHEMBL2158779,2.6,Lipophilicity,1,train
O=C(O)[C@H](Cc1cccc(F)c1)N1CCC(CN2CCC(Oc3ccc(Cl)c(Cl)c3)CC2)CC1,O=C(O)C(Cc1cccc(F)c1)N1CCC(CN2CCC(Oc3ccc(Cl)c(Cl)c3)CC2)CC1,c1ccc(CCN2CCC(CN3CCC(Oc4ccccc4)CC3)CC2)cc1,CHEMBL2158840,2.68,Lipophilicity,1,train
O=C(O)[C@H](Cc1ccccc1)N1CCC(CN2CCC(Oc3ccc(CO)c(Cl)c3)CC2)CC1,O=C(O)C(Cc1ccccc1)N1CCC(CN2CCC(Oc3ccc(CO)c(Cl)c3)CC2)CC1,c1ccc(CCN2CCC(CN3CCC(Oc4ccccc4)CC3)CC2)cc1,CHEMBL272842,0.8,Lipophilicity,1,train
O=C(O)[C@@H](Cc1ccccc1)N1CCC(CN2CCC(Oc3ccc(Cl)c(Cl)c3)CC2)CC1,O=C(O)C(Cc1ccccc1)N1CCC(CN2CCC(Oc3ccc(Cl)c(Cl)c3)CC2)CC1,c1ccc(CCN2CCC(CN3CCC(Oc4ccccc4)CC3)CC2)cc1,CHEMBL2158836,2.5,Lipophilicity,2,train
O=C(O)[C@H](Cc1ccccc1F)N1CCC(CN2CCC(Oc3ccc(Cl)c(Cl)c3)CC2)CC1,O=C(O)C(Cc1ccccc1F)N1CCC(CN2CCC(Oc3ccc(Cl)c(Cl)c3)CC2)CC1,c1ccc(CCN2CCC(CN3CCC(Oc4ccccc4)CC3)CC2)cc1,CHEMBL2158839,2.58,Lipophilicity,1,train
CCN(CC)Cc1cc(Nc2ccnc3cc(Cl)ccc23)ccc1O,CCN(CC)Cc1cc(Nc2ccnc3cc(Cl)ccc23)ccc1O,c1ccc(Nc2ccnc3ccccc23)cc1,CHEMBL682,2.9,Lipophilicity,1,train
COCCOc1cc2nccc(Nc3cc(O)c(Cl)cc3F)c2cc1OC,COCCOc1cc2nccc(Nc3cc(O)c(Cl)cc3F)c2cc1OC,c1ccc(Nc2ccnc3ccccc23)cc1,CHEMBL433936,2.64,Lipophilicity,1,train
COc1cc(Nc2c(C#N)cnc3cc(OC)c(OC)cc23)cc(OC)c1,COc1cc(Nc2c(C#N)cnc3cc(OC)c(OC)cc23)cc(OC)c1,c1ccc(Nc2ccnc3ccccc23)cc1,CHEMBL84803,3.5,Lipophilicity,1,train
COc1cc2c(Nc3ccc(F)c(Cl)c3)c(C(N)=O)cnc2cc1OCCN(C)CCO,COc1cc2c(Nc3ccc(F)c(Cl)c3)c(C(N)=O)cnc2cc1OCCN(C)CCO,c1ccc(Nc2ccnc3ccccc23)cc1,CHEMBL481230,3.2,Lipophilicity,1,train
COc1cc2c(Nc3ccc(F)cc3F)c(C(N)=O)cnc2cc1NCCN(C)C,COc1cc2c(Nc3ccc(F)cc3F)c(C(N)=O)cnc2cc1NCCN(C)C,c1ccc(Nc2ccnc3ccccc23)cc1,CHEMBL479447,1.71,Lipophilicity,1,train
COc1cc2c(Nc3cccc(Cl)c3Cl)c(C(N)=O)cnc2cc1NCCN(C)C,COc1cc2c(Nc3cccc(Cl)c3Cl)c(C(N)=O)cnc2cc1NCCN(C)C,c1ccc(Nc2ccnc3ccccc23)cc1,CHEMBL521262,3.41,Lipophilicity,1,train
COc1cc2ncc(C(N)=O)c(Nc3cc(C)ccc3F)c2cc1OC,COc1cc2ncc(C(N)=O)c(Nc3cc(C)ccc3F)c2cc1OC,c1ccc(Nc2ccnc3ccccc23)cc1,CHEMBL521248,3.16,Lipophilicity,1,train
COc1cc2ncc(C(N)=O)c(Nc3cc(F)ccc3F)c2cc1OC,COc1cc2ncc(C(N)=O)c(Nc3cc(F)ccc3F)c2cc1OC,c1ccc(Nc2ccnc3ccccc23)cc1,CHEMBL480825,2.9,Lipophilicity,1,train
COc1cc2ncc(C(N)=O)c(Nc3ccc(C)cc3F)c2cc1OC,COc1cc2ncc(C(N)=O)c(Nc3ccc(C)cc3F)c2cc1OC,c1ccc(Nc2ccnc3ccccc23)cc1,CHEMBL516601,3.34,Lipophilicity,1,train
COc1cc2ncc(C(N)=O)c(Nc3ccc(F)c(Cl)c3)c2cc1OC,COc1cc2ncc(C(N)=O)c(Nc3ccc(F)c(Cl)c3)c2cc1OC,c1ccc(Nc2ccnc3ccccc23)cc1,CHEMBL482000,3.22,Lipophilicity,1,train
COc1cc2ncc(C(N)=O)c(Nc3ccc(F)cc3)c2cc1OC,COc1cc2ncc(C(N)=O)c(Nc3ccc(F)cc3)c2cc1OC,c1ccc(Nc2ccnc3ccccc23)cc1,CHEMBL520742,2.82,Lipophilicity,1,train
COc1cc2ncc(C(N)=O)c(Nc3ccc(F)cc3F)c2cc1NCCN(C)C,COc1cc2ncc(C(N)=O)c(Nc3ccc(F)cc3F)c2cc1NCCN(C)C,c1ccc(Nc2ccnc3ccccc23)cc1,CHEMBL479445,1.91,Lipophilicity,1,train
COc1cc2ncc(C(N)=O)c(Nc3ccc(F)cc3F)c2cc1OC,COc1cc2ncc(C(N)=O)c(Nc3ccc(F)cc3F)c2cc1OC,c1ccc(Nc2ccnc3ccccc23)cc1,CHEMBL479847,2.95,Lipophilicity,1,train
COc1cc2ncc(C(N)=O)c(Nc3cccc(Cl)c3)c2cc1OC,COc1cc2ncc(C(N)=O)c(Nc3cccc(Cl)c3)c2cc1OC,c1ccc(Nc2ccnc3ccccc23)cc1,CHEMBL517544,3.5,Lipophilicity,1,train
COc1cc2ncc(C(N)=O)c(Nc3cccc(Cl)c3Cl)c2cc1OC,COc1cc2ncc(C(N)=O)c(Nc3cccc(Cl)c3Cl)c2cc1OC,c1ccc(Nc2ccnc3ccccc23)cc1,CHEMBL519779,3.4,Lipophilicity,1,train
COc1cc2ncc(C(N)=O)c(Nc3cccc(Cl)c3F)c2cc1OC,COc1cc2ncc(C(N)=O)c(Nc3cccc(Cl)c3F)c2cc1OC,c1ccc(Nc2ccnc3ccccc23)cc1,CHEMBL520925,3.6,Lipophilicity,1,train
COc1cc2ncc(C(N)=O)c(Nc3cccc(F)c3F)c2cc1OC,COc1cc2ncc(C(N)=O)c(Nc3cccc(F)c3F)c2cc1OC,c1ccc(Nc2ccnc3ccccc23)cc1,CHEMBL482192,2.82,Lipophilicity,1,train
COc1cc2ncc(C(N)=O)c(Nc3ccccc3C)c2cc1OC,COc1cc2ncc(C(N)=O)c(Nc3ccccc3C)c2cc1OC,c1ccc(Nc2ccnc3ccccc23)cc1,CHEMBL480057,3.4,Lipophilicity,1,train
COc1cc2ncc(C(N)=O)c(Nc3ccccc3Cl)c2cc1OC,COc1cc2ncc(C(N)=O)c(Nc3ccccc3Cl)c2cc1OC,c1ccc(Nc2ccnc3ccccc23)cc1,CHEMBL450208,2.89,Lipophilicity,1,train
COc1cc2ncc(C(N)=O)c(Nc3ccccc3F)c2cc1OC,COc1cc2ncc(C(N)=O)c(Nc3ccccc3F)c2cc1OC,c1ccc(Nc2ccnc3ccccc23)cc1,CHEMBL442591,2.81,Lipophilicity,1,train
O=C(OCC(O)CO)c1ccccc1Nc1ccnc2cc(Cl)ccc12,O=C(OCC(O)CO)c1ccccc1Nc1ccnc2cc(Cl)ccc12,c1ccc(Nc2ccnc3ccccc23)cc1,CHEMBL146095,3.5,Lipophilicity,1,train
c1ccc(Nc2ccnc3ccccc23)cc1,c1ccc(Nc2ccnc3ccccc23)cc1,c1ccc(Nc2ccnc3ccccc23)cc1,CHEMBL1644358,2.78,Lipophilicity,1,train
CC(=O)Nc1ccc2c(c1)c(Sc1ccc(Cl)cc1)c(C)n2CC(=O)O,CC(=O)Nc1ccc2c(c1)c(Sc1ccc(Cl)cc1)c(C)n2CC(=O)O,c1ccc(Sc2c[nH]c3ccccc23)cc1,CHEMBL1917436,0.2,Lipophilicity,1,train
CCN(C(C)=O)c1cccc2c1c(Sc1ccc(Cl)cc1)c(C)n2CC(=O)O,CCN(C(C)=O)c1cccc2c1c(Sc1ccc(Cl)cc1)c(C)n2CC(=O)O,c1ccc(Sc2c[nH]c3ccccc23)cc1,CHEMBL1917434,1.61,Lipophilicity,1,train
CNC(=O)c1cccc2c1c(Sc1ccc(Cl)cc1)c(C)n2CC(=O)O,CNC(=O)c1cccc2c1c(Sc1ccc(Cl)cc1)c(C)n2CC(=O)O,c1ccc(Sc2c[nH]c3ccccc23)cc1,CHEMBL1917435,-0.89,Lipophilicity,1,train
COc1ccc(Sc2c(C)n(CC(=O)O)c3ccc(C)cc23)cc1,COc1ccc(Sc2c(C)n(CC(=O)O)c3ccc(C)cc23)cc1,c1ccc(Sc2c[nH]c3ccccc23)cc1,CHEMBL1917444,1.01,Lipophilicity,1,train
Cc1c(F)ccc2c1c(Sc1ccc(Cl)cc1)c(C)n2CC(=O)O,Cc1c(F)ccc2c1c(Sc1ccc(Cl)cc1)c(C)n2CC(=O)O,c1ccc(Sc2c[nH]c3ccccc23)cc1,CHEMBL1917427,2.23,Lipophilicity,1,train
Cc1c(Sc2ccc(Cl)cc2)c2c(C#N)c(Cl)ccc2n1CC(=O)O,Cc1c(Sc2ccc(Cl)cc2)c2c(C#N)c(Cl)ccc2n1CC(=O)O,c1ccc(Sc2c[nH]c3ccccc23)cc1,CHEMBL1917428,1.6,Lipophilicity,1,train
Cc1c(Sc2ccc(Cl)cc2)c2c(Cl)cccc2n1CC(=O)O,Cc1c(Sc2ccc(Cl)cc2)c2c(Cl)cccc2n1CC(=O)O,c1ccc(Sc2c[nH]c3ccccc23)cc1,CHEMBL1917425,2.15,Lipophilicity,1,train
Cc1c(Sc2ccc(Cl)cc2)c2c(NS(C)(=O)=O)cccc2n1CC(=O)O,Cc1c(Sc2ccc(Cl)cc2)c2c(NS(C)(=O)=O)cccc2n1CC(=O)O,c1ccc(Sc2c[nH]c3ccccc23)cc1,CHEMBL1917433,0.21,Lipophilicity,1,train
Cc1c(Sc2ccc(Cl)cc2)c2c(S(C)(=O)=O)cccc2n1CC(=O)O,Cc1c(Sc2ccc(Cl)cc2)c2c(S(C)(=O)=O)cccc2n1CC(=O)O,c1ccc(Sc2c[nH]c3ccccc23)cc1,CHEMBL1917432,0.58,Lipophilicity,1,train
Cc1c(Sc2ccc(Cl)cc2)c2cc(Cl)ccc2n1C(C)C(=O)O,Cc1c(Sc2ccc(Cl)cc2)c2cc(Cl)ccc2n1C(C)C(=O)O,c1ccc(Sc2c[nH]c3ccccc23)cc1,CHEMBL1917421,3.56,Lipophilicity,1,train
Cc1c(Sc2ccc(Cl)cc2)c2cc(Cl)ccc2n1CC(=O)O,Cc1c(Sc2ccc(Cl)cc2)c2cc(Cl)ccc2n1CC(=O)O,c1ccc(Sc2c[nH]c3ccccc23)cc1,CHEMBL1917419,2.87,Lipophilicity,1,train
Cc1c(Sc2ccc(Cl)cc2)c2cc(F)ccc2n1CC(=O)O,Cc1c(Sc2ccc(Cl)cc2)c2cc(F)ccc2n1CC(=O)O,c1ccc(Sc2c[nH]c3ccccc23)cc1,CHEMBL1917426,1.84,Lipophilicity,1,train
Cc1c(Sc2ccc(Cl)cc2)c2cc(S(C)(=O)=O)ccc2n1CC(=O)O,Cc1c(Sc2ccc(Cl)cc2)c2cc(S(C)(=O)=O)ccc2n1CC(=O)O,c1ccc(Sc2c[nH]c3ccccc23)cc1,CHEMBL1917431,0.54,Lipophilicity,1,train
Cc1c(Sc2ccc(Cl)cc2)c2ccc(Cl)cc2n1CC(=O)O,Cc1c(Sc2ccc(Cl)cc2)c2ccc(Cl)cc2n1CC(=O)O,c1ccc(Sc2c[nH]c3ccccc23)cc1,CHEMBL1917424,2.51,Lipophilicity,1,train
Cc1c(Sc2ccc(Cl)cc2)c2ccc(S(C)(=O)=O)cc2n1CC(=O)O,Cc1c(Sc2ccc(Cl)cc2)c2ccc(S(C)(=O)=O)cc2n1CC(=O)O,c1ccc(Sc2c[nH]c3ccccc23)cc1,CHEMBL1917430,0.79,Lipophilicity,1,train
Cc1c(Sc2ccc(Cl)cc2)c2cccc(Cl)c2n1CC(=O)O,Cc1c(Sc2ccc(Cl)cc2)c2cccc(Cl)c2n1CC(=O)O,c1ccc(Sc2c[nH]c3ccccc23)cc1,CHEMBL1917423,2.0,Lipophilicity,1,train
Cc1ccc2c(c1)c(Sc1ccc(Cl)cc1)c(C)n2CC(=O)O,Cc1ccc2c(c1)c(Sc1ccc(Cl)cc1)c(C)n2CC(=O)O,c1ccc(Sc2c[nH]c3ccccc23)cc1,CHEMBL1917418,2.18,Lipophilicity,1,train
Cc1ccc2c(c1)c(Sc1ccc(S(C)(=O)=O)cc1)c(C)n2CC(=O)O,Cc1ccc2c(c1)c(Sc1ccc(S(C)(=O)=O)cc1)c(C)n2CC(=O)O,c1ccc(Sc2c[nH]c3ccccc23)cc1,CHEMBL1917443,-0.08,Lipophilicity,1,train
Cc1ccc2c(c1)c(Sc1cccc(Cl)c1)c(C)n2CC(=O)O,Cc1ccc2c(c1)c(Sc1cccc(Cl)c1)c(C)n2CC(=O)O,c1ccc(Sc2c[nH]c3ccccc23)cc1,CHEMBL1917441,1.85,Lipophilicity,1,train
Cc1ccc2c(c1)c(Sc1ccccc1)c(CC(=O)O)n2C,Cc1ccc2c(c1)c(Sc1ccccc1)c(CC(=O)O)n2C,c1ccc(Sc2c[nH]c3ccccc23)cc1,CHEMBL1420171,1.74,Lipophilicity,1,train
Cc1ccc2c(c1)c(Sc1ccccc1Cl)c(C)n2CC(=O)O,Cc1ccc2c(c1)c(Sc1ccccc1Cl)c(C)n2CC(=O)O,c1ccc(Sc2c[nH]c3ccccc23)cc1,CHEMBL1917442,1.71,Lipophilicity,1,train
CN(C)c1ccc(S(=O)(=O)NC(=O)N2CCC(N3CCC(Oc4ccc(Cl)c(Cl)c4)CC3)CC2)cc1,CN(C)c1ccc(S(=O)(=O)NC(=O)N2CCC(N3CCC(Oc4ccc(Cl)c(Cl)c4)CC3)CC2)cc1,O=C(NS(=O)(=O)c1ccccc1)N1CCC(N2CCC(Oc3ccccc3)CC2)CC1,CHEMBL2171037,1.7,Lipophilicity,1,train
CN(C)c1ccccc1S(=O)(=O)NC(=O)N1CCC(N2CCC(Oc3ccc(Cl)c(Cl)c3)CC2)CC1,CN(C)c1ccccc1S(=O)(=O)NC(=O)N1CCC(N2CCC(Oc3ccc(Cl)c(Cl)c3)CC2)CC1,O=C(NS(=O)(=O)c1ccccc1)N1CCC(N2CCC(Oc3ccccc3)CC2)CC1,CHEMBL2171041,1.74,Lipophilicity,1,train
COc1ccc(S(=O)(=O)NC(=O)N2CCC(N3CCC(Oc4ccc(Cl)c(Cl)c4)CC3)CC2)cc1,COc1ccc(S(=O)(=O)NC(=O)N2CCC(N3CCC(Oc4ccc(Cl)c(Cl)c4)CC3)CC2)cc1,O=C(NS(=O)(=O)c1ccccc1)N1CCC(N2CCC(Oc3ccccc3)CC2)CC1,CHEMBL2171036,1.39,Lipophilicity,1,train
COc1ccccc1S(=O)(=O)NC(=O)N1CCC(N2CCC(Oc3ccc(Cl)c(Cl)c3)CC2)CC1,COc1ccccc1S(=O)(=O)NC(=O)N1CCC(N2CCC(Oc3ccc(Cl)c(Cl)c3)CC2)CC1,O=C(NS(=O)(=O)c1ccccc1)N1CCC(N2CCC(Oc3ccccc3)CC2)CC1,CHEMBL2171040,0.89,Lipophilicity,1,train
Cc1c(Cl)ccc(OC2CCN(C3CCN(C(=O)NS(=O)(=O)c4ccc(N(C)C)cc4)CC3)CC2)c1Cl,Cc1c(Cl)ccc(OC2CCN(C3CCN(C(=O)NS(=O)(=O)c4ccc(N(C)C)cc4)CC3)CC2)c1Cl,O=C(NS(=O)(=O)c1ccccc1)N1CCC(N2CCC(Oc3ccccc3)CC2)CC1,CHEMBL2171014,2.0,Lipophilicity,1,train
Cc1ccc(S(=O)(=O)N(C)C(=O)N2CCC(N3CCC(Oc4ccc(Cl)c(Cl)c4)CC3)CC2)cc1,Cc1ccc(S(=O)(=O)N(C)C(=O)N2CCC(N3CCC(Oc4ccc(Cl)c(Cl)c4)CC3)CC2)cc1,O=C(NS(=O)(=O)c1ccccc1)N1CCC(N2CCC(Oc3ccccc3)CC2)CC1,CHEMBL2171013,4.49,Lipophilicity,1,train
Cc1ccc(S(=O)(=O)NC(=O)N2CCC(N3CCC(Oc4ccc(Cl)c(C)c4Cl)CC3)CC2)cc1,Cc1ccc(S(=O)(=O)NC(=O)N2CCC(N3CCC(Oc4ccc(Cl)c(C)c4Cl)CC3)CC2)cc1,O=C(NS(=O)(=O)c1ccccc1)N1CCC(N2CCC(Oc3ccccc3)CC2)CC1,CHEMBL2171047,2.2,Lipophilicity,1,train
Cc1ccc(S(=O)(=O)NC(=O)N2CCC(N3CCC(Oc4ccc(Cl)cc4)CC3)CC2)cc1,Cc1ccc(S(=O)(=O)NC(=O)N2CCC(N3CCC(Oc4ccc(Cl)cc4)CC3)CC2)cc1,O=C(NS(=O)(=O)c1ccccc1)N1CCC(N2CCC(Oc3ccccc3)CC2)CC1,CHEMBL2171049,1.6,Lipophilicity,1,train
Cc1ccc(S(=O)(=O)NC(=O)N2CCC(N3CCC(Oc4ccc(Cl)cc4C)CC3)CC2)cc1,Cc1ccc(S(=O)(=O)NC(=O)N2CCC(N3CCC(Oc4ccc(Cl)cc4C)CC3)CC2)cc1,O=C(NS(=O)(=O)c1ccccc1)N1CCC(N2CCC(Oc3ccccc3)CC2)CC1,CHEMBL2171048,1.79,Lipophilicity,1,train
Cc1ccc(S(=O)(=O)NC(=O)N2CCC(N3CCC(Oc4ccc(Cl)cc4Cl)CC3)CC2)cc1,Cc1ccc(S(=O)(=O)NC(=O)N2CCC(N3CCC(Oc4ccc(Cl)cc4Cl)CC3)CC2)cc1,O=C(NS(=O)(=O)c1ccccc1)N1CCC(N2CCC(Oc3ccccc3)CC2)CC1,CHEMBL2171046,1.52,Lipophilicity,1,train
Cc1ccc(S(=O)(=O)NC(=O)N2CCC(N3CCC(Oc4ccc(F)c(F)c4)CC3)CC2)cc1,Cc1ccc(S(=O)(=O)NC(=O)N2CCC(N3CCC(Oc4ccc(F)c(F)c4)CC3)CC2)cc1,O=C(NS(=O)(=O)c1ccccc1)N1CCC(N2CCC(Oc3ccccc3)CC2)CC1,CHEMBL2171050,0.75,Lipophilicity,1,train
Cc1cccc(S(=O)(=O)NC(=O)N2CCC(N3CCC(Oc4ccc(Cl)c(Cl)c4)CC3)CC2)c1,Cc1cccc(S(=O)(=O)NC(=O)N2CCC(N3CCC(Oc4ccc(Cl)c(Cl)c4)CC3)CC2)c1,O=C(NS(=O)(=O)c1ccccc1)N1CCC(N2CCC(Oc3ccccc3)CC2)CC1,CHEMBL2171042,1.84,Lipophilicity,1,train
Cc1ccccc1S(=O)(=O)NC(=O)N1CCC(N2CCC(Oc3ccc(Cl)c(Cl)c3)CC2)CC1,Cc1ccccc1S(=O)(=O)NC(=O)N1CCC(N2CCC(Oc3ccc(Cl)c(Cl)c3)CC2)CC1,O=C(NS(=O)(=O)c1ccccc1)N1CCC(N2CCC(Oc3ccccc3)CC2)CC1,CHEMBL2171038,1.71,Lipophilicity,1,train
N#Cc1cccc(S(=O)(=O)NC(=O)N2CCC(N3CCC(Oc4ccc(Cl)c(Cl)c4)CC3)CC2)c1,N#Cc1cccc(S(=O)(=O)NC(=O)N2CCC(N3CCC(Oc4ccc(Cl)c(Cl)c4)CC3)CC2)c1,O=C(NS(=O)(=O)c1ccccc1)N1CCC(N2CCC(Oc3ccccc3)CC2)CC1,CHEMBL2171044,1.81,Lipophilicity,1,train
O=C(NS(=O)(=O)c1ccc(Cl)cc1)N1CCC(N2CCC(Oc3ccc(Cl)c(Cl)c3)CC2)CC1,O=C(NS(=O)(=O)c1ccc(Cl)cc1)N1CCC(N2CCC(Oc3ccc(Cl)c(Cl)c3)CC2)CC1,O=C(NS(=O)(=O)c1ccccc1)N1CCC(N2CCC(Oc3ccccc3)CC2)CC1,CHEMBL2171035,2.59,Lipophilicity,1,train
O=C(NS(=O)(=O)c1ccc(F)cc1)N1CCC(N2CCC(Oc3ccc(Cl)c(Cl)c3)CC2)CC1,O=C(NS(=O)(=O)c1ccc(F)cc1)N1CCC(N2CCC(Oc3ccc(Cl)c(Cl)c3)CC2)CC1,O=C(NS(=O)(=O)c1ccccc1)N1CCC(N2CCC(Oc3ccccc3)CC2)CC1,CHEMBL2171034,1.79,Lipophilicity,1,train
O=C(NS(=O)(=O)c1cccc(C(F)(F)F)c1)N1CCC(N2CCC(Oc3ccc(Cl)c(Cl)c3)CC2)CC1,O=C(NS(=O)(=O)c1cccc(C(F)(F)F)c1)N1CCC(N2CCC(Oc3ccc(Cl)c(Cl)c3)CC2)CC1,O=C(NS(=O)(=O)c1ccccc1)N1CCC(N2CCC(Oc3ccccc3)CC2)CC1,CHEMBL2171045,2.94,Lipophilicity,1,train
O=C(NS(=O)(=O)c1cccc(Cl)c1)N1CCC(N2CCC(Oc3ccc(Cl)c(Cl)c3)CC2)CC1,O=C(NS(=O)(=O)c1cccc(Cl)c1)N1CCC(N2CCC(Oc3ccc(Cl)c(Cl)c3)CC2)CC1,O=C(NS(=O)(=O)c1ccccc1)N1CCC(N2CCC(Oc3ccccc3)CC2)CC1,CHEMBL2171043,2.62,Lipophilicity,1,train
O=C(NS(=O)(=O)c1ccccc1)N1CCC(N2CCC(Oc3ccc(Cl)c(Cl)c3)CC2)CC1,O=C(NS(=O)(=O)c1ccccc1)N1CCC(N2CCC(Oc3ccc(Cl)c(Cl)c3)CC2)CC1,O=C(NS(=O)(=O)c1ccccc1)N1CCC(N2CCC(Oc3ccccc3)CC2)CC1,CHEMBL2171033,1.5,Lipophilicity,1,train
O=C(NS(=O)(=O)c1ccccc1Cl)N1CCC(N2CCC(Oc3ccc(Cl)c(Cl)c3)CC2)CC1,O=C(NS(=O)(=O)c1ccccc1Cl)N1CCC(N2CCC(Oc3ccc(Cl)c(Cl)c3)CC2)CC1,O=C(NS(=O)(=O)c1ccccc1)N1CCC(N2CCC(Oc3ccccc3)CC2)CC1,CHEMBL2171039,1.93,Lipophilicity,1,train
CCC(C)(C)C[C@H](c1ccc(C(=O)O)c(Oc2cccc(Cl)c2)c1)N1CCC[C@H](n2cc(C)c(=O)[nH]c2=O)C1,CCC(C)(C)CC(c1ccc(C(=O)O)c(Oc2cccc(Cl)c2)c1)N1CCCC(n2cc(C)c(=O)[nH]c2=O)C1,O=c1ccn(C2CCCN(Cc3cccc(Oc4ccccc4)c3)C2)c(=O)[nH]1,CHEMBL2179279,1.37,Lipophilicity,1,train
CCC(C)(CC)C[C@H](c1ccc(C(=O)O)c(Oc2cccc(Br)c2)c1)N1CCC[C@H](n2cc(C)c(=O)[nH]c2=O)C1,CCC(C)(CC)CC(c1ccc(C(=O)O)c(Oc2cccc(Br)c2)c1)N1CCCC(n2cc(C)c(=O)[nH]c2=O)C1,O=c1ccn(C2CCCN(Cc3cccc(Oc4ccccc4)c3)C2)c(=O)[nH]1,CHEMBL2179282,1.97,Lipophilicity,1,train
CCC(CC)C[C@H](c1ccc(C(=O)O)c(Oc2cccc(Cl)c2)c1)N1CCC[C@H](n2cc(C)c(=O)[nH]c2=O)C1,CCC(CC)CC(c1ccc(C(=O)O)c(Oc2cccc(Cl)c2)c1)N1CCCC(n2cc(C)c(=O)[nH]c2=O)C1,O=c1ccn(C2CCCN(Cc3cccc(Oc4ccccc4)c3)C2)c(=O)[nH]1,CHEMBL2179280,1.68,Lipophilicity,1,train
CC[C@@H](c1ccc(C(=O)O)c(Oc2cccc(Cl)c2)c1)N1CCC[C@H](n2cc(C)c(=O)[nH]c2=O)C1,CCC(c1ccc(C(=O)O)c(Oc2cccc(Cl)c2)c1)N1CCCC(n2cc(C)c(=O)[nH]c2=O)C1,O=c1ccn(C2CCCN(Cc3cccc(Oc4ccccc4)c3)C2)c(=O)[nH]1,CHEMBL2179272,0.22,Lipophilicity,2,train
CCCC(C)(C)C[C@H](c1ccc(C(=O)O)c(Oc2cccc(Cl)c2)c1)N1CCC[C@H](n2cc(C)c(=O)[nH]c2=O)C1,CCCC(C)(C)CC(c1ccc(C(=O)O)c(Oc2cccc(Cl)c2)c1)N1CCCC(n2cc(C)c(=O)[nH]c2=O)C1,O=c1ccn(C2CCCN(Cc3cccc(Oc4ccccc4)c3)C2)c(=O)[nH]1,CHEMBL2179283,1.99,Lipophilicity,1,train
CCC[C@@H](c1ccc(C(=O)O)c(Oc2cccc(Cl)c2)c1)N1CCC[C@H](n2cc(C)c(=O)[nH]c2=O)C1,CCCC(c1ccc(C(=O)O)c(Oc2cccc(Cl)c2)c1)N1CCCC(n2cc(C)c(=O)[nH]c2=O)C1,O=c1ccn(C2CCCN(Cc3cccc(Oc4ccccc4)c3)C2)c(=O)[nH]1,CHEMBL2179274,0.55,Lipophilicity,2,train
CCCCC[C@H](c1ccc(C(=O)O)c(Oc2cccc(Br)c2)c1)N1CCC[C@H](n2cc(C)c(=O)[nH]c2=O)C1,CCCCCC(c1ccc(C(=O)O)c(Oc2cccc(Br)c2)c1)N1CCCC(n2cc(C)c(=O)[nH]c2=O)C1,O=c1ccn(C2CCCN(Cc3cccc(Oc4ccccc4)c3)C2)c(=O)[nH]1,CHEMBL2179281,1.69,Lipophilicity,1,train
COc1ccc(Oc2cccc(CN3CCCC(n4cc(C)c(=O)[nH]c4=O)C3)c2)cc1,COc1ccc(Oc2cccc(CN3CCCC(n4cc(C)c(=O)[nH]c4=O)C3)c2)cc1,O=c1ccn(C2CCCN(Cc3cccc(Oc4ccccc4)c3)C2)c(=O)[nH]1,CHEMBL2179291,3.17,Lipophilicity,1,train
Cc1ccc(Oc2cccc(CN3CCCC(n4cc(C)c(=O)[nH]c4=O)C3)c2)cc1,Cc1ccc(Oc2cccc(CN3CCCC(n4cc(C)c(=O)[nH]c4=O)C3)c2)cc1,O=c1ccn(C2CCCN(Cc3cccc(Oc4ccccc4)c3)C2)c(=O)[nH]1,CHEMBL2179289,3.38,Lipophilicity,1,train
Cc1cccc(Oc2cc(CN3CCC[C@H](n4cc(C)c(=O)[nH]c4=O)C3)ccc2C(=O)O)c1,Cc1cccc(Oc2cc(CN3CCCC(n4cc(C)c(=O)[nH]c4=O)C3)ccc2C(=O)O)c1,O=c1ccn(C2CCCN(Cc3cccc(Oc4ccccc4)c3)C2)c(=O)[nH]1,CHEMBL2179667,-0.82,Lipophilicity,1,train
Cc1cn([C@H]2CCCN([C@@H](C)c3ccc(C(=O)O)c(Oc4cccc(Cl)c4)c3)C2)c(=O)[nH]c1=O,Cc1cn(C2CCCN(C(C)c3ccc(C(=O)O)c(Oc4cccc(Cl)c4)c3)C2)c(=O)[nH]c1=O,O=c1ccn(C2CCCN(Cc3cccc(Oc4ccccc4)c3)C2)c(=O)[nH]1,CHEMBL2179270,-0.28,Lipophilicity,2,train
Cc1cn([C@H]2CCCN([C@@H](CC(C)(C)C)c3ccc(C(=O)O)c(Oc4cccc(Br)c4)c3)C2)c(=O)[nH]c1=O,Cc1cn(C2CCCN(C(CC(C)(C)C)c3ccc(C(=O)O)c(Oc4cccc(Br)c4)c3)C2)c(=O)[nH]c1=O,O=c1ccn(C2CCCN(Cc3cccc(Oc4ccccc4)c3)C2)c(=O)[nH]1,CHEMBL2179278,1.105,Lipophilicity,2,train
Cc1cn([C@H]2CCCN([C@@H](CC(C)C)c3ccc(C(=O)O)c(Oc4cccc(Cl)c4)c3)C2)c(=O)[nH]c1=O,Cc1cn(C2CCCN(C(CC(C)C)c3ccc(C(=O)O)c(Oc4cccc(Cl)c4)c3)C2)c(=O)[nH]c1=O,O=c1ccn(C2CCCN(Cc3cccc(Oc4ccccc4)c3)C2)c(=O)[nH]1,CHEMBL2179276,0.92,Lipophilicity,2,train
Cc1cn([C@H]2CCCN(Cc3ccc(C(=O)O)c(Oc4cccc(Br)c4)c3)C2)c(=O)[nH]c1=O,Cc1cn(C2CCCN(Cc3ccc(C(=O)O)c(Oc4cccc(Br)c4)c3)C2)c(=O)[nH]c1=O,O=c1ccn(C2CCCN(Cc3cccc(Oc4ccccc4)c3)C2)c(=O)[nH]1,CHEMBL2179666,-0.51,Lipophilicity,1,train
Cc1cn([C@H]2CCCN(Cc3ccc(C(=O)O)c(Oc4cccc(C(F)(F)F)c4)c3)C2)c(=O)[nH]c1=O,Cc1cn(C2CCCN(Cc3ccc(C(=O)O)c(Oc4cccc(C(F)(F)F)c4)c3)C2)c(=O)[nH]c1=O,O=c1ccn(C2CCCN(Cc3cccc(Oc4ccccc4)c3)C2)c(=O)[nH]1,CHEMBL2179669,-0.38,Lipophilicity,1,train
Cc1cn([C@H]2CCCN(Cc3ccc(C(=O)O)c(Oc4cccc(Cl)c4)c3)C2)c(=O)[nH]c1=O,Cc1cn(C2CCCN(Cc3ccc(C(=O)O)c(Oc4cccc(Cl)c4)c3)C2)c(=O)[nH]c1=O,O=c1ccn(C2CCCN(Cc3cccc(Oc4ccccc4)c3)C2)c(=O)[nH]1,CHEMBL2179665,-0.55,Lipophilicity,1,train
Cc1cn([C@H]2CCCN(Cc3ccc(C(=O)O)c(Oc4cccc(F)c4)c3)C2)c(=O)[nH]c1=O,Cc1cn(C2CCCN(Cc3ccc(C(=O)O)c(Oc4cccc(F)c4)c3)C2)c(=O)[nH]c1=O,O=c1ccn(C2CCCN(Cc3cccc(Oc4ccccc4)c3)C2)c(=O)[nH]1,CHEMBL2179668,-1.03,Lipophilicity,1,train
Cc1cn(C2CCCN(Cc3cccc(Oc4ccc(Cl)cc4)c3)C2)c(=O)[nH]c1=O,Cc1cn(C2CCCN(Cc3cccc(Oc4ccc(Cl)cc4)c3)C2)c(=O)[nH]c1=O,O=c1ccn(C2CCCN(Cc3cccc(Oc4ccccc4)c3)C2)c(=O)[nH]1,CHEMBL2179290,3.38,Lipophilicity,1,train
Cc1cn([C@H]2CCCN(Cc3cccc(Oc4cccc(Br)c4)c3)C2)c(=O)[nH]c1=O,Cc1cn(C2CCCN(Cc3cccc(Oc4cccc(Br)c4)c3)C2)c(=O)[nH]c1=O,O=c1ccn(C2CCCN(Cc3cccc(Oc4ccccc4)c3)C2)c(=O)[nH]1,CHEMBL2179296,3.68,Lipophilicity,1,train
Cc1cn(C2CCCN(Cc3cccc(Oc4ccccc4)c3)C2)c(=O)[nH]c1=O,Cc1cn(C2CCCN(Cc3cccc(Oc4ccccc4)c3)C2)c(=O)[nH]c1=O,O=c1ccn(C2CCCN(Cc3cccc(Oc4ccccc4)c3)C2)c(=O)[nH]1,CHEMBL2179287,3.04,Lipophilicity,1,train
CC(=O)N(C)c1ccc(Nc2ncc3cc(-c4ccncc4)ccc3n2)cc1,CC(=O)N(C)c1ccc(Nc2ncc3cc(-c4ccncc4)ccc3n2)cc1,c1ccc(Nc2ncc3cc(-c4ccncc4)ccc3n2)cc1,CHEMBL2335888,2.88,Lipophilicity,1,train
CC(=O)N[C@H](C)c1ccc(Nc2ncc3cc(-c4ccncc4)c(C)cc3n2)cc1,CC(=O)NC(C)c1ccc(Nc2ncc3cc(-c4ccncc4)c(C)cc3n2)cc1,c1ccc(Nc2ncc3cc(-c4ccncc4)ccc3n2)cc1,CHEMBL2335911,3.45,Lipophilicity,1,train
CC(=O)N[C@H](C)c1ccc(Nc2ncc3cc(-c4ccncc4)cc(C)c3n2)cc1,CC(=O)NC(C)c1ccc(Nc2ncc3cc(-c4ccncc4)cc(C)c3n2)cc1,c1ccc(Nc2ncc3cc(-c4ccncc4)ccc3n2)cc1,CHEMBL2335912,3.46,Lipophilicity,1,train
CC(=O)NC(C)c1ccc(Nc2ncc3cc(-c4ccncc4)ccc3n2)cc1,CC(=O)NC(C)c1ccc(Nc2ncc3cc(-c4ccncc4)ccc3n2)cc1,c1ccc(Nc2ncc3cc(-c4ccncc4)ccc3n2)cc1,CHEMBL2335895,3.17,Lipophilicity,3,train
CC(=O)Nc1ccc(Nc2ncc3cc(-c4ccncc4)ccc3n2)cc1,CC(=O)Nc1ccc(Nc2ncc3cc(-c4ccncc4)ccc3n2)cc1,c1ccc(Nc2ncc3cc(-c4ccncc4)ccc3n2)cc1,CHEMBL2335889,3.04,Lipophilicity,1,train
CN(C)CCNC(=O)c1ccc(Nc2ncc3cc(-c4ccncc4)ccc3n2)cc1,CN(C)CCNC(=O)c1ccc(Nc2ncc3cc(-c4ccncc4)ccc3n2)cc1,c1ccc(Nc2ncc3cc(-c4ccncc4)ccc3n2)cc1,CHEMBL2335878,2.29,Lipophilicity,1,train
CN(C)CCNCc1ccc(Nc2ncc3cc(-c4ccncc4)ccc3n2)cc1,CN(C)CCNCc1ccc(Nc2ncc3cc(-c4ccncc4)ccc3n2)cc1,c1ccc(Nc2ncc3cc(-c4ccncc4)ccc3n2)cc1,CHEMBL2335883,1.4,Lipophilicity,1,train
COCCC(=O)N(C)c1ccc(Nc2ncc3cc(-c4ccncc4)ccc3n2)cc1,COCCC(=O)N(C)c1ccc(Nc2ncc3cc(-c4ccncc4)ccc3n2)cc1,c1ccc(Nc2ncc3cc(-c4ccncc4)ccc3n2)cc1,CHEMBL2335885,3.23,Lipophilicity,1,train
COCCC(=O)NC(C)c1ccc(Nc2ncc3cc(-c4ccncc4)ccc3n2)cc1,COCCC(=O)NC(C)c1ccc(Nc2ncc3cc(-c4ccncc4)ccc3n2)cc1,c1ccc(Nc2ncc3cc(-c4ccncc4)ccc3n2)cc1,CHEMBL2335892,3.05,Lipophilicity,3,train
COCCC(=O)Nc1ccc(Nc2ncc3cc(-c4ccncc4)ccc3n2)cc1,COCCC(=O)Nc1ccc(Nc2ncc3cc(-c4ccncc4)ccc3n2)cc1,c1ccc(Nc2ncc3cc(-c4ccncc4)ccc3n2)cc1,CHEMBL2335887,2.78,Lipophilicity,1,train
COCCN(C)Cc1ccc(Nc2ncc3cc(-c4ccncc4)ccc3n2)cc1,COCCN(C)Cc1ccc(Nc2ncc3cc(-c4ccncc4)ccc3n2)cc1,c1ccc(Nc2ncc3cc(-c4ccncc4)ccc3n2)cc1,CHEMBL2335882,2.65,Lipophilicity,1,train
COCCNC(=O)c1ccc(Nc2ncc3cc(-c4ccnc(C)c4)ccc3n2)cc1,COCCNC(=O)c1ccc(Nc2ncc3cc(-c4ccnc(C)c4)ccc3n2)cc1,c1ccc(Nc2ncc3cc(-c4ccncc4)ccc3n2)cc1,CHEMBL2335865,3.56,Lipophilicity,1,train
COCCNC(=O)c1ccc(Nc2ncc3cc(-c4ccncc4)ccc3n2)cc1C,COCCNC(=O)c1ccc(Nc2ncc3cc(-c4ccncc4)ccc3n2)cc1C,c1ccc(Nc2ncc3cc(-c4ccncc4)ccc3n2)cc1,CHEMBL2335876,2.78,Lipophilicity,1,train
COCCNC(=O)c1ccc(Nc2ncc3cc(-c4ccncc4OC)ccc3n2)cc1,COCCNC(=O)c1ccc(Nc2ncc3cc(-c4ccncc4OC)ccc3n2)cc1,c1ccc(Nc2ncc3cc(-c4ccncc4)ccc3n2)cc1,CHEMBL2335866,3.14,Lipophilicity,1,train
COCCNC(=O)c1cccc(Nc2ncc3cc(-c4ccncc4)ccc3n2)c1,COCCNC(=O)c1cccc(Nc2ncc3cc(-c4ccncc4)ccc3n2)c1,c1ccc(Nc2ncc3cc(-c4ccncc4)ccc3n2)cc1,CHEMBL2335875,3.21,Lipophilicity,1,train
COCCNCc1ccc(Nc2ncc3cc(-c4ccncc4)ccc3n2)cc1,COCCNCc1ccc(Nc2ncc3cc(-c4ccncc4)ccc3n2)cc1,c1ccc(Nc2ncc3cc(-c4ccncc4)ccc3n2)cc1,CHEMBL2335881,1.86,Lipophilicity,1,train
COCCOc1ccc(Nc2ncc3cc(-c4ccncc4)ccc3n2)cc1,COCCOc1ccc(Nc2ncc3cc(-c4ccncc4)ccc3n2)cc1,c1ccc(Nc2ncc3cc(-c4ccncc4)ccc3n2)cc1,CHEMBL2335886,3.1,Lipophilicity,1,train
COc1cc(-c2ccncc2)cc2cnc(Nc3ccc([C@@H](C)NC(C)=O)cc3)nc12,COc1cc(-c2ccncc2)cc2cnc(Nc3ccc(C(C)NC(C)=O)cc3)nc12,c1ccc(Nc2ncc3cc(-c4ccncc4)ccc3n2)cc1,CHEMBL2335907,2.73,Lipophilicity,1,train
COc1cc2nc(Nc3ccc([C@@H](C)NC(C)=O)cc3)ncc2cc1-c1ccncc1,COc1cc2nc(Nc3ccc(C(C)NC(C)=O)cc3)ncc2cc1-c1ccncc1,c1ccc(Nc2ncc3cc(-c4ccncc4)ccc3n2)cc1,CHEMBL2335908,3.11,Lipophilicity,1,train
CC(C)c1ccc2[nH]c3c(c2c1)CN(C(=O)[C@@H]1CCCC[C@H]1C(=O)NC1(C#N)CC1)CC3,CC(C)c1ccc2[nH]c3c(c2c1)CN(C(=O)C1CCCCC1C(=O)NC1(C#N)CC1)CC3,O=C(NC1CC1)C1CCCCC1C(=O)N1CCc2[nH]c3ccccc3c2C1,CHEMBL2164690,4.1,Lipophilicity,1,train
CCOc1cccc2c3c([nH]c12)CCN(C(=O)[C@@H]1CCCC[C@H]1C(=O)NC1(C#N)CC1)C3,CCOc1cccc2c3c([nH]c12)CCN(C(=O)C1CCCCC1C(=O)NC1(C#N)CC1)C3,O=C(NC1CC1)C1CCCCC1C(=O)N1CCc2[nH]c3ccccc3c2C1,CHEMBL2163590,3.1,Lipophilicity,1,train
COc1ccc2[nH]c3c(c2c1)CN(C(=O)[C@@H]1CCCC[C@H]1C(=O)NC1(C#N)CC1)CC3,COc1ccc2[nH]c3c(c2c1)CN(C(=O)C1CCCCC1C(=O)NC1(C#N)CC1)CC3,O=C(NC1CC1)C1CCCCC1C(=O)N1CCc2[nH]c3ccccc3c2C1,CHEMBL2164688,2.4,Lipophilicity,1,train
CS(=O)(=O)c1ccc2[nH]c3c(c2c1)CN(C(=O)[C@@H]1CCCC[C@H]1C(=O)NC1(C#N)CC1)CC3,CS(=O)(=O)c1ccc2[nH]c3c(c2c1)CN(C(=O)C1CCCCC1C(=O)NC1(C#N)CC1)CC3,O=C(NC1CC1)C1CCCCC1C(=O)N1CCc2[nH]c3ccccc3c2C1,CHEMBL2163581,1.5,Lipophilicity,1,train
CS(=O)(=O)c1ccc2c3c([nH]c2c1)CCN(C(=O)[C@@H]1CCCC[C@H]1C(=O)NC1(C#N)CC1)C3,CS(=O)(=O)c1ccc2c3c([nH]c2c1)CCN(C(=O)C1CCCCC1C(=O)NC1(C#N)CC1)C3,O=C(NC1CC1)C1CCCCC1C(=O)N1CCc2[nH]c3ccccc3c2C1,CHEMBL2163349,1.5,Lipophilicity,1,train
CS(=O)(=O)c1cccc2c3c([nH]c12)CCN(C(=O)[C@@H]1CCCC[C@H]1C(=O)NC1(C#N)CC1)C3,CS(=O)(=O)c1cccc2c3c([nH]c12)CCN(C(=O)C1CCCCC1C(=O)NC1(C#N)CC1)C3,O=C(NC1CC1)C1CCCCC1C(=O)N1CCc2[nH]c3ccccc3c2C1,CHEMBL2163591,1.7,Lipophilicity,1,train
Cc1cccc2c3c([nH]c12)CCN(C(=O)[C@@H]1CCCC[C@H]1C(=O)NC1(C#N)CC1)C3,Cc1cccc2c3c([nH]c12)CCN(C(=O)C1CCCCC1C(=O)NC1(C#N)CC1)C3,O=C(NC1CC1)C1CCCCC1C(=O)N1CCc2[nH]c3ccccc3c2C1,CHEMBL2163583,2.99,Lipophilicity,1,train
N#CC1(NC(=O)[C@@H]2CCCC[C@H]2C(=O)N2CCc3[nH]c4c(Br)cccc4c3C2)CC1,N#CC1(NC(=O)C2CCCCC2C(=O)N2CCc3[nH]c4c(Br)cccc4c3C2)CC1,O=C(NC1CC1)C1CCCCC1C(=O)N1CCc2[nH]c3ccccc3c2C1,CHEMBL2163584,3.12,Lipophilicity,1,train
N#CC1(NC(=O)[C@@H]2CCCC[C@H]2C(=O)N2CCc3[nH]c4c(C(F)(F)F)cccc4c3C2)CC1,N#CC1(NC(=O)C2CCCCC2C(=O)N2CCc3[nH]c4c(C(F)(F)F)cccc4c3C2)CC1,O=C(NC1CC1)C1CCCCC1C(=O)N1CCc2[nH]c3ccccc3c2C1,CHEMBL2163586,3.75,Lipophilicity,1,train
N#CC1(NC(=O)[C@@H]2CCCC[C@H]2C(=O)N2CCc3[nH]c4c(Cl)cccc4c3C2)CC1,N#CC1(NC(=O)C2CCCCC2C(=O)N2CCc3[nH]c4c(Cl)cccc4c3C2)CC1,O=C(NC1CC1)C1CCCCC1C(=O)N1CCc2[nH]c3ccccc3c2C1,CHEMBL2163582,3.59,Lipophilicity,1,train
N#CC1(NC(=O)[C@@H]2CCCC[C@H]2C(=O)N2CCc3[nH]c4c(F)cccc4c3C2)CC1,N#CC1(NC(=O)C2CCCCC2C(=O)N2CCc3[nH]c4c(F)cccc4c3C2)CC1,O=C(NC1CC1)C1CCCCC1C(=O)N1CCc2[nH]c3ccccc3c2C1,CHEMBL2164683,3.03,Lipophilicity,1,train
N#CC1(NC(=O)[C@@H]2CCCC[C@H]2C(=O)N2CCc3[nH]c4c(OC(F)(F)F)cccc4c3C2)CC1,N#CC1(NC(=O)C2CCCCC2C(=O)N2CCc3[nH]c4c(OC(F)(F)F)cccc4c3C2)CC1,O=C(NC1CC1)C1CCCCC1C(=O)N1CCc2[nH]c3ccccc3c2C1,CHEMBL2163589,4.01,Lipophilicity,1,train
N#CC1(NC(=O)[C@@H]2CCCC[C@H]2C(=O)N2CCc3[nH]c4cc(F)ccc4c3C2)CC1,N#CC1(NC(=O)C2CCCCC2C(=O)N2CCc3[nH]c4cc(F)ccc4c3C2)CC1,O=C(NC1CC1)C1CCCCC1C(=O)N1CCc2[nH]c3ccccc3c2C1,CHEMBL2164684,2.99,Lipophilicity,1,train
N#CC1(NC(=O)[C@@H]2CCCC[C@H]2C(=O)N2CCc3[nH]c4ccc(C(F)(F)F)cc4c3C2)CC1,N#CC1(NC(=O)C2CCCCC2C(=O)N2CCc3[nH]c4ccc(C(F)(F)F)cc4c3C2)CC1,O=C(NC1CC1)C1CCCCC1C(=O)N1CCc2[nH]c3ccccc3c2C1,CHEMBL2164689,4.2,Lipophilicity,1,train
N#CC1(NC(=O)[C@@H]2CCCC[C@H]2C(=O)N2CCc3[nH]c4ccc(Cl)cc4c3C2)CC1,N#CC1(NC(=O)C2CCCCC2C(=O)N2CCc3[nH]c4ccc(Cl)cc4c3C2)CC1,O=C(NC1CC1)C1CCCCC1C(=O)N1CCc2[nH]c3ccccc3c2C1,CHEMBL2164687,3.65,Lipophilicity,1,train
N#CC1(NC(=O)[C@@H]2CCCC[C@H]2C(=O)N2CCc3[nH]c4ccc(F)cc4c3C2)CC1,N#CC1(NC(=O)C2CCCCC2C(=O)N2CCc3[nH]c4ccc(F)cc4c3C2)CC1,O=C(NC1CC1)C1CCCCC1C(=O)N1CCc2[nH]c3ccccc3c2C1,CHEMBL2164678,3.0,Lipophilicity,1,train
N#CC1(NC(=O)[C@@H]2CCCC[C@H]2C(=O)N2CCc3[nH]c4cccc(F)c4c3C2)CC1,N#CC1(NC(=O)C2CCCCC2C(=O)N2CCc3[nH]c4cccc(F)c4c3C2)CC1,O=C(NC1CC1)C1CCCCC1C(=O)N1CCc2[nH]c3ccccc3c2C1,CHEMBL2164685,3.2,Lipophilicity,1,train
N#CC1(NC(=O)[C@@H]2CCCC[C@H]2C(=O)N2CCc3[nH]c4ccccc4c3C2)CC1,N#CC1(NC(=O)C2CCCCC2C(=O)N2CCc3[nH]c4ccccc4c3C2)CC1,O=C(NC1CC1)C1CCCCC1C(=O)N1CCc2[nH]c3ccccc3c2C1,CHEMBL2164682,2.66,Lipophilicity,1,train
CC[C@H](NC(=O)c1c(CC[S+](C)[O-])c(-c2ccccc2)nc2ccccc12)c1ccccc1,CCC(NC(=O)c1c(CC[S+](C)[O-])c(-c2ccccc2)nc2ccccc12)c1ccccc1,O=C(NCc1ccccc1)c1cc(-c2ccccc2)nc2ccccc12,CHEMBL1682945,3.15,Lipophilicity,1,train
CC[C@H](NC(=O)c1c(CN(C)C)c(-c2ccccc2)nc2ccccc12)c1ccccc1,CCC(NC(=O)c1c(CN(C)C)c(-c2ccccc2)nc2ccccc12)c1ccccc1,O=C(NCc1ccccc1)c1cc(-c2ccccc2)nc2ccccc12,CHEMBL44722,4.18,Lipophilicity,1,train
CC[C@H](NC(=O)c1c(CS(C)(=O)=O)c(-c2ccccc2)nc2ccccc12)c1ccccc1,CCC(NC(=O)c1c(CS(C)(=O)=O)c(-c2ccccc2)nc2ccccc12)c1ccccc1,O=C(NCc1ccccc1)c1cc(-c2ccccc2)nc2ccccc12,CHEMBL1682944,3.25,Lipophilicity,1,train
CC[C@H](NC(=O)c1c(N)c(-c2cccc(F)c2)nc2ccccc12)c1ccccc1,CCC(NC(=O)c1c(N)c(-c2cccc(F)c2)nc2ccccc12)c1ccccc1,O=C(NCc1ccccc1)c1cc(-c2ccccc2)nc2ccccc12,CHEMBL516441,4.05,Lipophilicity,1,train
CC[C@H](NC(=O)c1c(N)c(-c2ccccc2)nc2ccccc12)c1ccccc1,CCC(NC(=O)c1c(N)c(-c2ccccc2)nc2ccccc12)c1ccccc1,O=C(NCc1ccccc1)c1cc(-c2ccccc2)nc2ccccc12,CHEMBL480818,3.89,Lipophilicity,1,train
CC[C@H](NC(=O)c1c(O)c(-c2ccccc2)nc2ccccc12)c1ccccc1,CCC(NC(=O)c1c(O)c(-c2ccccc2)nc2ccccc12)c1ccccc1,O=C(NCc1ccccc1)c1cc(-c2ccccc2)nc2ccccc12,CHEMBL10188,3.91,Lipophilicity,1,train
CC[C@H](NC(=O)c1c(S(C)(=O)=O)c(-c2ccccc2)nc2ccccc12)c1ccccc1,CCC(NC(=O)c1c(S(C)(=O)=O)c(-c2ccccc2)nc2ccccc12)c1ccccc1,O=C(NCc1ccccc1)c1cc(-c2ccccc2)nc2ccccc12,CHEMBL1682940,3.17,Lipophilicity,1,train
CC[C@H](NC(=O)c1c([S+](C)[O-])c(-c2ccc(F)cc2)nc2ccccc12)c1ccccc1,CCC(NC(=O)c1c([S+](C)[O-])c(-c2ccc(F)cc2)nc2ccccc12)c1ccccc1,O=C(NCc1ccccc1)c1cc(-c2ccccc2)nc2ccccc12,CHEMBL1682948,3.72,Lipophilicity,1,train
CC[C@H](NC(=O)c1c([S+](C)[O-])c(-c2cccc(F)c2)nc2ccccc12)c1ccccc1,CCC(NC(=O)c1c([S+](C)[O-])c(-c2cccc(F)c2)nc2ccccc12)c1ccccc1,O=C(NCc1ccccc1)c1cc(-c2ccccc2)nc2ccccc12,CHEMBL1682947,3.14,Lipophilicity,1,train
CC[C@H](NC(=O)c1c([S+](C)[O-])c(-c2ccccc2)nc2c(F)cccc12)c1ccccc1,CCC(NC(=O)c1c([S+](C)[O-])c(-c2ccccc2)nc2c(F)cccc12)c1ccccc1,O=C(NCc1ccccc1)c1cc(-c2ccccc2)nc2ccccc12,CHEMBL1682959,2.84,Lipophilicity,1,train
CC[C@H](NC(=O)c1c([S+](C)[O-])c(-c2ccccc2)nc2cc(Br)ccc12)c1ccccc1,CCC(NC(=O)c1c([S+](C)[O-])c(-c2ccccc2)nc2cc(Br)ccc12)c1ccccc1,O=C(NCc1ccccc1)c1cc(-c2ccccc2)nc2ccccc12,CHEMBL1682965,3.18,Lipophilicity,1,train
CC[C@H](NC(=O)c1c([S+](C)[O-])c(-c2ccccc2)nc2cc(CN(C)C)ccc12)c1ccccc1,CCC(NC(=O)c1c([S+](C)[O-])c(-c2ccccc2)nc2cc(CN(C)C)ccc12)c1ccccc1,O=C(NCc1ccccc1)c1cc(-c2ccccc2)nc2ccccc12,CHEMBL1682967,2.75,Lipophilicity,1,train
CC[C@H](NC(=O)c1c([S+](C)[O-])c(-c2ccccc2)nc2cc(Cl)ccc12)c1ccccc1,CCC(NC(=O)c1c([S+](C)[O-])c(-c2ccccc2)nc2cc(Cl)ccc12)c1ccccc1,O=C(NCc1ccccc1)c1cc(-c2ccccc2)nc2ccccc12,CHEMBL1682962,3.07,Lipophilicity,1,train
CC[C@H](NC(=O)c1c([S+](C)[O-])c(-c2ccccc2)nc2cc(F)ccc12)c1ccccc1,CCC(NC(=O)c1c([S+](C)[O-])c(-c2ccccc2)nc2cc(F)ccc12)c1ccccc1,O=C(NCc1ccccc1)c1cc(-c2ccccc2)nc2ccccc12,CHEMBL1682961,3.62,Lipophilicity,1,train
CC[C@H](NC(=O)c1c([S+](C)[O-])c(-c2ccccc2)nc2ccccc12)c1ccccc1,CCC(NC(=O)c1c([S+](C)[O-])c(-c2ccccc2)nc2ccccc12)c1ccccc1,O=C(NCc1ccccc1)c1cc(-c2ccccc2)nc2ccccc12,CHEMBL1682938,3.17,Lipophilicity,1,train
CC[C@H](NC(=O)c1c([S+]([O-])C(C)C)c(-c2ccccc2)nc2ccccc12)c1ccccc1,CCC(NC(=O)c1c([S+]([O-])C(C)C)c(-c2ccccc2)nc2ccccc12)c1ccccc1,O=C(NCc1ccccc1)c1cc(-c2ccccc2)nc2ccccc12,CHEMBL1682957,3.81,Lipophilicity,1,train
CC[C@H](NC(=O)c1c([S+]([O-])CC)c(-c2ccccc2)nc2ccccc12)c1ccccc1,CCC(NC(=O)c1c([S+]([O-])CC)c(-c2ccccc2)nc2ccccc12)c1ccccc1,O=C(NCc1ccccc1)c1cc(-c2ccccc2)nc2ccccc12,CHEMBL1682956,3.45,Lipophilicity,1,train
C#Cc1cccc(Nc2ncnc3cc(OCCOC)c(OCCOC)cc23)c1,C#Cc1cccc(Nc2ncnc3cc(OCCOC)c(OCCOC)cc23)c1,c1ccc(Nc2ncnc3ccccc23)cc1,CHEMBL553,3.35,Lipophilicity,1,train
C=CC(=O)Nc1ccc2ncnc(Nc3cccc(C)c3)c2c1,C=CC(=O)Nc1ccc2ncnc(Nc3cccc(C)c3)c2c1,c1ccc(Nc2ncnc3ccccc23)cc1,CHEMBL31815,3.7,Lipophilicity,1,train
COc1cc2ncnc(Nc3ccc(Cl)c(O)c3)c2cc1OC,COc1cc2ncnc(Nc3ccc(Cl)c(O)c3)c2cc1OC,c1ccc(Nc2ncnc3ccccc23)cc1,CHEMBL235851,3.3,Lipophilicity,1,train
COc1cc2ncnc(Nc3ccc(F)c(Cl)c3)c2cc1OC,COc1cc2ncnc(Nc3ccc(F)c(Cl)c3)c2cc1OC,c1ccc(Nc2ncnc3ccccc23)cc1,CHEMBL301018,3.67,Lipophilicity,1,train
COc1cc2ncnc(Nc3ccc(F)c(Cl)c3)c2cc1OCCCN(C)C,COc1cc2ncnc(Nc3ccc(F)c(Cl)c3)c2cc1OCCCN(C)C,c1ccc(Nc2ncnc3ccccc23)cc1,CHEMBL57990,2.9,Lipophilicity,1,train
COc1cc2ncnc(Nc3ccc(F)c(Cl)c3)c2cc1OCCN(C)C,COc1cc2ncnc(Nc3ccc(F)c(Cl)c3)c2cc1OCCN(C)C,c1ccc(Nc2ncnc3ccccc23)cc1,CHEMBL57759,3.26,Lipophilicity,1,train
COc1cc2ncnc(Nc3ccc(F)cc3)c2cc1OC,COc1cc2ncnc(Nc3ccc(F)cc3)c2cc1OC,c1ccc(Nc2ncnc3ccccc23)cc1,CHEMBL224013,3.1,Lipophilicity,1,train
COc1cc2ncnc(Nc3cccc(C)c3)c2cc1OC,COc1cc2ncnc(Nc3cccc(C)c3)c2cc1OC,c1ccc(Nc2ncnc3ccccc23)cc1,CHEMBL56802,3.5,Lipophilicity,1,train
COc1cc2ncnc(Nc3cccc(Cl)c3F)c2cc1CN(C)[C@@H](C)C(N)=O,COc1cc2ncnc(Nc3cccc(Cl)c3F)c2cc1CN(C)C(C)C(N)=O,c1ccc(Nc2ncnc3ccccc23)cc1,CHEMBL207687,3.4299999999999997,Lipophilicity,2,train
COc1cc2ncnc(Nc3cccc(O)c3)c2cc1OC,COc1cc2ncnc(Nc3cccc(O)c3)c2cc1OC,c1ccc(Nc2ncnc3ccccc23)cc1,CHEMBL127907,2.6,Lipophilicity,1,train
COc1cc2ncnc(Nc3ccccc3)c2cc1OC,COc1cc2ncnc(Nc3ccccc3)c2cc1OC,c1ccc(Nc2ncnc3ccccc23)cc1,CHEMBL94191,3.04,Lipophilicity,1,train
COc1cccc(Nc2ncnc3cc(OC)c(OC)cc23)c1,COc1cccc(Nc2ncnc3cc(OC)c(OC)cc23)c1,c1ccc(Nc2ncnc3ccccc23)cc1,CHEMBL169473,3.1,Lipophilicity,1,train
Cc1cccc(Nc2ncnc3ccccc23)c1,Cc1cccc(Nc2ncnc3ccccc23)c1,c1ccc(Nc2ncnc3ccccc23)cc1,CHEMBL441083,3.21,Lipophilicity,1,train
Cc1ccccc1Nc1ncnc2ccccc12,Cc1ccccc1Nc1ncnc2ccccc12,c1ccc(Nc2ncnc3ccccc23)cc1,CHEMBL91863,2.85,Lipophilicity,1,train
Clc1cccc(Nc2ncnc3ccccc23)c1,Clc1cccc(Nc2ncnc3ccccc23)c1,c1ccc(Nc2ncnc3ccccc23)cc1,CHEMBL329672,3.9,Lipophilicity,1,train
Nc1ccc2ncnc(Nc3ccc(F)c(Cl)c3)c2c1,Nc1ccc2ncnc(Nc3ccc(F)c(Cl)c3)c2c1,c1ccc(Nc2ncnc3ccccc23)cc1,CHEMBL242541,2.64,Lipophilicity,1,train
c1ccc(Nc2ncnc3ccccc23)cc1,c1ccc(Nc2ncnc3ccccc23)cc1,c1ccc(Nc2ncnc3ccccc23)cc1,CHEMBL289959,2.94,Lipophilicity,1,train
CC(=O)NCC(NC(=O)C1(N)CCN(c2ncnc3[nH]ccc23)CC1)c1ccc(Cl)cc1,CC(=O)NCC(NC(=O)C1(N)CCN(c2ncnc3[nH]ccc23)CC1)c1ccc(Cl)cc1,O=C(NCc1ccccc1)C1CCN(c2ncnc3[nH]ccc23)CC1,CHEMBL2325732,2.4,Lipophilicity,1,train
CC(NC(=O)C1(N)CCN(c2ncnc3[nH]ccc23)CC1)c1ccc(Cl)cc1,CC(NC(=O)C1(N)CCN(c2ncnc3[nH]ccc23)CC1)c1ccc(Cl)cc1,O=C(NCc1ccccc1)C1CCN(c2ncnc3[nH]ccc23)CC1,CHEMBL2325997,2.7,Lipophilicity,3,train
CC(NC(=O)C1(N)CCN(c2ncnc3[nH]ccc23)CC1)c1ccc(F)cc1,CC(NC(=O)C1(N)CCN(c2ncnc3[nH]ccc23)CC1)c1ccc(F)cc1,O=C(NCc1ccccc1)C1CCN(c2ncnc3[nH]ccc23)CC1,CHEMBL2325987,2.4,Lipophilicity,1,train
CC(NC(=O)C1(N)CCN(c2ncnc3[nH]ccc23)CC1)c1ccc(S(C)(=O)=O)cc1,CC(NC(=O)C1(N)CCN(c2ncnc3[nH]ccc23)CC1)c1ccc(S(C)(=O)=O)cc1,O=C(NCc1ccccc1)C1CCN(c2ncnc3[nH]ccc23)CC1,CHEMBL2325990,1.0,Lipophilicity,1,train
CC(NC(=O)C1(N)CCN(c2ncnc3[nH]ccc23)CC1)c1ccccc1,CC(NC(=O)C1(N)CCN(c2ncnc3[nH]ccc23)CC1)c1ccccc1,O=C(NCc1ccccc1)C1CCN(c2ncnc3[nH]ccc23)CC1,CHEMBL2325986,2.17,Lipophilicity,1,train
CN(C)C(=O)CC(NC(=O)C1(N)CCN(c2ncnc3[nH]ccc23)CC1)c1ccc(Cl)cc1,CN(C)C(=O)CC(NC(=O)C1(N)CCN(c2ncnc3[nH]ccc23)CC1)c1ccc(Cl)cc1,O=C(NCc1ccccc1)C1CCN(c2ncnc3[nH]ccc23)CC1,CHEMBL2325731,2.4,Lipophilicity,1,train
CN(C)CCCC(NC(=O)C1(N)CCN(c2ncnc3[nH]ccc23)CC1)c1ccc(Cl)cc1,CN(C)CCCC(NC(=O)C1(N)CCN(c2ncnc3[nH]ccc23)CC1)c1ccc(Cl)cc1,O=C(NCc1ccccc1)C1CCN(c2ncnc3[nH]ccc23)CC1,CHEMBL2325993,1.4,Lipophilicity,1,train
CN(Cc1ccc(Cl)cc1)C(=O)C1(N)CCN(c2ncnc3[nH]ccc23)CC1,CN(Cc1ccc(Cl)cc1)C(=O)C1(N)CCN(c2ncnc3[nH]ccc23)CC1,O=C(NCc1ccccc1)C1CCN(c2ncnc3[nH]ccc23)CC1,CHEMBL597803,2.8,Lipophilicity,1,train
COCCC(NC(=O)C1(N)CCN(c2ncnc3[nH]ccc23)CC1)c1ccc(Cl)cc1,COCCC(NC(=O)C1(N)CCN(c2ncnc3[nH]ccc23)CC1)c1ccc(Cl)cc1,O=C(NCc1ccccc1)C1CCN(c2ncnc3[nH]ccc23)CC1,CHEMBL2325740,2.95,Lipophilicity,1,train
COc1ccc(C(C)NC(=O)C2(N)CCN(c3ncnc4[nH]ccc34)CC2)cc1OC,COc1ccc(C(C)NC(=O)C2(N)CCN(c3ncnc4[nH]ccc34)CC2)cc1OC,O=C(NCc1ccccc1)C1CCN(c2ncnc3[nH]ccc23)CC1,CHEMBL2325991,1.8,Lipophilicity,1,train
CS(=O)(=O)NCC(NC(=O)C1(N)CCN(c2ncnc3[nH]ccc23)CC1)c1ccc(Cl)cc1,CS(=O)(=O)NCC(NC(=O)C1(N)CCN(c2ncnc3[nH]ccc23)CC1)c1ccc(Cl)cc1,O=C(NCc1ccccc1)C1CCN(c2ncnc3[nH]ccc23)CC1,CHEMBL2325735,2.1,Lipophilicity,1,train
CS(=O)(=O)NCCC(NC(=O)C1(N)CCN(c2ncnc3[nH]ccc23)CC1)c1ccc(Cl)cc1,CS(=O)(=O)NCCC(NC(=O)C1(N)CCN(c2ncnc3[nH]ccc23)CC1)c1ccc(Cl)cc1,O=C(NCc1ccccc1)C1CCN(c2ncnc3[nH]ccc23)CC1,CHEMBL2325736,2.2,Lipophilicity,1,train
NC(=O)C(NC(=O)C1(N)CCN(c2ncnc3[nH]ccc23)CC1)c1ccc(Cl)cc1,NC(=O)C(NC(=O)C1(N)CCN(c2ncnc3[nH]ccc23)CC1)c1ccc(Cl)cc1,O=C(NCc1ccccc1)C1CCN(c2ncnc3[nH]ccc23)CC1,CHEMBL2325730,2.2,Lipophilicity,1,train
NC1(C(=O)NC(CCO)c2ccc(Cl)cc2)CCN(c2ncnc3[nH]ccc23)CC1,NC1(C(=O)NC(CCO)c2ccc(Cl)cc2)CCN(c2ncnc3[nH]ccc23)CC1,O=C(NCc1ccccc1)C1CCN(c2ncnc3[nH]ccc23)CC1,CHEMBL2325738,2.5,Lipophilicity,1,train
NC1(C(=O)NC(CO)c2ccc(Cl)cc2)CCN(c2ncnc3[nH]ccc23)CC1,NC1(C(=O)NC(CO)c2ccc(Cl)cc2)CCN(c2ncnc3[nH]ccc23)CC1,O=C(NCc1ccccc1)C1CCN(c2ncnc3[nH]ccc23)CC1,CHEMBL2325737,2.4,Lipophilicity,1,train
NC1(C(=O)NC(CS(N)(=O)=O)c2ccc(Cl)cc2)CCN(c2ncnc3[nH]ccc23)CC1,NC1(C(=O)NC(CS(N)(=O)=O)c2ccc(Cl)cc2)CCN(c2ncnc3[nH]ccc23)CC1,O=C(NCc1ccccc1)C1CCN(c2ncnc3[nH]ccc23)CC1,CHEMBL2325733,2.2,Lipophilicity,1,train
NC1(C(=O)NCc2ccc(Cl)cc2)CCN(c2ncnc3[nH]ccc23)CC1,NC1(C(=O)NCc2ccc(Cl)cc2)CCN(c2ncnc3[nH]ccc23)CC1,O=C(NCc1ccccc1)C1CCN(c2ncnc3[nH]ccc23)CC1,CHEMBL598194,2.88,Lipophilicity,1,train
CC(C)(CO)Nc1nc(SCc2cccc(F)c2F)nc2nc(N)sc12,CC(C)(CO)Nc1nc(SCc2cccc(F)c2F)nc2nc(N)sc12,c1ccc(CSc2ncc3scnc3n2)cc1,CHEMBL380947,3.37,Lipophilicity,1,train
CC(C)C[C@H](CO)Nc1nc(SCc2cccc(C#N)c2)nc2nc(N)sc12,CC(C)CC(CO)Nc1nc(SCc2cccc(C#N)c2)nc2nc(N)sc12,c1ccc(CSc2ncc3scnc3n2)cc1,CHEMBL2349329,3.9,Lipophilicity,1,train
CC(C)C[C@H](CO)Nc1nc(SCc2ccccc2)nc2nc(N)sc12,CC(C)CC(CO)Nc1nc(SCc2ccccc2)nc2nc(N)sc12,c1ccc(CSc2ncc3scnc3n2)cc1,CHEMBL2349335,4.2,Lipophilicity,1,train
CC(C)C[C@H](CO)Nc1nc(SCc2ccccc2F)nc2nc(N)sc12,CC(C)CC(CO)Nc1nc(SCc2ccccc2F)nc2nc(N)sc12,c1ccc(CSc2ncc3scnc3n2)cc1,CHEMBL2349324,4.5,Lipophilicity,1,train
CC(CO)(CO)Nc1nc(SCc2cccc(F)c2F)nc2nc(N)sc12,CC(CO)(CO)Nc1nc(SCc2cccc(F)c2F)nc2nc(N)sc12,c1ccc(CSc2ncc3scnc3n2)cc1,CHEMBL389792,2.87,Lipophilicity,1,train
C[C@H](CO)Nc1nc(SCc2cccc(Cl)c2)nc2nc(N)sc12,CC(CO)Nc1nc(SCc2cccc(Cl)c2)nc2nc(N)sc12,c1ccc(CSc2ncc3scnc3n2)cc1,CHEMBL394799,3.31,Lipophilicity,1,train
C[C@H](CO)Nc1nc(SCc2cccc(F)c2F)nc2nc(N)sc12,CC(CO)Nc1nc(SCc2cccc(F)c2F)nc2nc(N)sc12,c1ccc(CSc2ncc3scnc3n2)cc1,CHEMBL397237,3.29,Lipophilicity,1,train
C[C@H](CO)Nc1nc(SCc2cccc(F)c2F)nc2nc(NS(C)(=O)=O)sc12,CC(CO)Nc1nc(SCc2cccc(F)c2F)nc2nc(NS(C)(=O)=O)sc12,c1ccc(CSc2ncc3scnc3n2)cc1,CHEMBL429682,0.92,Lipophilicity,1,train
C[C@H](CO)Nc1nc(SCc2ccccc2)nc2nc(N)sc12,CC(CO)Nc1nc(SCc2ccccc2)nc2nc(N)sc12,c1ccc(CSc2ncc3scnc3n2)cc1,CHEMBL271013,3.12,Lipophilicity,1,train
C[C@H](CO)Nc1nc(SCc2ccccc2F)nc2nc(N)sc12,CC(CO)Nc1nc(SCc2ccccc2F)nc2nc(N)sc12,c1ccc(CSc2ncc3scnc3n2)cc1,CHEMBL232846,3.12,Lipophilicity,1,train
C[C@@H](O)[C@@H](CO)Nc1nc(SCc2cccc(F)c2F)nc2nc(N)sc12,CC(O)C(CO)Nc1nc(SCc2cccc(F)c2F)nc2nc(N)sc12,c1ccc(CSc2ncc3scnc3n2)cc1,CHEMBL389791,2.83,Lipophilicity,1,train
CC[C@@H](CO)Nc1nc(SCc2ccccc2)nc2nc(N)sc12,CCC(CO)Nc1nc(SCc2ccccc2)nc2nc(N)sc12,c1ccc(CSc2ncc3scnc3n2)cc1,CHEMBL383235,3.13,Lipophilicity,2,train
CCC[C@H](CO)Nc1nc(SCc2ccccc2)nc2nc(N)sc12,CCCC(CO)Nc1nc(SCc2ccccc2)nc2nc(N)sc12,c1ccc(CSc2ncc3scnc3n2)cc1,CHEMBL2349339,3.8,Lipophilicity,1,train
CNc1nc2nc(SCc3cccc(F)c3F)nc(N[C@H](C)CO)c2s1,CNc1nc2nc(SCc3cccc(F)c3F)nc(NC(C)CO)c2s1,c1ccc(CSc2ncc3scnc3n2)cc1,CHEMBL245180,3.7,Lipophilicity,1,train
Nc1nc2nc(SCc3cccc(F)c3F)nc(O)c2s1,Nc1nc2nc(SCc3cccc(F)c3F)nc(O)c2s1,c1ccc(CSc2ncc3scnc3n2)cc1,CHEMBL370387,2.5,Lipophilicity,1,train
Nc1nc2nc(SCc3ccccc3)nc(N)c2s1,Nc1nc2nc(SCc3ccccc3)nc(N)c2s1,c1ccc(CSc2ncc3scnc3n2)cc1,CHEMBL201800,3.1,Lipophilicity,1,train
CC(C)(C)C(=O)Nc1ccc2c(c1)C(=O)C(=O)c1ccccc1-2,CC(C)(C)C(=O)Nc1ccc2c(c1)C(=O)C(=O)c1ccccc1-2,O=C1C(=O)c2ccccc2-c2ccccc21,CHEMBL51314,2.83,Lipophilicity,1,train
CCCC(=O)Nc1ccc2c(c1)C(=O)C(=O)c1ccccc1-2,CCCC(=O)Nc1ccc2c(c1)C(=O)C(=O)c1ccccc1-2,O=C1C(=O)c2ccccc2-c2ccccc21,CHEMBL51257,2.81,Lipophilicity,1,train
COC(=O)CCC(=O)Nc1ccc2c(c1)-c1ccccc1C(=O)C2=O,COC(=O)CCC(=O)Nc1ccc2c(c1)-c1ccccc1C(=O)C2=O,O=C1C(=O)c2ccccc2-c2ccccc21,CHEMBL51781,2.72,Lipophilicity,1,train
COC(=O)CCC(=O)Nc1ccc2c(c1)C(=O)C(=O)c1cc(NC(=O)CCC(=O)OC)ccc1-2,COC(=O)CCC(=O)Nc1ccc2c(c1)C(=O)C(=O)c1cc(NC(=O)CCC(=O)OC)ccc1-2,O=C1C(=O)c2ccccc2-c2ccccc21,CHEMBL51776,2.67,Lipophilicity,1,train
COC(=O)CCCC(=O)Nc1ccc2c(c1)-c1ccccc1C(=O)C2=O,COC(=O)CCCC(=O)Nc1ccc2c(c1)-c1ccccc1C(=O)C2=O,O=C1C(=O)c2ccccc2-c2ccccc21,CHEMBL50161,2.96,Lipophilicity,1,train
COC(=O)CCCCCCC(=O)Nc1ccc2c(c1)-c1ccccc1C(=O)C2=O,COC(=O)CCCCCCC(=O)Nc1ccc2c(c1)-c1ccccc1C(=O)C2=O,O=C1C(=O)c2ccccc2-c2ccccc21,CHEMBL298384,2.6,Lipophilicity,1,train
COC(=O)CCCCCCC(=O)Nc1ccc2c(c1)C(=O)C(=O)c1ccccc1-2,COC(=O)CCCCCCC(=O)Nc1ccc2c(c1)C(=O)C(=O)c1ccccc1-2,O=C1C(=O)c2ccccc2-c2ccccc21,CHEMBL50347,2.9,Lipophilicity,1,train
Nc1ccc2c(c1)-c1ccccc1C(=O)C2=O,Nc1ccc2c(c1)-c1ccccc1C(=O)C2=O,O=C1C(=O)c2ccccc2-c2ccccc21,CHEMBL51880,2.39,Lipophilicity,1,train
Nc1ccc2c(c1)C(=O)C(=O)c1cc(N)ccc1-2,Nc1ccc2c(c1)C(=O)C(=O)c1cc(N)ccc1-2,O=C1C(=O)c2ccccc2-c2ccccc21,CHEMBL2094354,1.72,Lipophilicity,1,train
Nc1ccc2c(c1)C(=O)C(=O)c1ccccc1-2,Nc1ccc2c(c1)C(=O)C(=O)c1ccccc1-2,O=C1C(=O)c2ccccc2-c2ccccc21,CHEMBL417727,2.23,Lipophilicity,1,train
Nc1cccc2c1-c1ccccc1C(=O)C2=O,Nc1cccc2c1-c1ccccc1C(=O)C2=O,O=C1C(=O)c2ccccc2-c2ccccc21,CHEMBL49236,2.31,Lipophilicity,1,train
Nc1cccc2c1C(=O)C(=O)c1ccccc1-2,Nc1cccc2c1C(=O)C(=O)c1ccccc1-2,O=C1C(=O)c2ccccc2-c2ccccc21,CHEMBL52047,2.95,Lipophilicity,1,train
O=C1C(=O)c2cc([N+](=O)[O-])ccc2-c2ccccc21,O=C1C(=O)c2cc([N+](=O)[O-])ccc2-c2ccccc21,O=C1C(=O)c2ccccc2-c2ccccc21,CHEMBL433282,2.42,Lipophilicity,1,train
O=C1C(=O)c2ccc([N+](=O)[O-])cc2-c2ccccc21,O=C1C(=O)c2ccc([N+](=O)[O-])cc2-c2ccccc21,O=C1C(=O)c2ccccc2-c2ccccc21,CHEMBL50973,2.56,Lipophilicity,1,train
O=C1C(=O)c2cccc([N+](=O)[O-])c2-c2ccccc21,O=C1C(=O)c2cccc([N+](=O)[O-])c2-c2ccccc21,O=C1C(=O)c2ccccc2-c2ccccc21,CHEMBL50149,2.6,Lipophilicity,1,train
O=C1C(=O)c2ccccc2-c2ccccc21,O=C1C(=O)c2ccccc2-c2ccccc21,O=C1C(=O)c2ccccc2-c2ccccc21,CHEMBL51931,2.6,Lipophilicity,1,train
CCCc1c(OCc2ccc(C(=O)O)c(Br)c2)ccc(C(C)=O)c1O,CCCc1c(OCc2ccc(C(=O)O)c(Br)c2)ccc(C(C)=O)c1O,c1ccc(COc2ccccc2)cc1,CHEMBL167226,2.3,Lipophilicity,1,train
CCCc1c(OCc2ccc(C(=O)O)cc2)ccc(C(C)=O)c1O,CCCc1c(OCc2ccc(C(=O)O)cc2)ccc(C(C)=O)c1O,c1ccc(COc2ccccc2)cc1,CHEMBL167059,2.1,Lipophilicity,1,train
CNCC[C@@H](Oc1cc(C(F)(F)F)ccc1C#N)c1ccccc1,CNCCC(Oc1cc(C(F)(F)F)ccc1C#N)c1ccccc1,c1ccc(COc2ccccc2)cc1,CHEMBL1789224,1.3,Lipophilicity,1,train
CNCC[C@@H](Oc1cc(OC)ccc1C#N)c1ccccc1,CNCCC(Oc1cc(OC)ccc1C#N)c1ccccc1,c1ccc(COc2ccccc2)cc1,CHEMBL1789274,0.87,Lipophilicity,1,train
CNCCC(Oc1ccc(C(F)(F)F)cc1)c1ccccc1,CNCCC(Oc1ccc(C(F)(F)F)cc1)c1ccccc1,c1ccc(COc2ccccc2)cc1,CHEMBL41,1.92,Lipophilicity,3,train
CNCC[C@@H](Oc1ccccc1C)c1ccccc1,CNCCC(Oc1ccccc1C)c1ccccc1,c1ccc(COc2ccccc2)cc1,CHEMBL641,1.2,Lipophilicity,1,train
CNCCC(Oc1ccccc1OC)c1ccccc1,CNCCC(Oc1ccccc1OC)c1ccccc1,c1ccc(COc2ccccc2)cc1,CHEMBL295467,0.22,Lipophilicity,1,train
N#Cc1cc(Cl)ccc1O[C@H](CCN)c1ccccc1,N#Cc1cc(Cl)ccc1OC(CCN)c1ccccc1,c1ccc(COc2ccccc2)cc1,CHEMBL1789328,0.91,Lipophilicity,1,train
N#Cc1cc(F)c(Cl)cc1O[C@H](CCN)c1ccccc1,N#Cc1cc(F)c(Cl)cc1OC(CCN)c1ccccc1,c1ccc(COc2ccccc2)cc1,CHEMBL1789186,0.77,Lipophilicity,1,train
N#Cc1ccc(Cl)cc1O[C@H](CCN)c1ccccc1,N#Cc1ccc(Cl)cc1OC(CCN)c1ccccc1,c1ccc(COc2ccccc2)cc1,CHEMBL1738761,0.76,Lipophilicity,1,train
NC(=O)c1ccccc1OCc1ccccc1,NC(=O)c1ccccc1OCc1ccccc1,c1ccc(COc2ccccc2)cc1,CHEMBL59956,2.5,Lipophilicity,1,train
Nc1ccc(OCc2ccccc2)cc1,Nc1ccc(OCc2ccccc2)cc1,c1ccc(COc2ccccc2)cc1,CHEMBL1351571,2.2,Lipophilicity,1,train
O=C(Cc1ccc(OCc2ccccc2)cc1)NO,O=C(Cc1ccc(OCc2ccccc2)cc1)NO,c1ccc(COc2ccccc2)cc1,CHEMBL54429,1.92,Lipophilicity,1,train
O=C(O)CCc1ccc(OCc2cccc(Br)c2)cc1,O=C(O)CCc1ccc(OCc2cccc(Br)c2)cc1,c1ccc(COc2ccccc2)cc1,CHEMBL1773254,1.67,Lipophilicity,1,train
OCCNCc1cc(Br)ccc1OCc1ccc(Cl)cc1,OCCNCc1cc(Br)ccc1OCc1ccc(Cl)cc1,c1ccc(COc2ccccc2)cc1,CHEMBL1626156,2.98,Lipophilicity,1,train
CN(C)CCCOc1ccc(-c2cc(C(N)=O)c(NC(N)=O)s2)cc1,CN(C)CCCOc1ccc(-c2cc(C(N)=O)c(NC(N)=O)s2)cc1,c1ccc(-c2cccs2)cc1,CHEMBL452529,0.64,Lipophilicity,1,train
CN(C)CCOc1ccc(-c2cc(C(N)=O)c(NC(N)=O)s2)cc1,CN(C)CCOc1ccc(-c2cc(C(N)=O)c(NC(N)=O)s2)cc1,c1ccc(-c2cccs2)cc1,CHEMBL452021,1.16,Lipophilicity,1,train
CN(CCO)Cc1ccc(-c2cc(C(N)=O)c(NC(N)=O)s2)cc1,CN(CCO)Cc1ccc(-c2cc(C(N)=O)c(NC(N)=O)s2)cc1,c1ccc(-c2cccs2)cc1,CHEMBL452274,0.97,Lipophilicity,1,train
CNC(=O)Nc1cc(-c2ccccc2)sc1C(N)=O,CNC(=O)Nc1cc(-c2ccccc2)sc1C(N)=O,c1ccc(-c2cccs2)cc1,CHEMBL383723,2.71,Lipophilicity,1,train
CNC(=O)c1cc(-c2ccccc2)sc1NC(N)=O,CNC(=O)c1cc(-c2ccccc2)sc1NC(N)=O,c1ccc(-c2cccs2)cc1,CHEMBL488238,3.19,Lipophilicity,1,train
COCCNCc1ccc(-c2cc(C(N)=O)c(NC(N)=O)s2)cc1,COCCNCc1ccc(-c2cc(C(N)=O)c(NC(N)=O)s2)cc1,c1ccc(-c2cccs2)cc1,CHEMBL452273,0.87,Lipophilicity,1,train
COCCOCCOc1ccc(-c2cc(C(N)=O)c(NC(N)=O)s2)cc1,COCCOCCOc1ccc(-c2cc(C(N)=O)c(NC(N)=O)s2)cc1,c1ccc(-c2cccs2)cc1,CHEMBL452791,2.21,Lipophilicity,1,train
COCCOc1ccc(-c2cc(C(N)=O)c(NC(N)=O)s2)cc1,COCCOc1ccc(-c2cc(C(N)=O)c(NC(N)=O)s2)cc1,c1ccc(-c2cccs2)cc1,CHEMBL453222,2.34,Lipophilicity,1,train
NC(=O)Nc1cc(-c2cccc(O)c2)sc1C(N)=O,NC(=O)Nc1cc(-c2cccc(O)c2)sc1C(N)=O,c1ccc(-c2cccs2)cc1,CHEMBL1831079,2.21,Lipophilicity,1,train
NC(=O)Nc1cc(-c2ccccc2)sc1C(N)=O,NC(=O)Nc1cc(-c2ccccc2)sc1C(N)=O,c1ccc(-c2cccs2)cc1,CHEMBL1831214,2.43,Lipophilicity,1,train
NC(=O)Nc1sc(-c2ccccc2)cc1C(N)=O,NC(=O)Nc1sc(-c2ccccc2)cc1C(N)=O,c1ccc(-c2cccs2)cc1,CHEMBL404609,2.42,Lipophilicity,1,train
NC(=O)c1cc(-c2ccccc2)sc1N,NC(=O)c1cc(-c2ccccc2)sc1N,c1ccc(-c2cccs2)cc1,CHEMBL382565,2.7,Lipophilicity,1,train
NC(=O)c1sc(-c2ccc(Cl)cc2)cc1N,NC(=O)c1sc(-c2ccc(Cl)cc2)cc1N,c1ccc(-c2cccs2)cc1,CHEMBL444884,3.3,Lipophilicity,1,train
NC(=O)c1sc(-c2ccccc2)cc1N,NC(=O)c1sc(-c2ccccc2)cc1N,c1ccc(-c2cccs2)cc1,CHEMBL207028,2.33,Lipophilicity,1,train
C#CCN(c1ccnc(Nc2ccc(OCC(O)CN(C)C)cc2)n1)c1cc(Cl)ccc1Cl,C#CCN(c1ccnc(Nc2ccc(OCC(O)CN(C)C)cc2)n1)c1cc(Cl)ccc1Cl,c1ccc(Nc2ccnc(Nc3ccccc3)n2)cc1,CHEMBL322019,3.2,Lipophilicity,1,train
CN(C)CC(O)COc1ccc(Nc2ncc(Cl)c(Nc3ccccc3)n2)cc1,CN(C)CC(O)COc1ccc(Nc2ncc(Cl)c(Nc3ccccc3)n2)cc1,c1ccc(Nc2ccnc(Nc3ccccc3)n2)cc1,CHEMBL100391,2.25,Lipophilicity,1,train
CN(C)CC(O)COc1ccc(Nc2nccc(N(CC#N)c3cc(Cl)ccc3Cl)n2)cc1,CN(C)CC(O)COc1ccc(Nc2nccc(N(CC#N)c3cc(Cl)ccc3Cl)n2)cc1,c1ccc(Nc2ccnc(Nc3ccccc3)n2)cc1,CHEMBL430507,2.4,Lipophilicity,1,train
CN(C)CC(O)COc1ccc(Nc2nccc(Nc3cc(Cl)ccc3Cl)n2)cc1,CN(C)CC(O)COc1ccc(Nc2nccc(Nc3cc(Cl)ccc3Cl)n2)cc1,c1ccc(Nc2ccnc(Nc3ccccc3)n2)cc1,CHEMBL101311,2.9,Lipophilicity,1,train
CN(C)CC(O)COc1ccc(Nc2nccc(Nc3ccc(Cl)cc3)n2)cc1,CN(C)CC(O)COc1ccc(Nc2nccc(Nc3ccc(Cl)cc3)n2)cc1,c1ccc(Nc2ccnc(Nc3ccccc3)n2)cc1,CHEMBL430854,2.6,Lipophilicity,1,train
CN(C)CC(O)COc1ccc(Nc2nccc(Nc3cccc(Cl)c3)n2)cc1,CN(C)CC(O)COc1ccc(Nc2nccc(Nc3cccc(Cl)c3)n2)cc1,c1ccc(Nc2ccnc(Nc3ccccc3)n2)cc1,CHEMBL317629,2.5,Lipophilicity,1,train
CN(C)CC(O)COc1ccc(Nc2nccc(Nc3ccccc3)n2)cc1,CN(C)CC(O)COc1ccc(Nc2nccc(Nc3ccccc3)n2)cc1,c1ccc(Nc2ccnc(Nc3ccccc3)n2)cc1,CHEMBL102047,1.58,Lipophilicity,1,train
CN(C)CC(O)COc1ccc(Nc2nccc(Nc3ccccc3C#N)n2)cc1,CN(C)CC(O)COc1ccc(Nc2nccc(Nc3ccccc3C#N)n2)cc1,c1ccc(Nc2ccnc(Nc3ccccc3)n2)cc1,CHEMBL99689,1.2,Lipophilicity,1,train
Cc1ccc(Cl)c(Nc2ccnc(Nc3ccc(OCC(O)CN(C)C)cc3)n2)c1,Cc1ccc(Cl)c(Nc2ccnc(Nc3ccc(OCC(O)CN(C)C)cc3)n2)c1,c1ccc(Nc2ccnc(Nc3ccccc3)n2)cc1,CHEMBL99948,2.6,Lipophilicity,1,train
Cc1ccc(F)c(Nc2ccnc(Nc3ccc(OCC(O)CN(C)C)cc3)n2)c1,Cc1ccc(F)c(Nc2ccnc(Nc3ccc(OCC(O)CN(C)C)cc3)n2)c1,c1ccc(Nc2ccnc(Nc3ccccc3)n2)cc1,CHEMBL101468,2.1,Lipophilicity,1,train
Cc1ccc(F)c(Nc2ccnc(Nc3ccc(S(N)(=O)=O)cc3)n2)c1,Cc1ccc(F)c(Nc2ccnc(Nc3ccc(S(N)(=O)=O)cc3)n2)c1,c1ccc(Nc2ccnc(Nc3ccccc3)n2)cc1,CHEMBL103355,3.1,Lipophilicity,1,train
Cc1cnc(Nc2ccc(OCC(O)CN(C)C)cc2)nc1Nc1ccccc1,Cc1cnc(Nc2ccc(OCC(O)CN(C)C)cc2)nc1Nc1ccccc1,c1ccc(Nc2ccnc(Nc3ccccc3)n2)cc1,CHEMBL101473,2.0,Lipophilicity,1,train
O=C(O)c1ccc(Nc2ncc(Br)c(Nc3ccccc3)n2)cc1,O=C(O)c1ccc(Nc2ncc(Br)c(Nc3ccccc3)n2)cc1,c1ccc(Nc2ccnc(Nc3ccccc3)n2)cc1,CHEMBL404687,1.65,Lipophilicity,1,train
c1ccc(Nc2ccnc(Nc3ccccc3)n2)cc1,c1ccc(Nc2ccnc(Nc3ccccc3)n2)cc1,c1ccc(Nc2ccnc(Nc3ccccc3)n2)cc1,CHEMBL578061,4.06,Lipophilicity,1,train
CC(C)Oc1ccc2c(=O)c(-c3ccccc3)coc2c1,CC(C)Oc1ccc2c(=O)c(-c3ccccc3)coc2c1,O=c1c(-c2ccccc2)coc2ccccc12,CHEMBL165790,4.07,Lipophilicity,1,train
COc1cc(O)cc2occ(-c3ccc(O)cc3)c(=O)c12,COc1cc(O)cc2occ(-c3ccc(O)cc3)c(=O)c12,O=c1c(-c2ccccc2)coc2ccccc12,CHEMBL1479463,2.0,Lipophilicity,1,train
COc1ccc(-c2coc3cc(O)cc(O)c3c2=O)cc1,COc1ccc(-c2coc3cc(O)cc(O)c3c2=O)cc1,O=c1c(-c2ccccc2)coc2ccccc12,CHEMBL131921,3.5,Lipophilicity,1,train
COc1ccc(-c2coc3cc(O)cc(O)c3c2=O)cc1OC,COc1ccc(-c2coc3cc(O)cc(O)c3c2=O)cc1OC,O=c1c(-c2ccccc2)coc2ccccc12,CHEMBL1300982,2.8,Lipophilicity,1,train
COc1ccc(-c2coc3cc(O)ccc3c2=O)cc1,COc1ccc(-c2coc3cc(O)ccc3c2=O)cc1,O=c1c(-c2ccccc2)coc2ccccc12,CHEMBL242341,3.05,Lipophilicity,1,train
COc1ccc(-c2coc3cc(OC)cc(OC)c3c2=O)cc1,COc1ccc(-c2coc3cc(OC)cc(OC)c3c2=O)cc1,O=c1c(-c2ccccc2)coc2ccccc12,CHEMBL13097,3.05,Lipophilicity,1,train
COc1ccccc1-c1coc2cc(O)ccc2c1=O,COc1ccccc1-c1coc2cc(O)ccc2c1=O,O=c1c(-c2ccccc2)coc2ccccc12,CHEMBL575073,2.55,Lipophilicity,1,train
Cc1oc2cc(O)ccc2c(=O)c1-c1ccccc1,Cc1oc2cc(O)ccc2c(=O)c1-c1ccccc1,O=c1c(-c2ccccc2)coc2ccccc12,CHEMBL489340,2.95,Lipophilicity,1,train
O=c1c(-c2ccc(F)cc2)coc2cc(O)cc(O)c12,O=c1c(-c2ccc(F)cc2)coc2cc(O)cc(O)c12,O=c1c(-c2ccccc2)coc2ccccc12,CHEMBL283334,3.6,Lipophilicity,1,train
O=c1c(-c2ccc(O)c(O)c2)coc2cc(O)cc(O)c12,O=c1c(-c2ccc(O)c(O)c2)coc2cc(O)cc(O)c12,O=c1c(-c2ccccc2)coc2ccccc12,CHEMBL241609,2.45,Lipophilicity,1,train
O=c1c(-c2ccc(O)c(O)c2)coc2cc(O)ccc12,O=c1c(-c2ccc(O)c(O)c2)coc2cc(O)ccc12,O=c1c(-c2ccccc2)coc2ccccc12,CHEMBL13486,1.88,Lipophilicity,1,train
O=c1c(-c2ccc(O)cc2)coc2cc(O)cc(O)c12,O=c1c(-c2ccc(O)cc2)coc2cc(O)cc(O)c12,O=c1c(-c2ccccc2)coc2ccccc12,CHEMBL44,3.06,Lipophilicity,1,train
O=c1c(-c2ccc(O)cc2)coc2cc(O)ccc12,O=c1c(-c2ccc(O)cc2)coc2cc(O)ccc12,O=c1c(-c2ccccc2)coc2ccccc12,CHEMBL8145,2.46,Lipophilicity,1,train
O=c1c(-c2ccc([N+](=O)[O-])cc2)coc2cc(O)cc(O)c12,O=c1c(-c2ccc([N+](=O)[O-])cc2)coc2cc(O)cc(O)c12,O=c1c(-c2ccccc2)coc2ccccc12,CHEMBL203854,3.24,Lipophilicity,1,train
CC1CN(C(=O)c2cc3ccccc3[nH]2)CCN1,CC1CN(C(=O)c2cc3ccccc3[nH]2)CCN1,O=C(c1cc2ccccc2[nH]1)N1CCNCC1,CHEMBL341087,0.94,Lipophilicity,1,train
CCN1CCN(C(=O)c2cc3cc(Cl)ccc3[nH]2)CC1,CCN1CCN(C(=O)c2cc3cc(Cl)ccc3[nH]2)CC1,O=C(c1cc2ccccc2[nH]1)N1CCNCC1,CHEMBL1513816,3.14,Lipophilicity,1,train
CCN1CCN(C(=O)c2cc3cc(F)ccc3[nH]2)CC1,CCN1CCN(C(=O)c2cc3cc(F)ccc3[nH]2)CC1,O=C(c1cc2ccccc2[nH]1)N1CCNCC1,CHEMBL1323247,2.28,Lipophilicity,1,train
CCN1CCN(C(=O)c2cc3ccccc3[nH]2)CC1,CCN1CCN(C(=O)c2cc3ccccc3[nH]2)CC1,O=C(c1cc2ccccc2[nH]1)N1CCNCC1,CHEMBL128134,1.95,Lipophilicity,1,train
CN1CCN(C(=O)c2cc3cc(Br)ccc3[nH]2)CC1,CN1CCN(C(=O)c2cc3cc(Br)ccc3[nH]2)CC1,O=C(c1cc2ccccc2[nH]1)N1CCNCC1,CHEMBL128613,2.79,Lipophilicity,1,train
CN1CCN(C(=O)c2cc3cc(Cl)ccc3[nH]2)CC1,CN1CCN(C(=O)c2cc3cc(Cl)ccc3[nH]2)CC1,O=C(c1cc2ccccc2[nH]1)N1CCNCC1,CHEMBL129198,2.4,Lipophilicity,1,train
CN1CCN(C(=O)c2cc3cc(F)ccc3[nH]2)CC1,CN1CCN(C(=O)c2cc3cc(F)ccc3[nH]2)CC1,O=C(c1cc2ccccc2[nH]1)N1CCNCC1,CHEMBL436381,1.97,Lipophilicity,1,train
CN1CCN(C(=O)c2cc3ccccc3[nH]2)CC1,CN1CCN(C(=O)c2cc3ccccc3[nH]2)CC1,O=C(c1cc2ccccc2[nH]1)N1CCNCC1,CHEMBL129199,1.7,Lipophilicity,1,train
CN1CCN(C(=O)c2cc3ccccc3n2C)CC1,CN1CCN(C(=O)c2cc3ccccc3n2C)CC1,O=C(c1cc2ccccc2[nH]1)N1CCNCC1,CHEMBL128506,1.71,Lipophilicity,1,train
COc1ccc2[nH]c(C(=O)N3CCN(C)CC3)cc2c1,COc1ccc2[nH]c(C(=O)N3CCN(C)CC3)cc2c1,O=C(c1cc2ccccc2[nH]1)N1CCNCC1,CHEMBL128637,1.62,Lipophilicity,1,train
Cc1ccc2[nH]c(C(=O)N3CCN(C)CC3)cc2c1,Cc1ccc2[nH]c(C(=O)N3CCN(C)CC3)cc2c1,O=C(c1cc2ccccc2[nH]1)N1CCNCC1,CHEMBL128088,2.22,Lipophilicity,1,train
O=C(c1cc2cc(Cl)ccc2[nH]1)N1CCNCC1,O=C(c1cc2cc(Cl)ccc2[nH]1)N1CCNCC1,O=C(c1cc2ccccc2[nH]1)N1CCNCC1,CHEMBL503605,1.65,Lipophilicity,1,train
O=C(c1cc2ccccc2[nH]1)N1CCNCC1,O=C(c1cc2ccccc2[nH]1)N1CCNCC1,O=C(c1cc2ccccc2[nH]1)N1CCNCC1,CHEMBL129660,0.6,Lipophilicity,1,train
CC(=O)c1ccc2c(c1)N(CCN1CCC(NCc3ccc4c(n3)NC(=O)CO4)CC1)C(=O)CO2,CC(=O)c1ccc2c(c1)N(CCN1CCC(NCc3ccc4c(n3)NC(=O)CO4)CC1)C(=O)CO2,O=C1COc2ccc(CNC3CCN(CCN4C(=O)COc5ccccc54)CC3)nc2N1,CHEMBL1824040,0.37,Lipophilicity,1,train
CC(O)c1ccc2c(c1)N(CCN1CCC(NCc3ccc4c(n3)NC(=O)CO4)CC1)C(=O)CO2,CC(O)c1ccc2c(c1)N(CCN1CCC(NCc3ccc4c(n3)NC(=O)CO4)CC1)C(=O)CO2,O=C1COc2ccc(CNC3CCN(CCN4C(=O)COc5ccccc54)CC3)nc2N1,CHEMBL1824029,0.25,Lipophilicity,1,train
CCS(=O)(=O)c1ccc2c(c1)N(CCN1CCC(NCc3ccc4c(n3)NC(=O)CO4)CC1)C(=O)CO2,CCS(=O)(=O)c1ccc2c(c1)N(CCN1CCC(NCc3ccc4c(n3)NC(=O)CO4)CC1)C(=O)CO2,O=C1COc2ccc(CNC3CCN(CCN4C(=O)COc5ccccc54)CC3)nc2N1,CHEMBL1824038,-0.11,Lipophilicity,1,train
CN(C)S(=O)(=O)c1ccc2c(c1)N(CCN1CCC(NCc3ccc4c(n3)NC(=O)CO4)CC1)C(=O)CO2,CN(C)S(=O)(=O)c1ccc2c(c1)N(CCN1CCC(NCc3ccc4c(n3)NC(=O)CO4)CC1)C(=O)CO2,O=C1COc2ccc(CNC3CCN(CCN4C(=O)COc5ccccc54)CC3)nc2N1,CHEMBL1824035,0.15,Lipophilicity,1,train
COC(=O)c1ccc2c(c1)N(CCN1CCC(NCc3ccc4c(n3)NC(=O)CO4)CC1)C(=O)CO2,COC(=O)c1ccc2c(c1)N(CCN1CCC(NCc3ccc4c(n3)NC(=O)CO4)CC1)C(=O)CO2,O=C1COc2ccc(CNC3CCN(CCN4C(=O)COc5ccccc54)CC3)nc2N1,CHEMBL1824034,0.83,Lipophilicity,1,train
COc1ccc2c(c1)N(CCN1CCC(NCc3ccc4c(n3)NC(=O)CO4)CC1)C(=O)CO2,COc1ccc2c(c1)N(CCN1CCC(NCc3ccc4c(n3)NC(=O)CO4)CC1)C(=O)CO2,O=C1COc2ccc(CNC3CCN(CCN4C(=O)COc5ccccc54)CC3)nc2N1,CHEMBL1824044,0.87,Lipophilicity,1,train
CS(=O)(=O)c1ccc2c(c1)N(CCN1CCC(NCc3ccc4c(n3)NC(=O)CO4)CC1)C(=O)CO2,CS(=O)(=O)c1ccc2c(c1)N(CCN1CCC(NCc3ccc4c(n3)NC(=O)CO4)CC1)C(=O)CO2,O=C1COc2ccc(CNC3CCN(CCN4C(=O)COc5ccccc54)CC3)nc2N1,CHEMBL1824036,-0.51,Lipophilicity,1,train
N#Cc1ccc2c(c1)N(CCN1CCC(NCc3ccc4c(n3)NC(=O)CO4)CC1)C(=O)CO2,N#Cc1ccc2c(c1)N(CCN1CCC(NCc3ccc4c(n3)NC(=O)CO4)CC1)C(=O)CO2,O=C1COc2ccc(CNC3CCN(CCN4C(=O)COc5ccccc54)CC3)nc2N1,CHEMBL1824041,0.23,Lipophilicity,1,train
O=C1COc2ccc(CNC3CCN(CCN4C(=O)COc5ccc(Br)cc54)CC3)nc2N1,O=C1COc2ccc(CNC3CCN(CCN4C(=O)COc5ccc(Br)cc54)CC3)nc2N1,O=C1COc2ccc(CNC3CCN(CCN4C(=O)COc5ccccc54)CC3)nc2N1,CHEMBL1824031,1.42,Lipophilicity,1,train
O=C1COc2ccc(CNC3CCN(CCN4C(=O)COc5ccc(Cl)cc54)CC3)nc2N1,O=C1COc2ccc(CNC3CCN(CCN4C(=O)COc5ccc(Cl)cc54)CC3)nc2N1,O=C1COc2ccc(CNC3CCN(CCN4C(=O)COc5ccccc54)CC3)nc2N1,CHEMBL1824042,1.33,Lipophilicity,1,train
O=C1COc2ccc(CNC3CCN(CCN4C(=O)COc5ccc(F)cc54)CC3)nc2N1,O=C1COc2ccc(CNC3CCN(CCN4C(=O)COc5ccc(F)cc54)CC3)nc2N1,O=C1COc2ccc(CNC3CCN(CCN4C(=O)COc5ccccc54)CC3)nc2N1,CHEMBL1824043,0.9,Lipophilicity,1,train
O=C1COc2ccc(CNC3CCN(CCN4C(=O)COc5ccc(O)cc54)CC3)nc2N1,O=C1COc2ccc(CNC3CCN(CCN4C(=O)COc5ccc(O)cc54)CC3)nc2N1,O=C1COc2ccc(CNC3CCN(CCN4C(=O)COc5ccccc54)CC3)nc2N1,CHEMBL1824030,0.52,Lipophilicity,1,train
O=C1COc2ccc(CNC3CCN(CCN4C(=O)COc5ccc(OC(F)(F)F)cc54)CC3)nc2N1,O=C1COc2ccc(CNC3CCN(CCN4C(=O)COc5ccc(OC(F)(F)F)cc54)CC3)nc2N1,O=C1COc2ccc(CNC3CCN(CCN4C(=O)COc5ccccc54)CC3)nc2N1,CHEMBL1824039,1.82,Lipophilicity,1,train
CN(C)C[C@H](O)Cc1ccc(Cl)c(C(=O)NCC23CC4CC(CC(C4)C2)C3)c1,CN(C)CC(O)Cc1ccc(Cl)c(C(=O)NCC23CC4CC(CC(C4)C2)C3)c1,O=C(NCC12CC3CC(CC(C3)C1)C2)c1ccccc1,CHEMBL564535,2.19,Lipophilicity,1,train
CNC[C@H](O)c1ccc(Cl)c(C(=O)NCC23CC4CC(CC(C4)C2)C3)c1,CNCC(O)c1ccc(Cl)c(C(=O)NCC23CC4CC(CC(C4)C2)C3)c1,O=C(NCC12CC3CC(CC(C3)C1)C2)c1ccccc1,CHEMBL563379,1.41,Lipophilicity,1,train
COc1ccc(Cl)c(C(=O)NCC23CC4CC(CC(C4)C2)C3)c1,COc1ccc(Cl)c(C(=O)NCC23CC4CC(CC(C4)C2)C3)c1,O=C(NCC12CC3CC(CC(C3)C1)C2)c1ccccc1,CHEMBL340983,4.39,Lipophilicity,1,train
COc1ccccc1C(=O)NCC12CC3CC(CC(C3)C1)C2,COc1ccccc1C(=O)NCC12CC3CC(CC(C3)C1)C2,O=C(NCC12CC3CC(CC(C3)C1)C2)c1ccccc1,CHEMBL338579,4.43,Lipophilicity,1,train
Cc1ccccc1C(=O)NCC12CC3CC(CC(C3)C1)C2,Cc1ccccc1C(=O)NCC12CC3CC(CC(C3)C1)C2,O=C(NCC12CC3CC(CC(C3)C1)C2)c1ccccc1,CHEMBL130590,4.28,Lipophilicity,1,train
Nc1ccc(Cl)c(C(=O)NCC23CC4CC(CC(C4)C2)C3)c1,Nc1ccc(Cl)c(C(=O)NCC23CC4CC(CC(C4)C2)C3)c1,O=C(NCC12CC3CC(CC(C3)C1)C2)c1ccccc1,CHEMBL129982,3.45,Lipophilicity,1,train
Nc1cccc(C(=O)NCC23CC4CC(CC(C4)C2)C3)c1Cl,Nc1cccc(C(=O)NCC23CC4CC(CC(C4)C2)C3)c1Cl,O=C(NCC12CC3CC(CC(C3)C1)C2)c1ccccc1,CHEMBL134194,3.29,Lipophilicity,1,train
O=C(NCC12CC3CC(CC(C3)C1)C2)c1cc(OCCCNCCCO)ccc1Cl,O=C(NCC12CC3CC(CC(C3)C1)C2)c1cc(OCCCNCCCO)ccc1Cl,O=C(NCC12CC3CC(CC(C3)C1)C2)c1ccccc1,CHEMBL550167,1.41,Lipophilicity,1,train
O=C(NCC12CC3CC(CC(C3)C1)C2)c1cccc(Cl)c1Cl,O=C(NCC12CC3CC(CC(C3)C1)C2)c1cccc(Cl)c1Cl,O=C(NCC12CC3CC(CC(C3)C1)C2)c1ccccc1,CHEMBL441479,4.37,Lipophilicity,1,train
O=C(NCC12CC3CC(CC(C3)C1)C2)c1ccccc1,O=C(NCC12CC3CC(CC(C3)C1)C2)c1ccccc1,O=C(NCC12CC3CC(CC(C3)C1)C2)c1ccccc1,CHEMBL100539,4.21,Lipophilicity,1,train
O=C(NCC12CC3CC(CC(C3)C1)C2)c1ccccc1Br,O=C(NCC12CC3CC(CC(C3)C1)C2)c1ccccc1Br,O=C(NCC12CC3CC(CC(C3)C1)C2)c1ccccc1,CHEMBL405790,4.15,Lipophilicity,1,train
O=C(NCC12CC3CC(CC(C3)C1)C2)c1ccccc1Cl,O=C(NCC12CC3CC(CC(C3)C1)C2)c1ccccc1Cl,O=C(NCC12CC3CC(CC(C3)C1)C2)c1ccccc1,CHEMBL336619,4.05,Lipophilicity,1,train
O=C(O)CNCCNc1ccc(Cl)c(C(=O)NCC23CC4CC(CC(C4)C2)C3)c1,O=C(O)CNCCNc1ccc(Cl)c(C(=O)NCC23CC4CC(CC(C4)C2)C3)c1,O=C(NCC12CC3CC(CC(C3)C1)C2)c1ccccc1,CHEMBL550496,1.94,Lipophilicity,1,train
COc1ccc(S(=O)(=O)N2CCC[C@H](n3cc(C)c(=O)[nH]c3=O)C2)cc1Oc1cccc(Cl)c1,COc1ccc(S(=O)(=O)N2CCCC(n3cc(C)c(=O)[nH]c3=O)C2)cc1Oc1cccc(Cl)c1,O=c1ccn(C2CCCN(S(=O)(=O)c3cccc(Oc4ccccc4)c3)C2)c(=O)[nH]1,CHEMBL2331745,2.73,Lipophilicity,1,train
Cc1cc(Oc2cc(S(=O)(=O)N3CCC[C@H](n4cc(C)c(=O)[nH]c4=O)C3)ccc2O)ccc1Cl,Cc1cc(Oc2cc(S(=O)(=O)N3CCCC(n4cc(C)c(=O)[nH]c4=O)C3)ccc2O)ccc1Cl,O=c1ccn(C2CCCN(S(=O)(=O)c3cccc(Oc4ccccc4)c3)C2)c(=O)[nH]1,CHEMBL2331750,2.4,Lipophilicity,1,train
Cc1cn([C@H]2CCCN(S(=O)(=O)c3ccc(C(=O)O)c(Oc4ccc(Cl)c(Cl)c4)c3)C2)c(=O)[nH]c1=O,Cc1cn(C2CCCN(S(=O)(=O)c3ccc(C(=O)O)c(Oc4ccc(Cl)c(Cl)c4)c3)C2)c(=O)[nH]c1=O,O=c1ccn(C2CCCN(S(=O)(=O)c3cccc(Oc4ccccc4)c3)C2)c(=O)[nH]1,CHEMBL2331740,-0.87,Lipophilicity,1,train
Cc1cn([C@H]2CCCN(S(=O)(=O)c3ccc(C(=O)O)c(Oc4cccc(Cl)c4)c3)C2)c(=O)[nH]c1=O,Cc1cn(C2CCCN(S(=O)(=O)c3ccc(C(=O)O)c(Oc4cccc(Cl)c4)c3)C2)c(=O)[nH]c1=O,O=c1ccn(C2CCCN(S(=O)(=O)c3cccc(Oc4ccccc4)c3)C2)c(=O)[nH]1,CHEMBL2331742,-1.28,Lipophilicity,1,train
Cc1cn([C@H]2CCCN(S(=O)(=O)c3ccc(C(N)=O)c(Oc4cccc(Cl)c4)c3)C2)c(=O)[nH]c1=O,Cc1cn(C2CCCN(S(=O)(=O)c3ccc(C(N)=O)c(Oc4cccc(Cl)c4)c3)C2)c(=O)[nH]c1=O,O=c1ccn(C2CCCN(S(=O)(=O)c3cccc(Oc4ccccc4)c3)C2)c(=O)[nH]1,CHEMBL2331743,1.96,Lipophilicity,1,train
Cc1cn([C@H]2CCCN(S(=O)(=O)c3ccc(CO)c(Oc4cccc(Cl)c4)c3)C2)c(=O)[nH]c1=O,Cc1cn(C2CCCN(S(=O)(=O)c3ccc(CO)c(Oc4cccc(Cl)c4)c3)C2)c(=O)[nH]c1=O,O=c1ccn(C2CCCN(S(=O)(=O)c3cccc(Oc4ccccc4)c3)C2)c(=O)[nH]1,CHEMBL2331754,2.69,Lipophilicity,1,train
Cc1cn([C@H]2CCCN(S(=O)(=O)c3ccc(O)c(Oc4cc(F)cc(Cl)c4)c3)C2)c(=O)[nH]c1=O,Cc1cn(C2CCCN(S(=O)(=O)c3ccc(O)c(Oc4cc(F)cc(Cl)c4)c3)C2)c(=O)[nH]c1=O,O=c1ccn(C2CCCN(S(=O)(=O)c3cccc(Oc4ccccc4)c3)C2)c(=O)[nH]1,CHEMBL2331752,2.35,Lipophilicity,1,train
Cc1cn([C@H]2CCCN(S(=O)(=O)c3ccc(O)c(Oc4ccc(Cl)cc4)c3)C2)c(=O)[nH]c1=O,Cc1cn(C2CCCN(S(=O)(=O)c3ccc(O)c(Oc4ccc(Cl)cc4)c3)C2)c(=O)[nH]c1=O,O=c1ccn(C2CCCN(S(=O)(=O)c3cccc(Oc4ccccc4)c3)C2)c(=O)[nH]1,CHEMBL2331749,2.12,Lipophilicity,1,train
Cc1cn([C@H]2CCCN(S(=O)(=O)c3ccc(O)c(Oc4cccc(Br)c4)c3)C2)c(=O)[nH]c1=O,Cc1cn(C2CCCN(S(=O)(=O)c3ccc(O)c(Oc4cccc(Br)c4)c3)C2)c(=O)[nH]c1=O,O=c1ccn(C2CCCN(S(=O)(=O)c3cccc(Oc4ccccc4)c3)C2)c(=O)[nH]1,CHEMBL2331751,2.3,Lipophilicity,1,train
Cc1cn([C@H]2CCCN(S(=O)(=O)c3ccc(O)c(Oc4cccc(C(F)(F)F)c4)c3)C2)c(=O)[nH]c1=O,Cc1cn(C2CCCN(S(=O)(=O)c3ccc(O)c(Oc4cccc(C(F)(F)F)c4)c3)C2)c(=O)[nH]c1=O,O=c1ccn(C2CCCN(S(=O)(=O)c3cccc(Oc4ccccc4)c3)C2)c(=O)[nH]1,CHEMBL2331753,2.27,Lipophilicity,1,train
Cc1cn([C@H]2CCCN(S(=O)(=O)c3ccc(O)c(Oc4cccc(F)c4)c3)C2)c(=O)[nH]c1=O,Cc1cn(C2CCCN(S(=O)(=O)c3ccc(O)c(Oc4cccc(F)c4)c3)C2)c(=O)[nH]c1=O,O=c1ccn(C2CCCN(S(=O)(=O)c3cccc(Oc4ccccc4)c3)C2)c(=O)[nH]1,CHEMBL2331748,1.6,Lipophilicity,1,train
Cc1cn([C@H]2CCCN(S(=O)(=O)c3ccc(O)c(Oc4ccccc4)c3)C2)c(=O)[nH]c1=O,Cc1cn(C2CCCN(S(=O)(=O)c3ccc(O)c(Oc4ccccc4)c3)C2)c(=O)[nH]c1=O,O=c1ccn(C2CCCN(S(=O)(=O)c3cccc(Oc4ccccc4)c3)C2)c(=O)[nH]1,CHEMBL2331746,1.49,Lipophilicity,1,train
Cc1cn([C@H]2CCCN(S(=O)(=O)c3cccc(Oc4ccccc4)c3)C2)c(=O)[nH]c1=O,Cc1cn(C2CCCN(S(=O)(=O)c3cccc(Oc4ccccc4)c3)C2)c(=O)[nH]c1=O,O=c1ccn(C2CCCN(S(=O)(=O)c3cccc(Oc4ccccc4)c3)C2)c(=O)[nH]1,CHEMBL2331738,2.32,Lipophilicity,1,train
COc1ccc2c(c1)c(-c1ccnc3cc(Cl)ccc13)c(C)n2CC(=O)O,COc1ccc2c(c1)c(-c1ccnc3cc(Cl)ccc13)c(C)n2CC(=O)O,c1ccc2c(-c3c[nH]c4ccccc34)ccnc2c1,CHEMBL379828,1.16,Lipophilicity,1,train
COc1cccc2c(-c3c(C)n(CC(=O)O)c4ccc(C)cc34)ccnc12,COc1cccc2c(-c3c(C)n(CC(=O)O)c4ccc(C)cc34)ccnc12,c1ccc2c(-c3c[nH]c4ccccc34)ccnc2c1,CHEMBL211631,0.49,Lipophilicity,1,train
Cc1ccc2c(-c3ccnc4cc(Cl)ccc34)c(C)n(CC(=O)O)c2c1,Cc1ccc2c(-c3ccnc4cc(Cl)ccc34)c(C)n(CC(=O)O)c2c1,c1ccc2c(-c3c[nH]c4ccccc34)ccnc2c1,CHEMBL378094,2.41,Lipophilicity,1,train
Cc1ccc2c(c1)c(-c1cc(C)nc3ccccc13)c(C)n2CC(=O)O,Cc1ccc2c(c1)c(-c1cc(C)nc3ccccc13)c(C)n2CC(=O)O,c1ccc2c(-c3c[nH]c4ccccc34)ccnc2c1,CHEMBL211677,2.88,Lipophilicity,1,train
Cc1ccc2c(c1)c(-c1ccnc3c(C#N)cccc13)c(C)n2CC(=O)O,Cc1ccc2c(c1)c(-c1ccnc3c(C#N)cccc13)c(C)n2CC(=O)O,c1ccc2c(-c3c[nH]c4ccccc34)ccnc2c1,CHEMBL213495,0.52,Lipophilicity,1,train
Cc1ccc2c(c1)c(-c1ccnc3c(C(F)(F)F)cccc13)c(C)n2CC(=O)O,Cc1ccc2c(c1)c(-c1ccnc3c(C(F)(F)F)cccc13)c(C)n2CC(=O)O,c1ccc2c(-c3c[nH]c4ccccc34)ccnc2c1,CHEMBL214350,1.27,Lipophilicity,1,train
Cc1ccc2c(c1)c(-c1ccnc3c(C)cccc13)c(C)n2CC(=O)O,Cc1ccc2c(c1)c(-c1ccnc3c(C)cccc13)c(C)n2CC(=O)O,c1ccc2c(-c3c[nH]c4ccccc34)ccnc2c1,CHEMBL209689,1.29,Lipophilicity,1,train
Cc1ccc2c(c1)c(-c1ccnc3c(Cl)cccc13)c(C)n2CC(=O)O,Cc1ccc2c(c1)c(-c1ccnc3c(Cl)cccc13)c(C)n2CC(=O)O,c1ccc2c(-c3c[nH]c4ccccc34)ccnc2c1,CHEMBL378730,1.27,Lipophilicity,1,train
Cc1ccc2c(c1)c(-c1ccnc3c(F)cccc13)c(C)n2CC(=O)O,Cc1ccc2c(c1)c(-c1ccnc3c(F)cccc13)c(C)n2CC(=O)O,c1ccc2c(-c3c[nH]c4ccccc34)ccnc2c1,CHEMBL213854,0.53,Lipophilicity,1,train
Cc1ccc2c(c1)c(-c1ccnc3c(S(C)(=O)=O)cccc13)c(C)n2CC(=O)O,Cc1ccc2c(c1)c(-c1ccnc3c(S(C)(=O)=O)cccc13)c(C)n2CC(=O)O,c1ccc2c(-c3c[nH]c4ccccc34)ccnc2c1,CHEMBL213494,-0.34,Lipophilicity,1,train
Cc1ccc2c(c1)c(-c1ccnc3cc(C(F)(F)F)ccc13)c(C)n2CC(=O)O,Cc1ccc2c(c1)c(-c1ccnc3cc(C(F)(F)F)ccc13)c(C)n2CC(=O)O,c1ccc2c(-c3c[nH]c4ccccc34)ccnc2c1,CHEMBL214304,1.78,Lipophilicity,1,train
Cc1ccc2c(c1)c(-c1ccnc3cc(Cl)ccc13)c(C)n2CC(=O)O,Cc1ccc2c(c1)c(-c1ccnc3cc(Cl)ccc13)c(C)n2CC(=O)O,c1ccc2c(-c3c[nH]c4ccccc34)ccnc2c1,CHEMBL212777,1.59,Lipophilicity,1,train
Cc1ccc2c(c1)c(-c1ccnc3ccc(C(F)(F)F)cc13)c(C)n2CC(=O)O,Cc1ccc2c(c1)c(-c1ccnc3ccc(C(F)(F)F)cc13)c(C)n2CC(=O)O,c1ccc2c(-c3c[nH]c4ccccc34)ccnc2c1,CHEMBL384962,1.78,Lipophilicity,1,train
CN(C)S(=O)(=O)c1ccc2c(C(=O)NC[C@@H](O)CN3CCC(Oc4ccc(Cl)c(Cl)c4)CC3)c[nH]c(=O)c2c1,CN(C)S(=O)(=O)c1ccc2c(C(=O)NCC(O)CN3CCC(Oc4ccc(Cl)c(Cl)c4)CC3)c[nH]c(=O)c2c1,O=C(NCCCN1CCC(Oc2ccccc2)CC1)c1c[nH]c(=O)c2ccccc12,CHEMBL2207286,3.13,Lipophilicity,1,train
CNS(=O)(=O)c1ccc2c(C(=O)NC[C@@H](O)CN3CCC(Oc4ccc(Cl)c(Cl)c4)CC3)c[nH]c(=O)c2c1,CNS(=O)(=O)c1ccc2c(C(=O)NCC(O)CN3CCC(Oc4ccc(Cl)c(Cl)c4)CC3)c[nH]c(=O)c2c1,O=C(NCCCN1CCC(Oc2ccccc2)CC1)c1c[nH]c(=O)c2ccccc12,CHEMBL2207284,2.77,Lipophilicity,1,train
CS(=O)(=O)c1ccc2c(C(=O)NC[C@@H](O)CN3CCC(Oc4ccc(C#N)c(Cl)c4)CC3)c[nH]c(=O)c2c1,CS(=O)(=O)c1ccc2c(C(=O)NCC(O)CN3CCC(Oc4ccc(C#N)c(Cl)c4)CC3)c[nH]c(=O)c2c1,O=C(NCCCN1CCC(Oc2ccccc2)CC1)c1c[nH]c(=O)c2ccccc12,CHEMBL2207670,1.41,Lipophilicity,1,train
CS(=O)(=O)c1ccc2c(C(=O)NC[C@@H](O)CN3CCC(Oc4ccc(Cl)c(Cl)c4)CC3)c[nH]c(=O)c2c1,CS(=O)(=O)c1ccc2c(C(=O)NCC(O)CN3CCC(Oc4ccc(Cl)c(Cl)c4)CC3)c[nH]c(=O)c2c1,O=C(NCCCN1CCC(Oc2ccccc2)CC1)c1c[nH]c(=O)c2ccccc12,CHEMBL2207671,2.63,Lipophilicity,1,train
Cc1c(Cl)ccc(OC2CCN(C[C@H](O)CNC(=O)c3c[nH]c(=O)c4cc(S(C)(=O)=O)ccc34)CC2)c1Cl,Cc1c(Cl)ccc(OC2CCN(CC(O)CNC(=O)c3c[nH]c(=O)c4cc(S(C)(=O)=O)ccc34)CC2)c1Cl,O=C(NCCCN1CCC(Oc2ccccc2)CC1)c1c[nH]c(=O)c2ccccc12,CHEMBL2207672,2.83,Lipophilicity,1,train
Cc1cc(Cl)ccc1OC1CCN(C[C@H](O)CNC(=O)c2c[nH]c(=O)c3c(F)cccc23)CC1,Cc1cc(Cl)ccc1OC1CCN(CC(O)CNC(=O)c2c[nH]c(=O)c3c(F)cccc23)CC1,O=C(NCCCN1CCC(Oc2ccccc2)CC1)c1c[nH]c(=O)c2ccccc12,CHEMBL2207657,3.0,Lipophilicity,1,train
Cc1cc(Cl)ccc1OC1CCN(C[C@H](O)CNC(=O)c2c[nH]c(=O)c3cc(S(C)(=O)=O)ccc23)CC1,Cc1cc(Cl)ccc1OC1CCN(CC(O)CNC(=O)c2c[nH]c(=O)c3cc(S(C)(=O)=O)ccc23)CC1,O=C(NCCCN1CCC(Oc2ccccc2)CC1)c1c[nH]c(=O)c2ccccc12,CHEMBL2207276,2.42,Lipophilicity,1,train
N#Cc1ccc(OC2CCN(C[C@H](O)CNC(=O)c3c[nH]c(=O)c4ccccc34)CC2)cc1Cl,N#Cc1ccc(OC2CCN(CC(O)CNC(=O)c3c[nH]c(=O)c4ccccc34)CC2)cc1Cl,O=C(NCCCN1CCC(Oc2ccccc2)CC1)c1c[nH]c(=O)c2ccccc12,CHEMBL2207669,2.56,Lipophilicity,1,train
NS(=O)(=O)c1ccc2c(C(=O)NC[C@@H](O)CN3CCC(Oc4ccc(Cl)c(Cl)c4)CC3)c[nH]c(=O)c2c1,NS(=O)(=O)c1ccc2c(C(=O)NCC(O)CN3CCC(Oc4ccc(Cl)c(Cl)c4)CC3)c[nH]c(=O)c2c1,O=C(NCCCN1CCC(Oc2ccccc2)CC1)c1c[nH]c(=O)c2ccccc12,CHEMBL2207282,2.17,Lipophilicity,1,train
O=C(NC[C@@H](O)CN1CCC(Oc2ccc(Cl)c(Cl)c2)CC1)c1c[nH]c(=O)c2c(F)cccc12,O=C(NCC(O)CN1CCC(Oc2ccc(Cl)c(Cl)c2)CC1)c1c[nH]c(=O)c2c(F)cccc12,O=C(NCCCN1CCC(Oc2ccccc2)CC1)c1c[nH]c(=O)c2ccccc12,CHEMBL2207656,3.15,Lipophilicity,1,train
O=C(NC[C@@H](O)CN1CCC(Oc2ccc(Cl)c(Cl)c2)CC1)c1c[nH]c(=O)c2cc(S(=O)(=O)NCCO)ccc12,O=C(NCC(O)CN1CCC(Oc2ccc(Cl)c(Cl)c2)CC1)c1c[nH]c(=O)c2cc(S(=O)(=O)NCCO)ccc12,O=C(NCCCN1CCC(Oc2ccccc2)CC1)c1c[nH]c(=O)c2ccccc12,CHEMBL2207281,2.06,Lipophilicity,1,train
O=C(NC[C@@H](O)CN1CCC(Oc2ccc(Cl)c(Cl)c2)CC1)c1c[nH]c(=O)c2ccc(F)cc12,O=C(NCC(O)CN1CCC(Oc2ccc(Cl)c(Cl)c2)CC1)c1c[nH]c(=O)c2ccc(F)cc12,O=C(NCCCN1CCC(Oc2ccccc2)CC1)c1c[nH]c(=O)c2ccccc12,CHEMBL2207280,3.93,Lipophilicity,1,train
O=C(NC[C@@H](O)CN1CCC(Oc2ccc(Cl)c(Cl)c2)CC1)c1c[nH]c(=O)c2ccccc12,O=C(NCC(O)CN1CCC(Oc2ccc(Cl)c(Cl)c2)CC1)c1c[nH]c(=O)c2ccccc12,O=C(NCCCN1CCC(Oc2ccccc2)CC1)c1c[nH]c(=O)c2ccccc12,CHEMBL2207666,3.42,Lipophilicity,1,train
CCN(CC)CCCNCc1cc(Cl)c2cccnc2c1O,CCN(CC)CCCNCc1cc(Cl)c2cccnc2c1O,c1ccc2ncccc2c1,CHEMBL2110791,0.72,Lipophilicity,1,train
CCN(CCO)CCCC(C)Nc1ccnc2cc(Cl)ccc12,CCN(CCO)CCCC(C)Nc1ccnc2cc(Cl)ccc12,c1ccc2ncccc2c1,CHEMBL1535,0.77,Lipophilicity,1,train
CCOC(=O)c1cnc2c(N)cccc2c1O,CCOC(=O)c1cnc2c(N)cccc2c1O,c1ccc2ncccc2c1,CHEMBL103482,0.9,Lipophilicity,1,train
N#Cc1ccc2cccc(O)c2n1,N#Cc1ccc2cccc(O)c2n1,c1ccc2ncccc2c1,CHEMBL2321985,1.81,Lipophilicity,1,train
NC(=O)c1cc2ccccc2nc1N,NC(=O)c1cc2ccccc2nc1N,c1ccc2ncccc2c1,CHEMBL206956,1.07,Lipophilicity,1,train
Nc1ccc2ccccc2n1,Nc1ccc2ccccc2n1,c1ccc2ncccc2c1,CHEMBL61236,1.7,Lipophilicity,1,train
Nc1ccc2ncccc2c1,Nc1ccc2ncccc2c1,c1ccc2ncccc2c1,CHEMBL99408,1.33,Lipophilicity,1,train
O=C(O)c1ccc2cccc(O)c2n1,O=C(O)c1ccc2cccc(O)c2n1,c1ccc2ncccc2c1,CHEMBL1368601,3.3,Lipophilicity,1,train
O=[N+]([O-])c1cccc2ccc(C(Cl)(Cl)Cl)nc12,O=[N+]([O-])c1cccc2ccc(C(Cl)(Cl)Cl)nc12,c1ccc2ncccc2c1,CHEMBL2042558,3.7,Lipophilicity,1,train
Oc1c(I)cc(I)c2cccnc12,Oc1c(I)cc(I)c2cccnc12,c1ccc2ncccc2c1,CHEMBL86754,2.19,Lipophilicity,1,train
Oc1ccnc2ccccc12,Oc1ccnc2ccccc12,c1ccc2ncccc2c1,CHEMBL1232567,0.8,Lipophilicity,1,train
c1ccc2ncccc2c1,c1ccc2ncccc2c1,c1ccc2ncccc2c1,CHEMBL14474,2.09,Lipophilicity,1,train
CCCS(=O)(=O)c1ccc(C(CNS(=O)(=O)c2ccc(C(F)(F)F)cc2)N2CCCCCC2)cc1,CCCS(=O)(=O)c1ccc(C(CNS(=O)(=O)c2ccc(C(F)(F)F)cc2)N2CCCCCC2)cc1,O=S(=O)(NCC(c1ccccc1)N1CCCCCC1)c1ccccc1,CHEMBL1209820,3.32,Lipophilicity,1,train
COc1ccc(S(=O)(=O)NCC(c2ccccc2)N2CCCCCC2)cc1,COc1ccc(S(=O)(=O)NCC(c2ccccc2)N2CCCCCC2)cc1,O=S(=O)(NCC(c1ccccc1)N1CCCCCC1)c1ccccc1,CHEMBL1209739,3.13,Lipophilicity,1,train
N#Cc1cc(S(=O)(=O)NCC(c2ccccc2)N2CCCCCC2)ccc1F,N#Cc1cc(S(=O)(=O)NCC(c2ccccc2)N2CCCCCC2)ccc1F,O=S(=O)(NCC(c1ccccc1)N1CCCCCC1)c1ccccc1,CHEMBL1209658,2.71,Lipophilicity,1,train
N#Cc1ccc(S(=O)(=O)NCC(c2ccccc2)N2CCCCCC2)cc1,N#Cc1ccc(S(=O)(=O)NCC(c2ccccc2)N2CCCCCC2)cc1,O=S(=O)(NCC(c1ccccc1)N1CCCCCC1)c1ccccc1,CHEMBL1209738,2.86,Lipophilicity,1,train
O=S(=O)(NCC(c1ccccc1)N1CCCCCC1)c1cc(Cl)cc(Cl)c1,O=S(=O)(NCC(c1ccccc1)N1CCCCCC1)c1cc(Cl)cc(Cl)c1,O=S(=O)(NCC(c1ccccc1)N1CCCCCC1)c1ccccc1,CHEMBL1209655,3.36,Lipophilicity,1,train
O=S(=O)(NCC(c1ccccc1)N1CCCCCC1)c1ccc(Br)cc1,O=S(=O)(NCC(c1ccccc1)N1CCCCCC1)c1ccc(Br)cc1,O=S(=O)(NCC(c1ccccc1)N1CCCCCC1)c1ccccc1,CHEMBL1209736,3.21,Lipophilicity,1,train
O=S(=O)(NCC(c1ccccc1)N1CCCCCC1)c1ccc(C(F)(F)F)cc1,O=S(=O)(NCC(c1ccccc1)N1CCCCCC1)c1ccc(C(F)(F)F)cc1,O=S(=O)(NCC(c1ccccc1)N1CCCCCC1)c1ccccc1,CHEMBL1209737,4.29,Lipophilicity,1,train
O=S(=O)(NCC(c1ccccc1)N1CCCCCC1)c1ccc(F)c(Cl)c1,O=S(=O)(NCC(c1ccccc1)N1CCCCCC1)c1ccc(F)c(Cl)c1,O=S(=O)(NCC(c1ccccc1)N1CCCCCC1)c1ccccc1,CHEMBL1209657,3.98,Lipophilicity,1,train
O=S(=O)(NCC(c1ccccc1)N1CCCCCC1)c1ccc(F)c(F)c1,O=S(=O)(NCC(c1ccccc1)N1CCCCCC1)c1ccc(F)c(F)c1,O=S(=O)(NCC(c1ccccc1)N1CCCCCC1)c1ccccc1,CHEMBL1209656,2.84,Lipophilicity,1,train
O=S(=O)(NCC(c1ccccc1)N1CCCCCC1)c1cccc(C(F)(F)F)c1,O=S(=O)(NCC(c1ccccc1)N1CCCCCC1)c1cccc(C(F)(F)F)c1,O=S(=O)(NCC(c1ccccc1)N1CCCCCC1)c1ccccc1,CHEMBL1209586,3.12,Lipophilicity,1,train
O=S(=O)(NCC(c1ccccc1)N1CCCCCC1)c1cccc(Cl)c1,O=S(=O)(NCC(c1ccccc1)N1CCCCCC1)c1cccc(Cl)c1,O=S(=O)(NCC(c1ccccc1)N1CCCCCC1)c1ccccc1,CHEMBL1209587,3.39,Lipophilicity,1,train
O=S(=O)(NCC(c1ccccc1)N1CCCCCC1)c1ccccc1OC(F)(F)F,O=S(=O)(NCC(c1ccccc1)N1CCCCCC1)c1ccccc1OC(F)(F)F,O=S(=O)(NCC(c1ccccc1)N1CCCCCC1)c1ccccc1,CHEMBL1209583,4.09,Lipophilicity,1,train
CC(C)(C)OC(=O)N1CCN(c2ncc(OCc3c(F)cncc3F)cn2)CC1,CC(C)(C)OC(=O)N1CCN(c2ncc(OCc3c(F)cncc3F)cn2)CC1,c1cc(COc2cnc(N3CCNCC3)nc2)ccn1,CHEMBL2086682,3.7,Lipophilicity,1,train
CC(C)(C)OC(=O)N1CCN(c2ncc(OCc3ccncc3)cn2)CC1,CC(C)(C)OC(=O)N1CCN(c2ncc(OCc3ccncc3)cn2)CC1,c1cc(COc2cnc(N3CCNCC3)nc2)ccn1,CHEMBL2086675,3.4,Lipophilicity,1,train
CC(C)(C)OC(=O)N1CCN(c2ncc(OCc3ccncc3C#N)cn2)CC1,CC(C)(C)OC(=O)N1CCN(c2ncc(OCc3ccncc3C#N)cn2)CC1,c1cc(COc2cnc(N3CCNCC3)nc2)ccn1,CHEMBL2086680,2.81,Lipophilicity,1,train
CC(C)(C)OC(=O)N1CCN(c2ncc(OCc3ccncc3F)cn2)CC1,CC(C)(C)OC(=O)N1CCN(c2ncc(OCc3ccncc3F)cn2)CC1,c1cc(COc2cnc(N3CCNCC3)nc2)ccn1,CHEMBL2086679,3.6,Lipophilicity,1,train
CC(C)(C)OC(=O)N1CCN(c2ncc(OCc3ccncc3S(C)(=O)=O)cn2)CC1,CC(C)(C)OC(=O)N1CCN(c2ncc(OCc3ccncc3S(C)(=O)=O)cn2)CC1,c1cc(COc2cnc(N3CCNCC3)nc2)ccn1,CHEMBL2086681,2.4,Lipophilicity,1,train
C[C@@H]1CN(C(=O)OC(C)(C)C#N)CCN1c1ncc(OCc2ccncc2C#N)cn1,CC1CN(C(=O)OC(C)(C)C#N)CCN1c1ncc(OCc2ccncc2C#N)cn1,c1cc(COc2cnc(N3CCNCC3)nc2)ccn1,CHEMBL2086686,2.3,Lipophilicity,1,train
C[C@@H]1CN(C(=O)OC(C)(C)C)CCN1c1ncc(OCc2ccncc2C#N)cn1,CC1CN(C(=O)OC(C)(C)C)CCN1c1ncc(OCc2ccncc2C#N)cn1,c1cc(COc2cnc(N3CCNCC3)nc2)ccn1,CHEMBL2086684,3.33,Lipophilicity,1,train
C[C@@H]1CN(C(=O)OCC(F)(F)F)CCN1c1ncc(OCc2ccncc2C#N)cn1,CC1CN(C(=O)OCC(F)(F)F)CCN1c1ncc(OCc2ccncc2C#N)cn1,c1cc(COc2cnc(N3CCNCC3)nc2)ccn1,CHEMBL2086687,3.0,Lipophilicity,1,train
C[C@@H]1CN(C(=O)OCC(F)F)CCN1c1ncc(OCc2ccncc2C#N)cn1,CC1CN(C(=O)OCC(F)F)CCN1c1ncc(OCc2ccncc2C#N)cn1,c1cc(COc2cnc(N3CCNCC3)nc2)ccn1,CHEMBL2086688,2.3,Lipophilicity,1,train
COc1cnccc1COc1cnc(N2CCN(C(=O)OC(C)(C)C)CC2)nc1,COc1cnccc1COc1cnc(N2CCN(C(=O)OC(C)(C)C)CC2)nc1,c1cc(COc2cnc(N3CCNCC3)nc2)ccn1,CHEMBL2086678,3.8,Lipophilicity,1,train
Cc1cc(COc2cnc(N3CCN(C(=O)OC(C)(C)C)CC3)nc2)ccn1,Cc1cc(COc2cnc(N3CCN(C(=O)OC(C)(C)C)CC3)nc2)ccn1,c1cc(COc2cnc(N3CCNCC3)nc2)ccn1,CHEMBL2086676,3.7,Lipophilicity,1,train
Cc1cnccc1COc1cnc(N2CCN(C(=O)OC(C)(C)C)CC2)nc1,Cc1cnccc1COc1cnc(N2CCN(C(=O)OC(C)(C)C)CC2)nc1,c1cc(COc2cnc(N3CCNCC3)nc2)ccn1,CHEMBL2086677,3.8,Lipophilicity,1,train
CCC(C)NC(=O)c1c(C)nn(-c2ccccc2)c1NS(=O)(=O)c1ccc(C)cc1,CCC(C)NC(=O)c1c(C)nn(-c2ccccc2)c1NS(=O)(=O)c1ccc(C)cc1,O=S(=O)(Nc1ccnn1-c1ccccc1)c1ccccc1,CHEMBL1916280,0.66,Lipophilicity,1,train
CCC(CC)NC(=O)c1c(C)nn(-c2ccccc2)c1NS(=O)(=O)c1ccc(C)cc1,CCC(CC)NC(=O)c1c(C)nn(-c2ccccc2)c1NS(=O)(=O)c1ccc(C)cc1,O=S(=O)(Nc1ccnn1-c1ccccc1)c1ccccc1,CHEMBL1916272,1.35,Lipophilicity,1,train
CCC(CC)NC(=O)c1cnn(-c2ccccc2)c1NS(=O)(=O)c1ccc(C)cc1,CCC(CC)NC(=O)c1cnn(-c2ccccc2)c1NS(=O)(=O)c1ccc(C)cc1,O=S(=O)(Nc1ccnn1-c1ccccc1)c1ccccc1,CHEMBL1916082,0.79,Lipophilicity,1,train
CCC(CC)NC(=O)c1cnn(-c2ccccc2Cl)c1NS(=O)(=O)c1ccc(C)cc1,CCC(CC)NC(=O)c1cnn(-c2ccccc2Cl)c1NS(=O)(=O)c1ccc(C)cc1,O=S(=O)(Nc1ccnn1-c1ccccc1)c1ccccc1,CHEMBL1916264,0.65,Lipophilicity,1,train
CNC(=O)c1cnn(-c2ccccc2)c1NS(=O)(=O)c1ccc(C)cc1,CNC(=O)c1cnn(-c2ccccc2)c1NS(=O)(=O)c1ccc(C)cc1,O=S(=O)(Nc1ccnn1-c1ccccc1)c1ccccc1,CHEMBL1916083,-0.54,Lipophilicity,1,train
Cc1ccc(S(=O)(=O)Nc2c(C(=O)N[C@@H](C)C(C)(C)C)c(C(F)(F)F)nn2-c2ccccc2)cc1,Cc1ccc(S(=O)(=O)Nc2c(C(=O)NC(C)C(C)(C)C)c(C(F)(F)F)nn2-c2ccccc2)cc1,O=S(=O)(Nc1ccnn1-c1ccccc1)c1ccccc1,CHEMBL1916284,2.35,Lipophilicity,1,train
Cc1ccc(S(=O)(=O)Nc2c(C(=O)NC(C)C(C)(C)C)c(C)nn2-c2ccccc2)cc1,Cc1ccc(S(=O)(=O)Nc2c(C(=O)NC(C)C(C)(C)C)c(C)nn2-c2ccccc2)cc1,O=S(=O)(Nc1ccnn1-c1ccccc1)c1ccccc1,CHEMBL1916281,1.21,Lipophilicity,3,train
Cc1ccc(S(=O)(=O)Nc2c(C(=O)NC(C)C)c(C)nn2-c2ccccc2)cc1,Cc1ccc(S(=O)(=O)Nc2c(C(=O)NC(C)C)c(C)nn2-c2ccccc2)cc1,O=S(=O)(Nc1ccnn1-c1ccccc1)c1ccccc1,CHEMBL1916273,0.46,Lipophilicity,1,train
Cc1ccc(S(=O)(=O)Nc2c(C(=O)NCC(C)(C)C)c(C)nn2-c2ccccc2)cc1,Cc1ccc(S(=O)(=O)Nc2c(C(=O)NCC(C)(C)C)c(C)nn2-c2ccccc2)cc1,O=S(=O)(Nc1ccnn1-c1ccccc1)c1ccccc1,CHEMBL1916279,1.46,Lipophilicity,1,train
Cc1nn(-c2ccc(F)cc2)c(NS(=O)(=O)c2ccc(C#N)cc2)c1C(=O)N[C@@H](C)C(C)(C)C,Cc1nn(-c2ccc(F)cc2)c(NS(=O)(=O)c2ccc(C#N)cc2)c1C(=O)NC(C)C(C)(C)C,O=S(=O)(Nc1ccnn1-c1ccccc1)c1ccccc1,CHEMBL1916288,0.45,Lipophilicity,1,train
Cc1nn(-c2ccc(F)cc2)c(NS(=O)(=O)c2ccc(C(F)(F)F)cc2)c1C(=O)N[C@@H](C)C(C)(C)C,Cc1nn(-c2ccc(F)cc2)c(NS(=O)(=O)c2ccc(C(F)(F)F)cc2)c1C(=O)NC(C)C(C)(C)C,O=S(=O)(Nc1ccnn1-c1ccccc1)c1ccccc1,CHEMBL1916289,2.35,Lipophilicity,1,train
CCCSc1nc2ccc(NC(=O)CCC(=O)O)cc2s1,CCCSc1nc2ccc(NC(=O)CCC(=O)O)cc2s1,c1ccc2scnc2c1,CHEMBL2059000,0.5,Lipophilicity,1,train
CCCSc1nc2ccc(NC(=O)CCNC(N)=O)cc2s1,CCCSc1nc2ccc(NC(=O)CCNC(N)=O)cc2s1,c1ccc2scnc2c1,CHEMBL2059005,2.9,Lipophilicity,1,train
CCOc1ccc2nc(N)sc2c1,CCOc1ccc2nc(N)sc2c1,c1ccc2scnc2c1,CHEMBL565755,2.4,Lipophilicity,1,train
CCOc1ccc2nc(NC(=O)CC)sc2c1,CCOc1ccc2nc(NC(=O)CC)sc2c1,c1ccc2scnc2c1,CHEMBL583390,3.4,Lipophilicity,1,train
Cc1nc2ccc(NC(=O)CCNC(N)=O)cc2s1,Cc1nc2ccc(NC(=O)CCNC(N)=O)cc2s1,c1ccc2scnc2c1,CHEMBL2059004,0.9,Lipophilicity,1,train
NCCc1ccc(O)c2nc(O)sc12,NCCc1ccc(O)c2nc(O)sc12,c1ccc2scnc2c1,CHEMBL17357,0.33,Lipophilicity,1,train
NS(=O)(=O)c1nc2ccccc2s1,NS(=O)(=O)c1nc2ccccc2s1,c1ccc2scnc2c1,CHEMBL168552,1.35,Lipophilicity,1,train
Nc1nc2ccc(F)cc2s1,Nc1nc2ccc(F)cc2s1,c1ccc2scnc2c1,CHEMBL98406,2.2,Lipophilicity,1,train
Nc1nc2ccc(OC(F)(F)F)cc2s1,Nc1nc2ccc(OC(F)(F)F)cc2s1,c1ccc2scnc2c1,CHEMBL744,3.34,Lipophilicity,1,train
Nc1nc2ccccc2s1,Nc1nc2ccccc2s1,c1ccc2scnc2c1,CHEMBL329785,2.0,Lipophilicity,1,train
CN(C)C(=O)CN1C(=O)C(NC(=O)c2cc3cc(Cl)sc3[nH]2)Cc2ccccc21,CN(C)C(=O)CN1C(=O)C(NC(=O)c2cc3cc(Cl)sc3[nH]2)Cc2ccccc21,O=C(NC1Cc2ccccc2NC1=O)c1cc2ccsc2[nH]1,CHEMBL232830,3.07,Lipophilicity,1,train
C[S+]([O-])CCN1C(=O)C(NC(=O)c2cc3cc(Cl)sc3[nH]2)Cc2ccccc21,C[S+]([O-])CCN1C(=O)C(NC(=O)c2cc3cc(Cl)sc3[nH]2)Cc2ccccc21,O=C(NC1Cc2ccccc2NC1=O)c1cc2ccsc2[nH]1,CHEMBL232433,3.17,Lipophilicity,1,train
NC(=O)CN1C(=O)C(NC(=O)c2cc3cc(Cl)sc3[nH]2)Cc2ccccc21,NC(=O)CN1C(=O)C(NC(=O)c2cc3cc(Cl)sc3[nH]2)Cc2ccccc21,O=C(NC1Cc2ccccc2NC1=O)c1cc2ccsc2[nH]1,CHEMBL395955,3.22,Lipophilicity,1,train
O=C(CN1C(=O)C(NC(=O)c2cc3cc(Cl)sc3[nH]2)Cc2ccccc21)NC(CO)CO,O=C(CN1C(=O)C(NC(=O)c2cc3cc(Cl)sc3[nH]2)Cc2ccccc21)NC(CO)CO,O=C(NC1Cc2ccccc2NC1=O)c1cc2ccsc2[nH]1,CHEMBL233238,2.61,Lipophilicity,1,train
O=C(CN1C(=O)C(NC(=O)c2cc3cc(Cl)sc3[nH]2)Cc2ccccc21)NCCO,O=C(CN1C(=O)C(NC(=O)c2cc3cc(Cl)sc3[nH]2)Cc2ccccc21)NCCO,O=C(NC1Cc2ccccc2NC1=O)c1cc2ccsc2[nH]1,CHEMBL233035,3.05,Lipophilicity,1,train
O=C(CN1C(=O)C(NC(=O)c2cc3cc(Cl)sc3[nH]2)Cc2ccccc21)NO,O=C(CN1C(=O)C(NC(=O)c2cc3cc(Cl)sc3[nH]2)Cc2ccccc21)NO,O=C(NC1Cc2ccccc2NC1=O)c1cc2ccsc2[nH]1,CHEMBL233034,2.4,Lipophilicity,1,train
O=C(NC1Cc2ccccc2N(CC(CO)CO)C1=O)c1cc2cc(Cl)sc2[nH]1,O=C(NC1Cc2ccccc2N(CC(CO)CO)C1=O)c1cc2cc(Cl)sc2[nH]1,O=C(NC1Cc2ccccc2NC1=O)c1cc2ccsc2[nH]1,CHEMBL397688,3.56,Lipophilicity,1,train
O=C(NC1Cc2ccccc2N(C[C@@H](O)CO)C1=O)c1cc2cc(Cl)sc2[nH]1,O=C(NC1Cc2ccccc2N(CC(O)CO)C1=O)c1cc2cc(Cl)sc2[nH]1,O=C(NC1Cc2ccccc2NC1=O)c1cc2ccsc2[nH]1,CHEMBL234951,3.285,Lipophilicity,4,train
O=C(NC1Cc2ccccc2N(CCCO)C1=O)c1cc2cc(Cl)sc2[nH]1,O=C(NC1Cc2ccccc2N(CCCO)C1=O)c1cc2cc(Cl)sc2[nH]1,O=C(NC1Cc2ccccc2NC1=O)c1cc2ccsc2[nH]1,CHEMBL234950,3.49,Lipophilicity,1,train
O=C(NC1Cc2ccccc2N(CCO)C1=O)c1cc2cc(Cl)sc2[nH]1,O=C(NC1Cc2ccccc2N(CCO)C1=O)c1cc2cc(Cl)sc2[nH]1,O=C(NC1Cc2ccccc2NC1=O)c1cc2ccsc2[nH]1,CHEMBL233447,3.05,Lipophilicity,1,train
CN[C@@H](C)C(=O)N[C@H](C(=O)N[C@H]1CCCN(CCc2ccc(Br)cc2)C1)C(C)(C)C,CNC(C)C(=O)NC(C(=O)NC1CCCN(CCc2ccc(Br)cc2)C1)C(C)(C)C,c1ccc(CCN2CCCCC2)cc1,CHEMBL1950856,2.92,Lipophilicity,1,train
CN[C@@H](C)C(=O)N[C@H](C(=O)N[C@H]1CCCN(CCc2ccc(C(F)(F)F)cc2)C1)C(C)(C)C,CNC(C)C(=O)NC(C(=O)NC1CCCN(CCc2ccc(C(F)(F)F)cc2)C1)C(C)(C)C,c1ccc(CCN2CCCCC2)cc1,CHEMBL1950860,2.85,Lipophilicity,1,train
CN[C@@H](C)C(=O)N[C@H](C(=O)N[C@H]1CCCN(CCc2ccc(C)cc2)C1)C(C)(C)C,CNC(C)C(=O)NC(C(=O)NC1CCCN(CCc2ccc(C)cc2)C1)C(C)(C)C,c1ccc(CCN2CCCCC2)cc1,CHEMBL1950857,2.05,Lipophilicity,1,train
CN[C@@H](C)C(=O)N[C@H](C(=O)N[C@H]1CCCN(CCc2ccc(F)cc2)C1)C(C)(C)C,CNC(C)C(=O)NC(C(=O)NC1CCCN(CCc2ccc(F)cc2)C1)C(C)(C)C,c1ccc(CCN2CCCCC2)cc1,CHEMBL1950851,3.12,Lipophilicity,1,train
CN[C@@H](C)C(=O)N[C@H](C(=O)N[C@H]1CCCN(CCc2ccc(O)cc2)C1)C(C)(C)C,CNC(C)C(=O)NC(C(=O)NC1CCCN(CCc2ccc(O)cc2)C1)C(C)(C)C,c1ccc(CCN2CCCCC2)cc1,CHEMBL1950858,0.77,Lipophilicity,1,train
CN[C@@H](C)C(=O)N[C@H](C(=O)N[C@H]1CCCN(CCc2ccc(OC)cc2)C1)C(C)(C)C,CNC(C)C(=O)NC(C(=O)NC1CCCN(CCc2ccc(OC)cc2)C1)C(C)(C)C,c1ccc(CCN2CCCCC2)cc1,CHEMBL1950854,1.45,Lipophilicity,1,train
CN[C@@H](C)C(=O)N[C@H](C(=O)N[C@H]1CCCN(CCc2ccc([N+](=O)[O-])cc2)C1)C(C)(C)C,CNC(C)C(=O)NC(C(=O)NC1CCCN(CCc2ccc([N+](=O)[O-])cc2)C1)C(C)(C)C,c1ccc(CCN2CCCCC2)cc1,CHEMBL1950859,1.54,Lipophilicity,1,train
CN[C@@H](C)C(=O)N[C@H](C(=O)N[C@H]1CCCN(CCc2cccc(OC)c2)C1)C(C)(C)C,CNC(C)C(=O)NC(C(=O)NC1CCCN(CCc2cccc(OC)c2)C1)C(C)(C)C,c1ccc(CCN2CCCCC2)cc1,CHEMBL1950853,1.47,Lipophilicity,1,train
CN[C@@H](C)C(=O)N[C@H](C(=O)N[C@H]1CCCN(CCc2ccccc2)C1)C(C)(C)C,CNC(C)C(=O)NC(C(=O)NC1CCCN(CCc2ccccc2)C1)C(C)(C)C,c1ccc(CCN2CCCCC2)cc1,CHEMBL1950842,1.46,Lipophilicity,1,train
CN[C@@H](C)C(=O)N[C@H](C(=O)N[C@H]1CCCN(CCc2ccccc2OC)C1)C(C)(C)C,CNC(C)C(=O)NC(C(=O)NC1CCCN(CCc2ccccc2OC)C1)C(C)(C)C,c1ccc(CCN2CCCCC2)cc1,CHEMBL1950852,1.61,Lipophilicity,1,train
CC(=O)Nc1ccc2nc(-c3cccc(F)c3)cc(O)c2c1,CC(=O)Nc1ccc2nc(-c3cccc(F)c3)cc(O)c2c1,c1ccc(-c2ccc3ccccc3n2)cc1,CHEMBL115022,2.41,Lipophilicity,1,train
COc1ccc(-c2cc(O)c3cc(Cl)ccc3n2)cc1,COc1ccc(-c2cc(O)c3cc(Cl)ccc3n2)cc1,c1ccc(-c2ccc3ccccc3n2)cc1,CHEMBL14323,2.7,Lipophilicity,1,train
COc1cccc(-c2cc(O)c3cc(NC(C)=O)ccc3n2)c1,COc1cccc(-c2cc(O)c3cc(NC(C)=O)ccc3n2)c1,c1ccc(-c2ccc3ccccc3n2)cc1,CHEMBL325681,2.41,Lipophilicity,1,train
COc1cccc2c(O)cc(-c3ccccc3)nc12,COc1cccc2c(O)cc(-c3ccccc3)nc12,c1ccc(-c2ccc3ccccc3n2)cc1,CHEMBL15706,2.3,Lipophilicity,1,train
Nc1cc(-c2ccccc2)nc2ccccc12,Nc1cc(-c2ccccc2)nc2ccccc12,c1ccc(-c2ccc3ccccc3n2)cc1,CHEMBL50608,2.2,Lipophilicity,1,train
O=C(O)c1cc(-c2ccccc2)nc2ccccc12,O=C(O)c1cc(-c2ccccc2)nc2ccccc12,c1ccc(-c2ccc3ccccc3n2)cc1,CHEMBL348000,-0.7,Lipophilicity,1,train
Oc1cc(-c2ccccc2)nc2ccccc12,Oc1cc(-c2ccccc2)nc2ccccc12,c1ccc(-c2ccc3ccccc3n2)cc1,CHEMBL277148,2.54,Lipophilicity,1,train
Oc1ccc(-c2ccc3cc(O)ccc3n2)cc1,Oc1ccc(-c2ccc3cc(O)ccc3n2)cc1,c1ccc(-c2ccc3ccccc3n2)cc1,CHEMBL59438,3.1,Lipophilicity,1,train
Oc1cccc2nc(-c3ccccc3)cc(O)c12,Oc1cccc2nc(-c3ccccc3)cc(O)c12,c1ccc(-c2ccc3ccccc3n2)cc1,CHEMBL365458,3.37,Lipophilicity,1,train
c1ccc(-c2ccc3ccccc3n2)cc1,c1ccc(-c2ccc3ccccc3n2)cc1,c1ccc(-c2ccc3ccccc3n2)cc1,CHEMBL89786,4.0,Lipophilicity,1,train
CC(O)(C(=O)Nc1ccc(S(=O)(=O)Nc2ccccc2)cc1)C(F)(F)F,CC(O)(C(=O)Nc1ccc(S(=O)(=O)Nc2ccccc2)cc1)C(F)(F)F,O=S(=O)(Nc1ccccc1)c1ccccc1,CHEMBL163711,3.07,Lipophilicity,1,train
CCNC(=O)OC[C@@H](C)N(c1cc(Cl)ccc1CO)S(=O)(=O)c1ccc(Cl)cc1,CCNC(=O)OCC(C)N(c1cc(Cl)ccc1CO)S(=O)(=O)c1ccc(Cl)cc1,O=S(=O)(Nc1ccccc1)c1ccccc1,CHEMBL402561,3.4,Lipophilicity,1,train
CCOC(=O)CN(c1ccccc1C)S(=O)(=O)c1ccc(Cl)cc1,CCOC(=O)CN(c1ccccc1C)S(=O)(=O)c1ccc(Cl)cc1,O=S(=O)(Nc1ccccc1)c1ccccc1,CHEMBL1536083,4.03,Lipophilicity,1,train
CN(C)CCOc1cc(NS(=O)(=O)c2c(Cl)cc(C(F)(F)F)cc2Cl)ccc1Cl,CN(C)CCOc1cc(NS(=O)(=O)c2c(Cl)cc(C(F)(F)F)cc2Cl)ccc1Cl,O=S(=O)(Nc1ccccc1)c1ccccc1,CHEMBL1164033,2.99,Lipophilicity,1,train
CNC(=O)OC[C@@H](C)N(c1cc(Cl)ccc1CO)S(=O)(=O)c1ccc(Cl)cc1,CNC(=O)OCC(C)N(c1cc(Cl)ccc1CO)S(=O)(=O)c1ccc(Cl)cc1,O=S(=O)(Nc1ccccc1)c1ccccc1,CHEMBL252083,3.0,Lipophilicity,1,train
COc1cc(OC)c(S(=O)(=O)N(C)c2ccccc2)cc1NC(C)=O,COc1cc(OC)c(S(=O)(=O)N(C)c2ccccc2)cc1NC(C)=O,O=S(=O)(Nc1ccccc1)c1ccccc1,CHEMBL1951164,1.1,Lipophilicity,1,train
COc1cc(OC)c(S(=O)(=O)N(c2ccccc2)C(C)C)cc1NC(C)=O,COc1cc(OC)c(S(=O)(=O)N(c2ccccc2)C(C)C)cc1NC(C)=O,O=S(=O)(Nc1ccccc1)c1ccccc1,CHEMBL1951165,1.6,Lipophilicity,1,train
O=C(NO)c1ccc(NS(=O)(=O)c2ccccc2)cc1,O=C(NO)c1ccc(NS(=O)(=O)c2ccccc2)cc1,O=S(=O)(Nc1ccccc1)c1ccccc1,CHEMBL98345,0.75,Lipophilicity,1,train
O=S(=O)(Nc1cc(F)ccc1F)c1ccc(Cl)cc1,O=S(=O)(Nc1cc(F)ccc1F)c1ccc(Cl)cc1,O=S(=O)(Nc1ccccc1)c1ccccc1,CHEMBL192666,2.9,Lipophilicity,1,train
O=S(=O)(c1ccccc1)N(CC(F)(F)F)c1ccc(C(O)(C(F)(F)F)C(F)(F)F)cc1,O=S(=O)(c1ccccc1)N(CC(F)(F)F)c1ccc(C(O)(C(F)(F)F)C(F)(F)F)cc1,O=S(=O)(Nc1ccccc1)c1ccccc1,CHEMBL62136,4.5,Lipophilicity,1,train
CC(C)NC[C@@H](O)COc1cccc2ccccc12,CC(C)NCC(O)COc1cccc2ccccc12,c1ccc2ccccc2c1,CHEMBL275742,1.06,Lipophilicity,2,train
CN(C)c1cccc2c(S(=O)(=O)N(C)CC(=O)O)cccc12,CN(C)c1cccc2c(S(=O)(=O)N(C)CC(=O)O)cccc12,c1ccc2ccccc2c1,CHEMBL1230668,-1.45,Lipophilicity,1,train
CN(C)c1cccc2c(S(N)(=O)=O)cccc12,CN(C)c1cccc2c(S(N)(=O)=O)cccc12,c1ccc2ccccc2c1,CHEMBL119489,1.95,Lipophilicity,1,train
CN(C/C=C/C#CC(C)(C)C)Cc1cccc2ccccc12,CN(CC=CC#CC(C)(C)C)Cc1cccc2ccccc12,c1ccc2ccccc2c1,CHEMBL822,2.83,Lipophilicity,1,train
COc1ccc2cc(C(C)C(=O)O)ccc2c1,COc1ccc2cc(C(C)C(=O)O)ccc2c1,c1ccc2ccccc2c1,CHEMBL12952,0.18,Lipophilicity,2,train
COc1ccc2cc(CCC(C)=O)ccc2c1,COc1ccc2cc(CCC(C)=O)ccc2c1,c1ccc2ccccc2c1,CHEMBL1070,3.06,Lipophilicity,1,train
Oc1ccc(Br)c2ccccc12,Oc1ccc(Br)c2ccccc12,c1ccc2ccccc2c1,CHEMBL1822878,4.3,Lipophilicity,1,train
Oc1cccc2ccccc12,Oc1cccc2ccccc12,c1ccc2ccccc2c1,CHEMBL122617,2.5,Lipophilicity,1,train
c1ccc2ccccc2c1,c1ccc2ccccc2c1,c1ccc2ccccc2c1,CHEMBL16293,3.29,Lipophilicity,1,train
CCC(CC)NC(=O)c1c(C)nn(C(C)C)c1NS(=O)(=O)c1ccc(C)cc1,CCC(CC)NC(=O)c1c(C)nn(C(C)C)c1NS(=O)(=O)c1ccc(C)cc1,O=S(=O)(Nc1ccn[nH]1)c1ccccc1,CHEMBL1934266,0.92,Lipophilicity,1,train
CCC(CC)NC(=O)c1cnn(C)c1NS(=O)(=O)c1ccc(C)cc1,CCC(CC)NC(=O)c1cnn(C)c1NS(=O)(=O)c1ccc(C)cc1,O=S(=O)(Nc1ccn[nH]1)c1ccccc1,CHEMBL1916269,0.36,Lipophilicity,1,train
CCC(CC)n1nc(C)c(C(=O)N[C@@H](C)C(C)(C)C)c1NS(=O)(=O)c1ccc(C)cc1,CCC(CC)n1nc(C)c(C(=O)NC(C)C(C)(C)C)c1NS(=O)(=O)c1ccc(C)cc1,O=S(=O)(Nc1ccn[nH]1)c1ccccc1,CHEMBL1934271,1.88,Lipophilicity,1,train
CCn1nc(C)c(C(=O)N[C@@H](C)C(C)(C)C)c1NS(=O)(=O)c1ccc(C)cc1,CCn1nc(C)c(C(=O)NC(C)C(C)(C)C)c1NS(=O)(=O)c1ccc(C)cc1,O=S(=O)(Nc1ccn[nH]1)c1ccccc1,CHEMBL1934268,0.95,Lipophilicity,1,train
COCC(C)n1nc(C)c(C(=O)N[C@@H](C)C(C)(C)C)c1NS(=O)(=O)c1ccc(C)cc1,COCC(C)n1nc(C)c(C(=O)NC(C)C(C)(C)C)c1NS(=O)(=O)c1ccc(C)cc1,O=S(=O)(Nc1ccn[nH]1)c1ccccc1,CHEMBL1934416,0.61,Lipophilicity,1,train
COCCC(C)n1nc(C)c(C(=O)N[C@@H](C)C(C)(C)C)c1NS(=O)(=O)c1ccc(C)cc1,COCCC(C)n1nc(C)c(C(=O)NC(C)C(C)(C)C)c1NS(=O)(=O)c1ccc(C)cc1,O=S(=O)(Nc1ccn[nH]1)c1ccccc1,CHEMBL1934417,0.78,Lipophilicity,1,train
Cc1ccc(S(=O)(=O)Nc2c(C(=O)N[C@@H](C)C(C)(C)C)c(C)nn2C(C)(C)C)cc1,Cc1ccc(S(=O)(=O)Nc2c(C(=O)NC(C)C(C)(C)C)c(C)nn2C(C)(C)C)cc1,O=S(=O)(Nc1ccn[nH]1)c1ccccc1,CHEMBL1934270,1.84,Lipophilicity,1,train
Cc1ccc(S(=O)(=O)Nc2c(C(=O)N[C@@H](C)C(C)(C)C)c(C)nn2C(C)C)cc1,Cc1ccc(S(=O)(=O)Nc2c(C(=O)NC(C)C(C)(C)C)c(C)nn2C(C)C)cc1,O=S(=O)(Nc1ccn[nH]1)c1ccccc1,CHEMBL1934267,0.97,Lipophilicity,1,train
Cc1ccc(S(=O)(=O)Nc2c(C(=O)N[C@@H](C)C(C)(C)C)c(C)nn2CC(F)(F)F)cc1,Cc1ccc(S(=O)(=O)Nc2c(C(=O)NC(C)C(C)(C)C)c(C)nn2CC(F)(F)F)cc1,O=S(=O)(Nc1ccn[nH]1)c1ccccc1,CHEMBL1934269,0.93,Lipophilicity,1,train
COc1ccc(-c2cc3c(N[C@H]4CCCNC4)ncc(C(N)=O)c3s2)cc1,COc1ccc(-c2cc3c(NC4CCCNC4)ncc(C(N)=O)c3s2)cc1,c1ccc(-c2cc3c(NC4CCCNC4)nccc3s2)cc1,CHEMBL1288009,1.82,Lipophilicity,1,train
COc1cccc(-c2cc3c(N[C@H]4CCCNC4)ncc(C(N)=O)c3s2)c1,COc1cccc(-c2cc3c(NC4CCCNC4)ncc(C(N)=O)c3s2)c1,c1ccc(-c2cc3c(NC4CCCNC4)nccc3s2)cc1,CHEMBL1287979,1.82,Lipophilicity,1,train
NC(=O)c1ccc(-c2cc3c(N[C@H]4CCCNC4)ncc(C(N)=O)c3s2)cc1,NC(=O)c1ccc(-c2cc3c(NC4CCCNC4)ncc(C(N)=O)c3s2)cc1,c1ccc(-c2cc3c(NC4CCCNC4)nccc3s2)cc1,CHEMBL1288278,0.28,Lipophilicity,1,train
NC(=O)c1cnc(N[C@H]2CCCNC2)c2cc(-c3ccc(Cl)c(F)c3)sc12,NC(=O)c1cnc(NC2CCCNC2)c2cc(-c3ccc(Cl)c(F)c3)sc12,c1ccc(-c2cc3c(NC4CCCNC4)nccc3s2)cc1,CHEMBL1288103,2.76,Lipophilicity,1,train
NC(=O)c1cnc(N[C@H]2CCCNC2)c2cc(-c3ccc(Cl)cc3)sc12,NC(=O)c1cnc(NC2CCCNC2)c2cc(-c3ccc(Cl)cc3)sc12,c1ccc(-c2cc3c(NC4CCCNC4)nccc3s2)cc1,CHEMBL1231626,2.78,Lipophilicity,1,train
NC(=O)c1cnc(N[C@H]2CCCNC2)c2cc(-c3ccc(F)c(Cl)c3)sc12,NC(=O)c1cnc(NC2CCCNC2)c2cc(-c3ccc(F)c(Cl)c3)sc12,c1ccc(-c2cc3c(NC4CCCNC4)nccc3s2)cc1,CHEMBL1288221,2.94,Lipophilicity,1,train
NC(=O)c1cnc(N[C@H]2CCCNC2)c2cc(-c3ccc(F)c(F)c3)sc12,NC(=O)c1cnc(NC2CCCNC2)c2cc(-c3ccc(F)c(F)c3)sc12,c1ccc(-c2cc3c(NC4CCCNC4)nccc3s2)cc1,CHEMBL1287892,2.17,Lipophilicity,1,train
NC(=O)c1cnc(N[C@H]2CCCNC2)c2cc(-c3ccc(F)cc3)sc12,NC(=O)c1cnc(NC2CCCNC2)c2cc(-c3ccc(F)cc3)sc12,c1ccc(-c2cc3c(NC4CCCNC4)nccc3s2)cc1,CHEMBL1288164,2.01,Lipophilicity,1,train
NC(=O)c1cnc(N[C@H]2CCCNC2)c2cc(-c3ccc(F)cc3F)sc12,NC(=O)c1cnc(NC2CCCNC2)c2cc(-c3ccc(F)cc3F)sc12,c1ccc(-c2cc3c(NC4CCCNC4)nccc3s2)cc1,CHEMBL1288102,1.97,Lipophilicity,1,train
COc1cccc2[nH]ncc12,COc1cccc2[nH]ncc12,c1ccc2[nH]ncc2c1,CHEMBL15932,2.1,Lipophilicity,1,train
Clc1ccc2[nH]ncc2c1,Clc1ccc2[nH]ncc2c1,c1ccc2[nH]ncc2c1,CHEMBL246746,2.44,Lipophilicity,1,train
Clc1cccc2[nH]ncc12,Clc1cccc2[nH]ncc12,c1ccc2[nH]ncc2c1,CHEMBL246533,2.5,Lipophilicity,1,train
Clc1cccc2cn[nH]c12,Clc1cccc2cn[nH]c12,c1ccc2[nH]ncc2c1,CHEMBL247367,2.33,Lipophilicity,1,train
Fc1ccc2cn[nH]c2c1,Fc1ccc2cn[nH]c2c1,c1ccc2[nH]ncc2c1,CHEMBL247366,2.3,Lipophilicity,1,train
Nc1ccc2cn[nH]c2c1,Nc1ccc2cn[nH]c2c1,c1ccc2[nH]ncc2c1,CHEMBL594707,0.52,Lipophilicity,1,train
Nc1n[nH]c2c(Cl)cccc12,Nc1n[nH]c2c(Cl)cccc12,c1ccc2[nH]ncc2c1,CHEMBL1980161,1.7,Lipophilicity,1,train
O=[N+]([O-])c1ccc2[nH]ncc2c1,O=[N+]([O-])c1ccc2[nH]ncc2c1,c1ccc2[nH]ncc2c1,CHEMBL165372,2.2,Lipophilicity,1,train
c1ccc2[nH]ncc2c1,c1ccc2[nH]ncc2c1,c1ccc2[nH]ncc2c1,CHEMBL86795,1.9,Lipophilicity,1,train
CC(=O)Nc1ccc(C(=O)Nc2ccccc2N)cc1,CC(=O)Nc1ccc(C(=O)Nc2ccccc2N)cc1,O=C(Nc1ccccc1)c1ccccc1,CHEMBL235191,0.82,Lipophilicity,1,train
COC(=O)c1ccc(NC(=O)c2cc(OC)c(OC)c(OC)c2)cc1,COC(=O)c1ccc(NC(=O)c2cc(OC)c(OC)c(OC)c2)cc1,O=C(Nc1ccccc1)c1ccccc1,CHEMBL2005730,3.2,Lipophilicity,1,train
Cc1cccc(C(N)=O)c1NC(=O)c1ccccc1,Cc1cccc(C(N)=O)c1NC(=O)c1ccccc1,O=C(Nc1ccccc1)c1ccccc1,CHEMBL151592,1.09,Lipophilicity,1,train
O=C(Nc1ccc(F)cc1F)c1cc(Cl)ccc1O,O=C(Nc1ccc(F)cc1F)c1cc(Cl)ccc1O,O=C(Nc1ccccc1)c1ccccc1,CHEMBL2313078,3.6,Lipophilicity,1,train
O=C(Nc1ccc(O)cc1)c1ccc(O)cc1,O=C(Nc1ccc(O)cc1)c1ccc(O)cc1,O=C(Nc1ccccc1)c1ccccc1,CHEMBL333685,1.5,Lipophilicity,1,train
O=C(Nc1ccccc1)c1cc(Cl)ccc1O,O=C(Nc1ccccc1)c1cc(Cl)ccc1O,O=C(Nc1ccccc1)c1ccccc1,CHEMBL1892375,2.9,Lipophilicity,1,train
O=C(Nc1ccccc1)c1ccccc1,O=C(Nc1ccccc1)c1ccccc1,O=C(Nc1ccccc1)c1ccccc1,CHEMBL115523,2.8,Lipophilicity,1,train
O=C(Nc1ccccc1O)c1cc([N+](=O)[O-])ccc1Cl,O=C(Nc1ccccc1O)c1cc([N+](=O)[O-])ccc1Cl,O=C(Nc1ccccc1)c1ccccc1,CHEMBL229948,2.49,Lipophilicity,1,train
CC(=O)N1CCN(c2ccc(Nc3nccc(-c4cnc(C)n4C(C)C)n3)cc2)CC1,CC(=O)N1CCN(c2ccc(Nc3nccc(-c4cnc(C)n4C(C)C)n3)cc2)CC1,c1cc(-c2cnc[nH]2)nc(Nc2ccc(N3CCNCC3)cc2)n1,CHEMBL477568,2.39,Lipophilicity,1,train
COCCS(=O)(=O)N1CCN(c2ccc(Nc3nccc(-c4cnc(C)n4C(C)C)n3)cc2)CC1,COCCS(=O)(=O)N1CCN(c2ccc(Nc3nccc(-c4cnc(C)n4C(C)C)n3)cc2)CC1,c1cc(-c2cnc[nH]2)nc(Nc2ccc(N3CCNCC3)cc2)n1,CHEMBL514384,2.75,Lipophilicity,1,train
Cc1ncc(-c2ccnc(Nc3ccc(N4CCN(C(=O)[C@H](C)O)CC4)cc3)n2)n1C(C)C,Cc1ncc(-c2ccnc(Nc3ccc(N4CCN(C(=O)C(C)O)CC4)cc3)n2)n1C(C)C,c1cc(-c2cnc[nH]2)nc(Nc2ccc(N3CCNCC3)cc2)n1,CHEMBL515311,2.15,Lipophilicity,1,train
Cc1ncc(-c2ccnc(Nc3ccc(N4CCN(C(=O)CN(C)C)CC4)cc3)n2)n1C(C)C,Cc1ncc(-c2ccnc(Nc3ccc(N4CCN(C(=O)CN(C)C)CC4)cc3)n2)n1C(C)C,c1cc(-c2cnc[nH]2)nc(Nc2ccc(N3CCNCC3)cc2)n1,CHEMBL478241,3.31,Lipophilicity,1,train
Cc1ncc(-c2ccnc(Nc3ccc(N4CCN(C(=O)CO)CC4)cc3)n2)n1C(C)C,Cc1ncc(-c2ccnc(Nc3ccc(N4CCN(C(=O)CO)CC4)cc3)n2)n1C(C)C,c1cc(-c2cnc[nH]2)nc(Nc2ccc(N3CCNCC3)cc2)n1,CHEMBL477786,1.69,Lipophilicity,1,train
Cc1ncc(-c2ccnc(Nc3ccc(N4CCN(S(=O)(=O)CCN(C)C)CC4)cc3)n2)n1C(C)C,Cc1ncc(-c2ccnc(Nc3ccc(N4CCN(S(=O)(=O)CCN(C)C)CC4)cc3)n2)n1C(C)C,c1cc(-c2cnc[nH]2)nc(Nc2ccc(N3CCNCC3)cc2)n1,CHEMBL477785,2.52,Lipophilicity,1,train
Cc1ncc(-c2ccnc(Nc3ccc(N4CCN(S(C)(=O)=O)CC4)cc3)n2)n1C(C)C,Cc1ncc(-c2ccnc(Nc3ccc(N4CCN(S(C)(=O)=O)CC4)cc3)n2)n1C(C)C,c1cc(-c2cnc[nH]2)nc(Nc2ccc(N3CCNCC3)cc2)n1,CHEMBL477567,2.57,Lipophilicity,1,train
Cc1ncc(-c2nc(Nc3ccc(N4CCN(C(=O)CO)CC4)cc3)ncc2F)n1C(C)C,Cc1ncc(-c2nc(Nc3ccc(N4CCN(C(=O)CO)CC4)cc3)ncc2F)n1C(C)C,c1cc(-c2cnc[nH]2)nc(Nc2ccc(N3CCNCC3)cc2)n1,CHEMBL476993,2.19,Lipophilicity,1,train
CCN(c1ccnc(Nc2cc(N3CCOCC3)cc(N3CCOCC3)c2)n1)c1cc(CO)ccc1C,CCN(c1ccnc(Nc2cc(N3CCOCC3)cc(N3CCOCC3)c2)n1)c1cc(CO)ccc1C,c1ccc(Nc2ccnc(Nc3cc(N4CCOCC4)cc(N4CCOCC4)c3)n2)cc1,CHEMBL1762547,3.8,Lipophilicity,1,train
CN(c1cccc(CO)c1)c1ccnc(Nc2cc(N3CCOCC3)cc(N3CCOCC3)c2)n1,CN(c1cccc(CO)c1)c1ccnc(Nc2cc(N3CCOCC3)cc(N3CCOCC3)c2)n1,c1ccc(Nc2ccnc(Nc3cc(N4CCOCC4)cc(N4CCOCC4)c3)n2)cc1,CHEMBL1762528,2.6,Lipophilicity,1,train
CN(c1ccccc1)c1ccnc(Nc2cc(N3CCOCC3)cc(N3CCOCC3)c2)n1,CN(c1ccccc1)c1ccnc(Nc2cc(N3CCOCC3)cc(N3CCOCC3)c2)n1,c1ccc(Nc2ccnc(Nc3cc(N4CCOCC4)cc(N4CCOCC4)c3)n2)cc1,CHEMBL1762521,3.47,Lipophilicity,1,train
COCCN(c1ccnc(Nc2cc(N3CCOCC3)cc(N3CCOCC3)c2)n1)c1cc(CO)ccc1C,COCCN(c1ccnc(Nc2cc(N3CCOCC3)cc(N3CCOCC3)c2)n1)c1cc(CO)ccc1C,c1ccc(Nc2ccnc(Nc3cc(N4CCOCC4)cc(N4CCOCC4)c3)n2)cc1,CHEMBL1762549,2.8,Lipophilicity,1,train
COc1cc(CO)cc(N(C)c2ccnc(Nc3cc(N4CCOCC4)cc(N4CCOCC4)c3)n2)c1,COc1cc(CO)cc(N(C)c2ccnc(Nc3cc(N4CCOCC4)cc(N4CCOCC4)c3)n2)c1,c1ccc(Nc2ccnc(Nc3cc(N4CCOCC4)cc(N4CCOCC4)c3)n2)cc1,CHEMBL1762529,3.0,Lipophilicity,1,train
COc1ccc(C)c(N(C)c2ccnc(Nc3cc(N4CCOCC4)cc(N4CCOCC4)c3)n2)c1,COc1ccc(C)c(N(C)c2ccnc(Nc3cc(N4CCOCC4)cc(N4CCOCC4)c3)n2)c1,c1ccc(Nc2ccnc(Nc3cc(N4CCOCC4)cc(N4CCOCC4)c3)n2)cc1,CHEMBL1762527,3.18,Lipophilicity,1,train
Cc1ccc(CO)cc1N(C)c1ccnc(Nc2cc(N3CCOCC3)cc(N3CCOCC3)c2)n1,Cc1ccc(CO)cc1N(C)c1ccnc(Nc2cc(N3CCOCC3)cc(N3CCOCC3)c2)n1,c1ccc(Nc2ccnc(Nc3cc(N4CCOCC4)cc(N4CCOCC4)c3)n2)cc1,CHEMBL1762530,2.94,Lipophilicity,1,train
Cc1ccc(CO)cc1N(c1ccnc(Nc2cc(N3CCOCC3)cc(N3CCOCC3)c2)n1)C(C)C,Cc1ccc(CO)cc1N(c1ccnc(Nc2cc(N3CCOCC3)cc(N3CCOCC3)c2)n1)C(C)C,c1ccc(Nc2ccnc(Nc3cc(N4CCOCC4)cc(N4CCOCC4)c3)n2)cc1,CHEMBL1762548,3.9,Lipophilicity,1,train
CCC(NC(=O)c1ccc(C)cc1)c1nc2ccsc2c(=O)n1Cc1ccccc1,CCC(NC(=O)c1ccc(C)cc1)c1nc2ccsc2c(=O)n1Cc1ccccc1,O=C(NCc1nc2ccsc2c(=O)n1Cc1ccccc1)c1ccccc1,CHEMBL1829442,4.14,Lipophilicity,1,train
CCC(c1nc2ccsc2c(=O)n1Cc1ccc(C)cc1)N(CCCN)C(=O)c1ccc(C)cc1,CCC(c1nc2ccsc2c(=O)n1Cc1ccc(C)cc1)N(CCCN)C(=O)c1ccc(C)cc1,O=C(NCc1nc2ccsc2c(=O)n1Cc1ccccc1)c1ccccc1,CHEMBL1829250,1.69,Lipophilicity,1,train
CCC(c1nc2ccsc2c(=O)n1Cc1ccc(Cl)cc1)N(CCCN)C(=O)c1ccc(C)cc1,CCC(c1nc2ccsc2c(=O)n1Cc1ccc(Cl)cc1)N(CCCN)C(=O)c1ccc(C)cc1,O=C(NCc1nc2ccsc2c(=O)n1Cc1ccccc1)c1ccccc1,CHEMBL1829249,2.32,Lipophilicity,1,train
CCC(c1nc2ccsc2c(=O)n1Cc1ccc(OC)cc1)N(CCCN)C(=O)c1ccc(C)cc1,CCC(c1nc2ccsc2c(=O)n1Cc1ccc(OC)cc1)N(CCCN)C(=O)c1ccc(C)cc1,O=C(NCc1nc2ccsc2c(=O)n1Cc1ccccc1)c1ccccc1,CHEMBL1829251,2.15,Lipophilicity,1,train
CCC(c1nc2ccsc2c(=O)n1Cc1ccccc1)N(CCCN)C(=O)c1ccc(C(C)C)cc1,CCC(c1nc2ccsc2c(=O)n1Cc1ccccc1)N(CCCN)C(=O)c1ccc(C(C)C)cc1,O=C(NCc1nc2ccsc2c(=O)n1Cc1ccccc1)c1ccccc1,CHEMBL1829408,2.72,Lipophilicity,1,train
CCC(c1nc2ccsc2c(=O)n1Cc1ccccc1)N(CCCN)C(=O)c1ccc(C)cc1,CCC(c1nc2ccsc2c(=O)n1Cc1ccccc1)N(CCCN)C(=O)c1ccc(C)cc1,O=C(NCc1nc2ccsc2c(=O)n1Cc1ccccc1)c1ccccc1,CHEMBL1829246,1.81,Lipophilicity,1,train
CCC(c1nc2ccsc2c(=O)n1Cc1ccccc1)N(CCCN)C(=O)c1ccc(OC)cc1,CCC(c1nc2ccsc2c(=O)n1Cc1ccccc1)N(CCCN)C(=O)c1ccc(OC)cc1,O=C(NCc1nc2ccsc2c(=O)n1Cc1ccccc1)c1ccccc1,CHEMBL1829409,1.39,Lipophilicity,1,train
CCC(c1nc2ccsc2c(=O)n1Cc1ccccc1)N(CCCN)C(=O)c1ccccc1,CCC(c1nc2ccsc2c(=O)n1Cc1ccccc1)N(CCCN)C(=O)c1ccccc1,O=C(NCc1nc2ccsc2c(=O)n1Cc1ccccc1)c1ccccc1,CHEMBL1829270,1.38,Lipophilicity,1,train
C#CCN(c1cc(Nc2ccc(OCC(O)CN(C)C)cc2)ncn1)c1cc(Cl)ccc1Cl,C#CCN(c1cc(Nc2ccc(OCC(O)CN(C)C)cc2)ncn1)c1cc(Cl)ccc1Cl,c1ccc(Nc2cc(Nc3ccccc3)ncn2)cc1,CHEMBL100945,2.8,Lipophilicity,1,train
CN(C)CC(O)COc1ccc(Nc2cc(N(CC#N)c3cc(Cl)ccc3Cl)ncn2)cc1,CN(C)CC(O)COc1ccc(Nc2cc(N(CC#N)c3cc(Cl)ccc3Cl)ncn2)cc1,c1ccc(Nc2cc(Nc3ccccc3)ncn2)cc1,CHEMBL101119,2.1,Lipophilicity,1,train
CN(C)CC(O)COc1ccc(Nc2cc(N(CCC#N)c3cc(Cl)ccc3Cl)ncn2)cc1,CN(C)CC(O)COc1ccc(Nc2cc(N(CCC#N)c3cc(Cl)ccc3Cl)ncn2)cc1,c1ccc(Nc2cc(Nc3ccccc3)ncn2)cc1,CHEMBL317378,2.1,Lipophilicity,1,train
CN(C)CC(O)COc1ccc(Nc2cc(Nc3cc(Cl)ccc3Cl)ncn2)cc1,CN(C)CC(O)COc1ccc(Nc2cc(Nc3cc(Cl)ccc3Cl)ncn2)cc1,c1ccc(Nc2cc(Nc3ccccc3)ncn2)cc1,CHEMBL322640,2.6,Lipophilicity,1,train
CN(C)CC(O)COc1ccc(Nc2cc(Nc3ccc(F)cc3F)ncn2)cc1,CN(C)CC(O)COc1ccc(Nc2cc(Nc3ccc(F)cc3F)ncn2)cc1,c1ccc(Nc2cc(Nc3ccccc3)ncn2)cc1,CHEMBL317281,1.48,Lipophilicity,1,train
COc1ccc(Nc2cc(Nc3ccc(OCC(O)CN(C)C)cc3)ncn2)cc1,COc1ccc(Nc2cc(Nc3ccc(OCC(O)CN(C)C)cc3)ncn2)cc1,c1ccc(Nc2cc(Nc3ccccc3)ncn2)cc1,CHEMBL101779,1.5,Lipophilicity,1,train
Cc1ccc(Cl)c(Nc2cc(Nc3ccc(OCC(O)CN(C)C)cc3)ncn2)c1,Cc1ccc(Cl)c(Nc2cc(Nc3ccc(OCC(O)CN(C)C)cc3)ncn2)c1,c1ccc(Nc2cc(Nc3ccccc3)ncn2)cc1,CHEMBL100675,2.16,Lipophilicity,1,train
Cc1ccc(N(CC#N)c2cc(Nc3ccc(OCC(O)CN(C)C)cc3)ncn2)c(Br)c1,Cc1ccc(N(CC#N)c2cc(Nc3ccc(OCC(O)CN(C)C)cc3)ncn2)c(Br)c1,c1ccc(Nc2cc(Nc3ccccc3)ncn2)cc1,CHEMBL421583,2.24,Lipophilicity,1,train
COc1ccc(-c2c(C)c3ccc(OC)cc3oc2=O)cc1,COc1ccc(-c2c(C)c3ccc(OC)cc3oc2=O)cc1,O=c1oc2ccccc2cc1-c1ccccc1,CHEMBL1258188,3.31,Lipophilicity,1,train
Cc1c(-c2ccc(O)cc2)c(=O)oc2cc(O)ccc12,Cc1c(-c2ccc(O)cc2)c(=O)oc2cc(O)ccc12,O=c1oc2ccccc2cc1-c1ccccc1,CHEMBL1255978,2.8,Lipophilicity,1,train
O=c1oc2c(O)cccc2cc1-c1ccc(O)cc1,O=c1oc2c(O)cccc2cc1-c1ccc(O)cc1,O=c1oc2ccccc2cc1-c1ccccc1,CHEMBL1777848,2.8,Lipophilicity,1,train
O=c1oc2cc(O)ccc2cc1-c1ccc(O)cc1,O=c1oc2cc(O)ccc2cc1-c1ccc(O)cc1,O=c1oc2ccccc2cc1-c1ccccc1,CHEMBL1915315,2.9,Lipophilicity,1,train
O=c1oc2ccc(O)cc2cc1-c1ccc(O)cc1,O=c1oc2ccc(O)cc2cc1-c1ccc(O)cc1,O=c1oc2ccccc2cc1-c1ccccc1,CHEMBL486894,2.9,Lipophilicity,1,train
O=c1oc2ccc(O)cc2cc1-c1ccccc1,O=c1oc2ccc(O)cc2cc1-c1ccccc1,O=c1oc2ccccc2cc1-c1ccccc1,CHEMBL467028,3.12,Lipophilicity,1,train
O=c1oc2ccccc2cc1-c1ccc(O)cc1,O=c1oc2ccccc2cc1-c1ccc(O)cc1,O=c1oc2ccccc2cc1-c1ccccc1,CHEMBL71271,3.0,Lipophilicity,1,train
O=c1oc2ccccc2cc1-c1ccccc1,O=c1oc2ccccc2cc1-c1ccccc1,O=c1oc2ccccc2cc1-c1ccccc1,CHEMBL510349,3.22,Lipophilicity,1,train
C[C@H](Oc1ccc(Cl)cc1CN1CCN(C(=O)Cc2ccc(Cl)cc2)[C@@H](C)C1)C(=O)O,CC(Oc1ccc(Cl)cc1CN1CCN(C(=O)Cc2ccc(Cl)cc2)C(C)C1)C(=O)O,O=C(Cc1ccccc1)N1CCN(Cc2ccccc2)CC1,CHEMBL1689133,1.66,Lipophilicity,1,train
C[C@H]1CN(Cc2cc(Cl)ccc2CC(=O)O)CCN1C(=O)Cc1ccc(Cl)cc1,CC1CN(Cc2cc(Cl)ccc2CC(=O)O)CCN1C(=O)Cc1ccc(Cl)cc1,O=C(Cc1ccccc1)N1CCN(Cc2ccccc2)CC1,CHEMBL1689135,1.66,Lipophilicity,1,train
C[C@H]1CN(Cc2cc(Cl)ccc2CCC(=O)O)CCN1C(=O)Cc1ccccc1,CC1CN(Cc2cc(Cl)ccc2CCC(=O)O)CCN1C(=O)Cc1ccccc1,O=C(Cc1ccccc1)N1CCN(Cc2ccccc2)CC1,CHEMBL1689136,1.52,Lipophilicity,1,train
C[C@@H]1CN(Cc2cc(Cl)ccc2OCC(=O)O)C[C@H](C)N1C(=O)Cc1ccccc1,CC1CN(Cc2cc(Cl)ccc2OCC(=O)O)CC(C)N1C(=O)Cc1ccccc1,O=C(Cc1ccccc1)N1CCN(Cc2ccccc2)CC1,CHEMBL1689125,0.7,Lipophilicity,1,train
C[C@H]1CN(Cc2cc(Cl)ccc2OCC(=O)O)CCN1C(=O)Cc1ccc(Cl)cc1,CC1CN(Cc2cc(Cl)ccc2OCC(=O)O)CCN1C(=O)Cc1ccc(Cl)cc1,O=C(Cc1ccccc1)N1CCN(Cc2ccccc2)CC1,CHEMBL1689128,1.21,Lipophilicity,1,train
C[C@H]1CN(Cc2cc(Cl)ccc2OCC(=O)O)CCN1C(=O)Cc1cccc(Cl)c1,CC1CN(Cc2cc(Cl)ccc2OCC(=O)O)CCN1C(=O)Cc1cccc(Cl)c1,O=C(Cc1ccccc1)N1CCN(Cc2ccccc2)CC1,CHEMBL1689130,0.78,Lipophilicity,1,train
C[C@H]1CN(Cc2cc(Cl)ccc2OCC(=O)O)CCN1C(=O)Cc1ccccc1,CC1CN(Cc2cc(Cl)ccc2OCC(=O)O)CCN1C(=O)Cc1ccccc1,O=C(Cc1ccccc1)N1CCN(Cc2ccccc2)CC1,CHEMBL1689126,0.18,Lipophilicity,1,train
C[C@H]1CN(Cc2cc(Cl)ccc2OCC(=O)O)CCN1C(=O)Cc1ccccc1Cl,CC1CN(Cc2cc(Cl)ccc2OCC(=O)O)CCN1C(=O)Cc1ccccc1Cl,O=C(Cc1ccccc1)N1CCN(Cc2ccccc2)CC1,CHEMBL1689129,1.1,Lipophilicity,1,train
C[C@H]1CN(Cc2cc(Cl)ccc2OC(C)(C)C(=O)O)CCN1S(=O)(=O)c1ccccc1,CC1CN(Cc2cc(Cl)ccc2OC(C)(C)C(=O)O)CCN1S(=O)(=O)c1ccccc1,O=S(=O)(c1ccccc1)N1CCN(Cc2ccccc2)CC1,CHEMBL1689134,0.54,Lipophilicity,1,train
CC1CN(Cc2cc(Cl)ccc2OCC(=O)O)CCN1S(=O)(=O)c1ccccc1,CC1CN(Cc2cc(Cl)ccc2OCC(=O)O)CCN1S(=O)(=O)c1ccccc1,O=S(=O)(c1ccccc1)N1CCN(Cc2ccccc2)CC1,CHEMBL1689118,0.31,Lipophilicity,1,train
CC1CN(S(=O)(=O)c2ccccc2)CCN1Cc1cc(Cl)ccc1OCC(=O)O,CC1CN(S(=O)(=O)c2ccccc2)CCN1Cc1cc(Cl)ccc1OCC(=O)O,O=S(=O)(c1ccccc1)N1CCN(Cc2ccccc2)CC1,CHEMBL1689122,0.69,Lipophilicity,1,train
CC[C@H]1CN(Cc2cc(Cl)ccc2OCC(=O)O)CCN1S(=O)(=O)c1ccccc1,CCC1CN(Cc2cc(Cl)ccc2OCC(=O)O)CCN1S(=O)(=O)c1ccccc1,O=S(=O)(c1ccccc1)N1CCN(Cc2ccccc2)CC1,CHEMBL1689123,0.44,Lipophilicity,1,train
CCC[C@H]1CN(Cc2cc(Cl)ccc2OCC(=O)O)CCN1S(=O)(=O)c1ccccc1,CCCC1CN(Cc2cc(Cl)ccc2OCC(=O)O)CCN1S(=O)(=O)c1ccccc1,O=S(=O)(c1ccccc1)N1CCN(Cc2ccccc2)CC1,CHEMBL1689124,1.02,Lipophilicity,1,train
O=C(O)COc1ccc(C(F)(F)F)cc1CN1CCN(S(=O)(=O)c2ccccc2)CC1,O=C(O)COc1ccc(C(F)(F)F)cc1CN1CCN(S(=O)(=O)c2ccccc2)CC1,O=S(=O)(c1ccccc1)N1CCN(Cc2ccccc2)CC1,CHEMBL1689110,0.4,Lipophilicity,1,train
O=C(O)COc1ccc(Cl)cc1CN1CCN(S(=O)(=O)c2ccc(F)cc2)CC1,O=C(O)COc1ccc(Cl)cc1CN1CCN(S(=O)(=O)c2ccc(F)cc2)CC1,O=S(=O)(c1ccccc1)N1CCN(Cc2ccccc2)CC1,CHEMBL1689117,0.99,Lipophilicity,1,train
O=C(O)COc1ccc(Cl)cc1CN1CCN(S(=O)(=O)c2ccccc2)CC1,O=C(O)COc1ccc(Cl)cc1CN1CCN(S(=O)(=O)c2ccccc2)CC1,O=S(=O)(c1ccccc1)N1CCN(Cc2ccccc2)CC1,CHEMBL1689109,0.49,Lipophilicity,1,train
CNC(=O)c1cccc(O[C@H]2C[C@H]3CC[C@@H](C2)N3Cc2ccccc2)c1,CNC(=O)c1cccc(OC2CC3CCC(C2)N3Cc2ccccc2)c1,c1ccc(CN2C3CCC2CC(Oc2ccccc2)C3)cc1,CHEMBL1224286,1.93,Lipophilicity,1,train
Cc1c(O[C@H]2C[C@H]3CC[C@@H](C2)N3Cc2ccccc2)cccc1C(N)=O,Cc1c(OC2CC3CCC(C2)N3Cc2ccccc2)cccc1C(N)=O,c1ccc(CN2C3CCC2CC(Oc2ccccc2)C3)cc1,CHEMBL1224142,1.6,Lipophilicity,1,train
Cc1cc(C(N)=O)ccc1O[C@H]1C[C@H]2CC[C@@H](C1)N2Cc1ccccc1,Cc1cc(C(N)=O)ccc1OC1CC2CCC(C1)N2Cc1ccccc1,c1ccc(CN2C3CCC2CC(Oc2ccccc2)C3)cc1,CHEMBL1224215,2.23,Lipophilicity,1,train
Cc1cc(O[C@H]2C[C@H]3CC[C@@H](C2)N3Cc2ccccc2)cc(C(N)=O)c1,Cc1cc(OC2CC3CCC(C2)N3Cc2ccccc2)cc(C(N)=O)c1,c1ccc(CN2C3CCC2CC(Oc2ccccc2)C3)cc1,CHEMBL1224140,2.08,Lipophilicity,1,train
NC(=O)c1cc(F)cc(O[C@H]2C[C@H]3CC[C@@H](C2)N3Cc2ccccc2)c1,NC(=O)c1cc(F)cc(OC2CC3CCC(C2)N3Cc2ccccc2)c1,c1ccc(CN2C3CCC2CC(Oc2ccccc2)C3)cc1,CHEMBL1224139,2.14,Lipophilicity,1,train
NC(=O)c1ccc(O[C@H]2C[C@H]3CC[C@@H](C2)N3Cc2ccccc2)c(F)c1,NC(=O)c1ccc(OC2CC3CCC(C2)N3Cc2ccccc2)c(F)c1,c1ccc(CN2C3CCC2CC(Oc2ccccc2)C3)cc1,CHEMBL1224216,2.1,Lipophilicity,1,train
NC(=O)c1cccc(O[C@@H]2C[C@H]3CC[C@@H](C2)N3Cc2ccccc2)c1,NC(=O)c1cccc(OC2CC3CCC(C2)N3Cc2ccccc2)c1,c1ccc(CN2C3CCC2CC(Oc2ccccc2)C3)cc1,CHEMBL1223951,1.685,Lipophilicity,2,train
Oc1cccc(O[C@H]2C[C@H]3CC[C@@H](C2)N3Cc2ccccc2)c1,Oc1cccc(OC2CC3CCC(C2)N3Cc2ccccc2)c1,c1ccc(CN2C3CCC2CC(Oc2ccccc2)C3)cc1,CHEMBL1224288,2.3,Lipophilicity,1,train
N#Cc1cccc(COc2cc(OCCCN3CCCC3)ccc2C(=O)Nc2cccc(O)c2)c1,N#Cc1cccc(COc2cc(OCCCN3CCCC3)ccc2C(=O)Nc2cccc(O)c2)c1,O=C(Nc1ccccc1)c1ccc(OCCCN2CCCC2)cc1OCc1ccccc1,CHEMBL1824373,2.41,Lipophilicity,1,train
N#Cc1ccccc1COc1cc(OCCCN2CCCC2)ccc1C(=O)Nc1cccc(O)c1,N#Cc1ccccc1COc1cc(OCCCN2CCCC2)ccc1C(=O)Nc1cccc(O)c1,O=C(Nc1ccccc1)c1ccc(OCCCN2CCCC2)cc1OCc1ccccc1,CHEMBL1824369,2.34,Lipophilicity,1,train
N#Cc1ccccc1COc1cc(OCCCN2CCCC2)ccc1C(=O)Nc1ccccc1,N#Cc1ccccc1COc1cc(OCCCN2CCCC2)ccc1C(=O)Nc1ccccc1,O=C(Nc1ccccc1)c1ccc(OCCCN2CCCC2)cc1OCc1ccccc1,CHEMBL1824605,2.66,Lipophilicity,1,train
O=C(Nc1cccc(O)c1)c1ccc(OCCCN2CCCC2)cc1OCc1ccc(F)cc1,O=C(Nc1cccc(O)c1)c1ccc(OCCCN2CCCC2)cc1OCc1ccc(F)cc1,O=C(Nc1ccccc1)c1ccc(OCCCN2CCCC2)cc1OCc1ccccc1,CHEMBL1824364,3.2,Lipophilicity,1,train
O=C(Nc1cccc(O)c1)c1ccc(OCCCN2CCCC2)cc1OCc1cccc(F)c1,O=C(Nc1cccc(O)c1)c1ccc(OCCCN2CCCC2)cc1OCc1cccc(F)c1,O=C(Nc1ccccc1)c1ccc(OCCCN2CCCC2)cc1OCc1ccccc1,CHEMBL1824371,3.15,Lipophilicity,1,train
O=C(Nc1cccc(O)c1)c1ccc(OCCCN2CCCC2)cc1OCc1ccccc1,O=C(Nc1cccc(O)c1)c1ccc(OCCCN2CCCC2)cc1OCc1ccccc1,O=C(Nc1ccccc1)c1ccc(OCCCN2CCCC2)cc1OCc1ccccc1,CHEMBL1824363,3.07,Lipophilicity,1,train
O=C(Nc1ccccc1)c1ccc(OCCCN2CCCC2)cc1OCc1cccc(F)c1,O=C(Nc1ccccc1)c1ccc(OCCCN2CCCC2)cc1OCc1cccc(F)c1,O=C(Nc1ccccc1)c1ccc(OCCCN2CCCC2)cc1OCc1ccccc1,CHEMBL1824608,3.67,Lipophilicity,1,train
O=C(Nc1ccccc1)c1ccc(OCCCN2CCCC2)cc1OCc1ccccc1F,O=C(Nc1ccccc1)c1ccc(OCCCN2CCCC2)cc1OCc1ccccc1F,O=C(Nc1ccccc1)c1ccc(OCCCN2CCCC2)cc1OCc1ccccc1,CHEMBL1824606,3.85,Lipophilicity,1,train
COCCOc1ccc(C(=O)Nc2cc(NC(=O)c3cccc(N(C)C)c3)ccc2C)cc1,COCCOc1ccc(C(=O)Nc2cc(NC(=O)c3cccc(N(C)C)c3)ccc2C)cc1,O=C(Nc1cccc(NC(=O)c2ccccc2)c1)c1ccccc1,CHEMBL184189,2.74,Lipophilicity,1,train
COc1cc(C(=O)Nc2cc(NC(=O)c3cccc(N(C)C)c3)ccc2C)cc(OC)c1OC,COc1cc(C(=O)Nc2cc(NC(=O)c3cccc(N(C)C)c3)ccc2C)cc(OC)c1OC,O=C(Nc1cccc(NC(=O)c2ccccc2)c1)c1ccccc1,CHEMBL186542,2.54,Lipophilicity,1,train
COc1ccc(C(=O)Nc2cc(NC(=O)c3cccc(N(C)C)c3)ccc2Br)cc1OC,COc1ccc(C(=O)Nc2cc(NC(=O)c3cccc(N(C)C)c3)ccc2Br)cc1OC,O=C(Nc1cccc(NC(=O)c2ccccc2)c1)c1ccccc1,CHEMBL184347,3.49,Lipophilicity,1,train
COc1ccc(C(=O)Nc2cc(NC(=O)c3cccc(N(C)C)c3)ccc2C)cc1,COc1ccc(C(=O)Nc2cc(NC(=O)c3cccc(N(C)C)c3)ccc2C)cc1,O=C(Nc1cccc(NC(=O)c2ccccc2)c1)c1ccccc1,CHEMBL184011,3.17,Lipophilicity,1,train
COc1ccc(C(=O)Nc2cc(NC(=O)c3cccc(N(C)C)c3)ccc2C)cc1OC,COc1ccc(C(=O)Nc2cc(NC(=O)c3cccc(N(C)C)c3)ccc2C)cc1OC,O=C(Nc1cccc(NC(=O)c2ccccc2)c1)c1ccccc1,CHEMBL413558,3.12,Lipophilicity,1,train
COc1ccc(C(=O)Nc2cccc(NC(=O)c3cccc(N(C)C)c3)c2)cc1OC,COc1ccc(C(=O)Nc2cccc(NC(=O)c3cccc(N(C)C)c3)c2)cc1OC,O=C(Nc1cccc(NC(=O)c2ccccc2)c1)c1ccccc1,CHEMBL183843,3.67,Lipophilicity,1,train
Cc1ccc(NC(=O)c2cccc(N(C)C)c2)cc1NC(=O)c1ccc(O)cc1,Cc1ccc(NC(=O)c2cccc(N(C)C)c2)cc1NC(=O)c1ccc(O)cc1,O=C(Nc1cccc(NC(=O)c2ccccc2)c1)c1ccccc1,CHEMBL186526,2.65,Lipophilicity,1,train
Cc1ccc(NC(=O)c2cccc(N(C)C)c2)cc1NC(=O)c1ccc(OC(C)C)cc1,Cc1ccc(NC(=O)c2cccc(N(C)C)c2)cc1NC(=O)c1ccc(OC(C)C)cc1,O=C(Nc1cccc(NC(=O)c2ccccc2)c1)c1ccccc1,CHEMBL365472,3.1,Lipophilicity,1,train
CC(=O)Nc1ccc(-c2ccccc2)n(CC(=O)NC(C(=O)C(F)(F)F)C(C)C)c1=O,CC(=O)Nc1ccc(-c2ccccc2)n(CC(=O)NC(C(=O)C(F)(F)F)C(C)C)c1=O,O=c1cccc(-c2ccccc2)[nH]1,CHEMBL418841,1.78,Lipophilicity,1,train
CC(C)C(NC(=O)Cn1c(-c2ccccc2)ccc(N)c1=O)C(=O)C(F)(F)F,CC(C)C(NC(=O)Cn1c(-c2ccccc2)ccc(N)c1=O)C(=O)C(F)(F)F,O=c1cccc(-c2ccccc2)[nH]1,CHEMBL13923,1.74,Lipophilicity,1,train
CC(C)C(NC(=O)Cn1c(-c2ccccc2)ccc(NC=O)c1=O)C(=O)C(F)(F)F,CC(C)C(NC(=O)Cn1c(-c2ccccc2)ccc(NC=O)c1=O)C(=O)C(F)(F)F,O=c1cccc(-c2ccccc2)[nH]1,CHEMBL66520,1.84,Lipophilicity,1,train
CC(C)C(NC(=O)Cn1c(-c2ccccc2)ccc(NS(=O)(=O)C(F)(F)F)c1=O)C(=O)C(F)(F)F,CC(C)C(NC(=O)Cn1c(-c2ccccc2)ccc(NS(=O)(=O)C(F)(F)F)c1=O)C(=O)C(F)(F)F,O=c1cccc(-c2ccccc2)[nH]1,CHEMBL323443,1.01,Lipophilicity,1,train
CC(C)C(NC(=O)Cn1c(-c2ccccc2)ccc(NS(C)(=O)=O)c1=O)C(=O)C(F)(F)F,CC(C)C(NC(=O)Cn1c(-c2ccccc2)ccc(NS(C)(=O)=O)c1=O)C(=O)C(F)(F)F,O=c1cccc(-c2ccccc2)[nH]1,CHEMBL111955,1.77,Lipophilicity,1,train
CC(C)C(NC(=O)Cn1c(-c2ccccc2)ccc(NS(N)(=O)=O)c1=O)C(=O)C(F)(F)F,CC(C)C(NC(=O)Cn1c(-c2ccccc2)ccc(NS(N)(=O)=O)c1=O)C(=O)C(F)(F)F,O=c1cccc(-c2ccccc2)[nH]1,CHEMBL109396,1.17,Lipophilicity,1,train
CCNc1ccc(-c2ccccc2)n(CC(=O)NC(C(=O)C(F)(F)F)C(C)C)c1=O,CCNc1ccc(-c2ccccc2)n(CC(=O)NC(C(=O)C(F)(F)F)C(C)C)c1=O,O=c1cccc(-c2ccccc2)[nH]1,CHEMBL325870,2.37,Lipophilicity,1,train
CNS(=O)(=O)Nc1ccc(-c2ccccc2)n(CC(=O)NC(C(=O)C(F)(F)F)C(C)C)c1=O,CNS(=O)(=O)Nc1ccc(-c2ccccc2)n(CC(=O)NC(C(=O)C(F)(F)F)C(C)C)c1=O,O=c1cccc(-c2ccccc2)[nH]1,CHEMBL279250,1.79,Lipophilicity,1,train
C#CC(C)n1c(=O)c2c(-c3cncn3C)n(Cc3ccnc4ccc(Cl)cc34)nc2n(CC2CC2)c1=O,C#CC(C)n1c(=O)c2c(-c3cncn3C)n(Cc3ccnc4ccc(Cl)cc34)nc2n(CC2CC2)c1=O,O=c1[nH]c(=O)n(CC2CC2)c2nn(Cc3ccnc4ccccc34)c(-c3cnc[nH]3)c12,CHEMBL2087854,3.59,Lipophilicity,1,train
C#CCn1c(=O)c2c(-c3cncn3C)n(Cc3ccnc4ccc(Cl)cc34)nc2n(CC2CC2)c1=O,C#CCn1c(=O)c2c(-c3cncn3C)n(Cc3ccnc4ccc(Cl)cc34)nc2n(CC2CC2)c1=O,O=c1[nH]c(=O)n(CC2CC2)c2nn(Cc3ccnc4ccccc34)c(-c3cnc[nH]3)c12,CHEMBL1652588,3.16,Lipophilicity,1,train
C=CCn1c(=O)c2c(-c3cncn3C)n(Cc3ccnc4ccc(Cl)cc34)nc2n(CC2CC2)c1=O,C=CCn1c(=O)c2c(-c3cncn3C)n(Cc3ccnc4ccc(Cl)cc34)nc2n(CC2CC2)c1=O,O=c1[nH]c(=O)n(CC2CC2)c2nn(Cc3ccnc4ccccc34)c(-c3cnc[nH]3)c12,CHEMBL2087847,3.62,Lipophilicity,1,train
CC#CCn1c(=O)c2c(-c3cncn3C)n(Cc3ccnc4ccc(Cl)cc34)nc2n(CC2CC2)c1=O,CC#CCn1c(=O)c2c(-c3cncn3C)n(Cc3ccnc4ccc(Cl)cc34)nc2n(CC2CC2)c1=O,O=c1[nH]c(=O)n(CC2CC2)c2nn(Cc3ccnc4ccccc34)c(-c3cnc[nH]3)c12,CHEMBL2087848,3.61,Lipophilicity,1,train
CC(C)n1c(=O)c2c(-c3cncn3C)n(Cc3ccnc4ccc(Cl)cc34)nc2n(CC2CC2)c1=O,CC(C)n1c(=O)c2c(-c3cncn3C)n(Cc3ccnc4ccc(Cl)cc34)nc2n(CC2CC2)c1=O,O=c1[nH]c(=O)n(CC2CC2)c2nn(Cc3ccnc4ccccc34)c(-c3cnc[nH]3)c12,CHEMBL2087853,4.02,Lipophilicity,1,train
CCn1c(=O)c2c(-c3cncn3C)n(Cc3ccnc4ccc(Cl)cc34)nc2n(CC2CC2)c1=O,CCn1c(=O)c2c(-c3cncn3C)n(Cc3ccnc4ccc(Cl)cc34)nc2n(CC2CC2)c1=O,O=c1[nH]c(=O)n(CC2CC2)c2nn(Cc3ccnc4ccccc34)c(-c3cnc[nH]3)c12,CHEMBL2087850,2.87,Lipophilicity,1,train
Cn1cncc1-c1c2c(=O)n(C)c(=O)n(CC3CC3)c2nn1Cc1ccnc2ccc(Cl)cc12,Cn1cncc1-c1c2c(=O)n(C)c(=O)n(CC3CC3)c2nn1Cc1ccnc2ccc(Cl)cc12,O=c1[nH]c(=O)n(CC2CC2)c2nn(Cc3ccnc4ccccc34)c(-c3cnc[nH]3)c12,CHEMBL2087620,2.69,Lipophilicity,1,train
Cn1cncc1-c1c2c(=O)n(CC#CCO)c(=O)n(CC3CC3)c2nn1Cc1ccnc2ccc(Cl)cc12,Cn1cncc1-c1c2c(=O)n(CC#CCO)c(=O)n(CC3CC3)c2nn1Cc1ccnc2ccc(Cl)cc12,O=c1[nH]c(=O)n(CC2CC2)c2nn(Cc3ccnc4ccccc34)c(-c3cnc[nH]3)c12,CHEMBL2087846,2.55,Lipophilicity,1,train
CN(C)CCOc1ccccc1Cc1ccccc1,CN(C)CCOc1ccccc1Cc1ccccc1,c1ccc(Cc2ccccc2)cc1,CHEMBL186720,2.53,Lipophilicity,1,train
Cc1ccccc1C(OCCN(C)C)c1ccccc1,Cc1ccccc1C(OCCN(C)C)c1ccccc1,c1ccc(Cc2ccccc2)cc1,CHEMBL900,1.47,Lipophilicity,1,train
N=C(N)NCCC[C@H](NC(=O)COCC(c1ccccc1)c1ccccc1)C(=O)O,N=C(N)NCCCC(NC(=O)COCC(c1ccccc1)c1ccccc1)C(=O)O,c1ccc(Cc2ccccc2)cc1,CHEMBL389348,0.18,Lipophilicity,1,train
NC(=O)C[S+]([O-])C(c1ccccc1)c1ccccc1,NC(=O)C[S+]([O-])C(c1ccccc1)c1ccccc1,c1ccc(Cc2ccccc2)cc1,CHEMBL1373,1.12,Lipophilicity,1,train
NCC(O)(c1ccc(Cl)cc1)c1ccc(Cl)cc1,NCC(O)(c1ccc(Cl)cc1)c1ccc(Cl)cc1,c1ccc(Cc2ccccc2)cc1,CHEMBL1623092,2.69,Lipophilicity,1,train
NCC(O)(c1ccccc1)c1ccccc1,NCC(O)(c1ccccc1)c1ccccc1,c1ccc(Cc2ccccc2)cc1,CHEMBL268263,0.9,Lipophilicity,1,train
Oc1ccc(C(c2ccc(O)cc2)C(Cl)(Cl)Cl)cc1,Oc1ccc(C(c2ccc(O)cc2)C(Cl)(Cl)Cl)cc1,c1ccc(Cc2ccccc2)cc1,CHEMBL196585,3.86,Lipophilicity,1,train
CCCN(C)c1nc(N2CCC[C@@H](CC(=O)O)C2)ccc1C(=O)NC1CCCCC1,CCCN(C)c1nc(N2CCCC(CC(=O)O)C2)ccc1C(=O)NC1CCCCC1,O=C(NC1CCCCC1)c1ccc(N2CCCCC2)nc1,CHEMBL2153304,2.28,Lipophilicity,1,train
CCCNc1nc(N2CCC[C@@H](CC(=O)O)C2)ccc1C(=O)NC1CCCCC1,CCCNc1nc(N2CCCC(CC(=O)O)C2)ccc1C(=O)NC1CCCCC1,O=C(NC1CCCCC1)c1ccc(N2CCCCC2)nc1,CHEMBL2153303,2.33,Lipophilicity,1,train
CCCOc1nc(N2CCC[C@@H](CC(=O)O)C2)ccc1C(=O)NC1CCCCC1,CCCOc1nc(N2CCCC(CC(=O)O)C2)ccc1C(=O)NC1CCCCC1,O=C(NC1CCCCC1)c1ccc(N2CCCCC2)nc1,CHEMBL2153302,2.81,Lipophilicity,1,train
CCCSc1nc(N2CCC(C(=O)O)CC2)ccc1C(=O)NC1CCCCC1,CCCSc1nc(N2CCC(C(=O)O)CC2)ccc1C(=O)NC1CCCCC1,O=C(NC1CCCCC1)c1ccc(N2CCCCC2)nc1,CHEMBL2153189,1.6,Lipophilicity,1,train
CCCSc1nc(N2CCCC(C(=O)O)C2)ccc1C(=O)NC1CCCCC1,CCCSc1nc(N2CCCC(C(=O)O)C2)ccc1C(=O)NC1CCCCC1,O=C(NC1CCCCC1)c1ccc(N2CCCCC2)nc1,CHEMBL2153188,1.72,Lipophilicity,1,train
CCCSc1nc(N2CCC[C@H](CC(=O)O)C2)ccc1C(=O)NC1CCCCC1,CCCSc1nc(N2CCCC(CC(=O)O)C2)ccc1C(=O)NC1CCCCC1,O=C(NC1CCCCC1)c1ccc(N2CCCCC2)nc1,CHEMBL2153190,2.18,Lipophilicity,1,train
CCCSc1nc(N2CCCCC2C(=O)O)ccc1C(=O)NC1CCCCC1,CCCSc1nc(N2CCCCC2C(=O)O)ccc1C(=O)NC1CCCCC1,O=C(NC1CCCCC1)c1ccc(N2CCCCC2)nc1,CHEMBL2153187,1.36,Lipophilicity,1,train
CCN(C(=O)Cc1ccc(S(C)(=O)=O)cc1)C1CCN(CC[C@@H](c2cc(C)cc(C)c2)C2CCN(S(C)(=O)=O)CC2)CC1,CCN(C(=O)Cc1ccc(S(C)(=O)=O)cc1)C1CCN(CCC(c2cc(C)cc(C)c2)C2CCN(S(C)(=O)=O)CC2)CC1,O=C(Cc1ccccc1)NC1CCN(CCC(c2ccccc2)C2CCNCC2)CC1,CHEMBL1951916,1.93,Lipophilicity,1,train
CCN(C(=O)Cc1ccc(S(C)(=O)=O)cc1)C1CCN(CC[C@@H](c2cc(Cl)cc(Cl)c2)C2CCN(S(C)(=O)=O)CC2)CC1,CCN(C(=O)Cc1ccc(S(C)(=O)=O)cc1)C1CCN(CCC(c2cc(Cl)cc(Cl)c2)C2CCN(S(C)(=O)=O)CC2)CC1,O=C(Cc1ccccc1)NC1CCN(CCC(c2ccccc2)C2CCNCC2)CC1,CHEMBL1952100,2.6,Lipophilicity,1,train
CCN(C(=O)Cc1ccc(S(C)(=O)=O)cc1)C1CCN(CC[C@@H](c2cccc(C(F)(F)F)c2)C2CCN(S(C)(=O)=O)CC2)CC1,CCN(C(=O)Cc1ccc(S(C)(=O)=O)cc1)C1CCN(CCC(c2cccc(C(F)(F)F)c2)C2CCN(S(C)(=O)=O)CC2)CC1,O=C(Cc1ccccc1)NC1CCN(CCC(c2ccccc2)C2CCNCC2)CC1,CHEMBL1951918,1.9,Lipophilicity,1,train
CCN(C(=O)Cc1ccc(S(C)(=O)=O)cc1)C1CCN(CC[C@@H](c2cccc(F)c2)C2CCN(S(C)(=O)=O)CC2)CC1,CCN(C(=O)Cc1ccc(S(C)(=O)=O)cc1)C1CCN(CCC(c2cccc(F)c2)C2CCN(S(C)(=O)=O)CC2)CC1,O=C(Cc1ccccc1)NC1CCN(CCC(c2ccccc2)C2CCNCC2)CC1,CHEMBL1951912,1.44,Lipophilicity,1,train
CCN(C(=O)Cc1ccc(S(C)(=O)=O)cc1)C1CCN(CC[C@@H](c2ccccc2)C2CCN(S(=O)(=O)C(F)(F)F)CC2)CC1,CCN(C(=O)Cc1ccc(S(C)(=O)=O)cc1)C1CCN(CCC(c2ccccc2)C2CCN(S(=O)(=O)C(F)(F)F)CC2)CC1,O=C(Cc1ccccc1)NC1CCN(CCC(c2ccccc2)C2CCNCC2)CC1,CHEMBL1951908,3.39,Lipophilicity,1,train
CCN(C(=O)Cc1ccc(S(C)(=O)=O)cc1)C1CCN(CCC(c2ccccc2)C2CCN(S(=O)(=O)CC)CC2)CC1,CCN(C(=O)Cc1ccc(S(C)(=O)=O)cc1)C1CCN(CCC(c2ccccc2)C2CCN(S(=O)(=O)CC)CC2)CC1,O=C(Cc1ccccc1)NC1CCN(CCC(c2ccccc2)C2CCNCC2)CC1,CHEMBL1951907,1.63,Lipophilicity,1,train
CCN(C(=O)Cc1ccc(S(C)(=O)=O)cc1)C1CCN(CC[C@@H](c2ccccc2)C2CCN(S(C)(=O)=O)CC2)CC1,CCN(C(=O)Cc1ccc(S(C)(=O)=O)cc1)C1CCN(CCC(c2ccccc2)C2CCN(S(C)(=O)=O)CC2)CC1,O=C(Cc1ccccc1)NC1CCN(CCC(c2ccccc2)C2CCNCC2)CC1,CHEMBL1951906,1.05,Lipophilicity,1,train
CC(C)N1CCN(Cc2cnc(-c3ccc(C(=O)Nc4ccccc4N)cc3)c(C#N)c2)CC1,CC(C)N1CCN(Cc2cnc(-c3ccc(C(=O)Nc4ccccc4N)cc3)c(C#N)c2)CC1,O=C(Nc1ccccc1)c1ccc(-c2ccc(CN3CCNCC3)cn2)cc1,CHEMBL258177,1.28,Lipophilicity,1,train
CC(C)N1CCN(Cc2cnc(-c3ccc(C(=O)Nc4ccccc4N)cc3)c(Cl)c2)CC1,CC(C)N1CCN(Cc2cnc(-c3ccc(C(=O)Nc4ccccc4N)cc3)c(Cl)c2)CC1,O=C(Nc1ccccc1)c1ccc(-c2ccc(CN3CCNCC3)cn2)cc1,CHEMBL258175,1.68,Lipophilicity,1,train
CC(C)N1CCN(Cc2cnc(-c3ccc(C(=O)Nc4ccccc4N)cc3)c(F)c2)CC1,CC(C)N1CCN(Cc2cnc(-c3ccc(C(=O)Nc4ccccc4N)cc3)c(F)c2)CC1,O=C(Nc1ccccc1)c1ccc(-c2ccc(CN3CCNCC3)cn2)cc1,CHEMBL256998,1.6,Lipophilicity,1,train
CCN1CCN(Cc2cnc(-c3ccc(C(=O)Nc4ccccc4N)cc3)c(C#N)c2)CC1,CCN1CCN(Cc2cnc(-c3ccc(C(=O)Nc4ccccc4N)cc3)c(C#N)c2)CC1,O=C(Nc1ccccc1)c1ccc(-c2ccc(CN3CCNCC3)cn2)cc1,CHEMBL256985,1.14,Lipophilicity,1,train
CCN1CCN(Cc2cnc(-c3ccc(C(=O)Nc4ccccc4N)cc3)c(C)c2)CC1,CCN1CCN(Cc2cnc(-c3ccc(C(=O)Nc4ccccc4N)cc3)c(C)c2)CC1,O=C(Nc1ccccc1)c1ccc(-c2ccc(CN3CCNCC3)cn2)cc1,CHEMBL255244,1.2,Lipophilicity,1,train
CCN1CCN(Cc2cnc(-c3ccc(C(=O)Nc4ccccc4N)cc3)c(Cl)c2)CC1,CCN1CCN(Cc2cnc(-c3ccc(C(=O)Nc4ccccc4N)cc3)c(Cl)c2)CC1,O=C(Nc1ccccc1)c1ccc(-c2ccc(CN3CCNCC3)cn2)cc1,CHEMBL402542,1.81,Lipophilicity,1,train
Cc1cc(CN2CCN(C(C)C)CC2)cnc1-c1ccc(C(=O)Nc2ccccc2N)cc1,Cc1cc(CN2CCN(C(C)C)CC2)cnc1-c1ccc(C(=O)Nc2ccccc2N)cc1,O=C(Nc1ccccc1)c1ccc(-c2ccc(CN3CCNCC3)cn2)cc1,CHEMBL258176,1.44,Lipophilicity,1,train
COc1cc(O)c(S(=O)(=O)N2c3ccccc3CCC2C)cc1NC(=O)CCC(=O)O,COc1cc(O)c(S(=O)(=O)N2c3ccccc3CCC2C)cc1NC(=O)CCC(=O)O,O=S(=O)(c1ccccc1)N1CCCc2ccccc21,CHEMBL2207596,-0.27,Lipophilicity,1,train
COc1cc(OC)c(S(=O)(=O)N2c3ccccc3CCC2C)cc1NC(=O)CCC(=O)O,COc1cc(OC)c(S(=O)(=O)N2c3ccccc3CCC2C)cc1NC(=O)CCC(=O)O,O=S(=O)(c1ccccc1)N1CCCc2ccccc21,CHEMBL1951079,-0.87,Lipophilicity,1,train
COc1cc(OC)c(S(=O)(=O)N2c3ccccc3CCC2C)cc1NC(=O)COC(C)=O,COc1cc(OC)c(S(=O)(=O)N2c3ccccc3CCC2C)cc1NC(=O)COC(C)=O,O=S(=O)(c1ccccc1)N1CCCc2ccccc21,CHEMBL1951076,2.07,Lipophilicity,1,train
COc1cc(OC)c(S(=O)(=O)N2c3ccccc3CCC2C)cc1NC(=O)CSCC(=O)O,COc1cc(OC)c(S(=O)(=O)N2c3ccccc3CCC2C)cc1NC(=O)CSCC(=O)O,O=S(=O)(c1ccccc1)N1CCCc2ccccc21,CHEMBL1951080,-1.18,Lipophilicity,1,train
COc1cc(OC)c(S(=O)(=O)N2c3ccccc3CCC2C)cc1NC(=O)NCC(=O)O,COc1cc(OC)c(S(=O)(=O)N2c3ccccc3CCC2C)cc1NC(=O)NCC(=O)O,O=S(=O)(c1ccccc1)N1CCCc2ccccc21,CHEMBL1951075,-1.02,Lipophilicity,1,train
COc1cc(OC)c(S(=O)(=O)N2c3ccccc3CCC2C)cc1NC(=S)NCC(=O)O,COc1cc(OC)c(S(=O)(=O)N2c3ccccc3CCC2C)cc1NC(=S)NCC(=O)O,O=S(=O)(c1ccccc1)N1CCCc2ccccc21,CHEMBL1951074,-1.04,Lipophilicity,1,train
COc1cc(OC)c(S(=O)(=O)N2c3ccccc3CCC2C)cc1NC(C)=O,COc1cc(OC)c(S(=O)(=O)N2c3ccccc3CCC2C)cc1NC(C)=O,O=S(=O)(c1ccccc1)N1CCCc2ccccc21,CHEMBL1951073,1.97,Lipophilicity,1,train
C[C@H](Nc1ncc(Cl)c(Nc2cc(N(C)C)[nH]n2)n1)c1ncc(F)cn1,CC(Nc1ncc(Cl)c(Nc2cc(N(C)C)[nH]n2)n1)c1ncc(F)cn1,c1cnc(CNc2nccc(Nc3cc[nH]n3)n2)nc1,CHEMBL1650730,2.33,Lipophilicity,1,train
C[C@H](Nc1ncc(F)c(Nc2cc(N(C)C)[nH]n2)n1)c1ncc(F)cn1,CC(Nc1ncc(F)c(Nc2cc(N(C)C)[nH]n2)n1)c1ncc(F)cn1,c1cnc(CNc2nccc(Nc3cc[nH]n3)n2)nc1,CHEMBL1650731,1.98,Lipophilicity,1,train
COc1cc(Nc2nc(N[C@@H](C)c3ncc(F)cn3)ncc2Br)n[nH]1,COc1cc(Nc2nc(NC(C)c3ncc(F)cn3)ncc2Br)n[nH]1,c1cnc(CNc2nccc(Nc3cc[nH]n3)n2)nc1,CHEMBL1650728,2.6,Lipophilicity,1,train
COc1cc(Nc2nc(N[C@@H](C)c3ncc(F)cn3)ncc2Cl)n[nH]1,COc1cc(Nc2nc(NC(C)c3ncc(F)cn3)ncc2Cl)n[nH]1,c1cnc(CNc2nccc(Nc3cc[nH]n3)n2)nc1,CHEMBL1650723,2.53,Lipophilicity,1,train
Cc1cc(Nc2nc(N[C@@H](C)c3ncc(F)cn3)ncc2Br)n[nH]1,Cc1cc(Nc2nc(NC(C)c3ncc(F)cn3)ncc2Br)n[nH]1,c1cnc(CNc2nccc(Nc3cc[nH]n3)n2)nc1,CHEMBL1650729,2.39,Lipophilicity,1,train
Cc1cc(Nc2nc(N[C@@H](C)c3ncc(F)cn3)ncc2C)n[nH]1,Cc1cc(Nc2nc(NC(C)c3ncc(F)cn3)ncc2C)n[nH]1,c1cnc(CNc2nccc(Nc3cc[nH]n3)n2)nc1,CHEMBL1650725,1.75,Lipophilicity,1,train
Cc1cc(Nc2nc(N[C@@H](C)c3ncc(F)cn3)ncc2F)n[nH]1,Cc1cc(Nc2nc(NC(C)c3ncc(F)cn3)ncc2F)n[nH]1,c1cnc(CNc2nccc(Nc3cc[nH]n3)n2)nc1,CHEMBL1650697,1.79,Lipophilicity,1,train
CNc1cccc(CCOc2ccc(C[C@H](NC(=O)c3c(C)cc(C)cc3C)C(=O)O)cc2)n1,CNc1cccc(CCOc2ccc(CC(NC(=O)c3c(C)cc(C)cc3C)C(=O)O)cc2)n1,O=C(NCCc1ccc(OCCc2ccccn2)cc1)c1ccccc1,CHEMBL2030806,0.52,Lipophilicity,1,train
CNc1cccc(CCOc2ccc(C[C@H](NC(=O)c3c(Cl)cccc3Cl)C(=O)O)cc2)n1,CNc1cccc(CCOc2ccc(CC(NC(=O)c3c(Cl)cccc3Cl)C(=O)O)cc2)n1,O=C(NCCc1ccc(OCCc2ccccn2)cc1)c1ccccc1,CHEMBL2030807,-0.15,Lipophilicity,1,train
CNc1cccc(CCOc2ccc(C[C@H](NC(=O)c3c(Cl)cccc3Cl)C(=O)O)cc2C)n1,CNc1cccc(CCOc2ccc(CC(NC(=O)c3c(Cl)cccc3Cl)C(=O)O)cc2C)n1,O=C(NCCc1ccc(OCCc2ccccn2)cc1)c1ccccc1,CHEMBL2030960,0.34,Lipophilicity,1,train
CNc1cccc(CCOc2ccc(C[C@H](NC(=O)c3c(Cl)cccc3Cl)C(=O)O)cc2F)n1,CNc1cccc(CCOc2ccc(CC(NC(=O)c3c(Cl)cccc3Cl)C(=O)O)cc2F)n1,O=C(NCCc1ccc(OCCc2ccccn2)cc1)c1ccccc1,CHEMBL2030961,-0.05,Lipophilicity,1,train
CNc1cccc(CCOc2ccc(C[C@H](NC(=O)c3c(F)cccc3Cl)C(=O)O)cc2)n1,CNc1cccc(CCOc2ccc(CC(NC(=O)c3c(F)cccc3Cl)C(=O)O)cc2)n1,O=C(NCCc1ccc(OCCc2ccccn2)cc1)c1ccccc1,CHEMBL2030800,-0.42,Lipophilicity,1,train
CNc1cccc(CCOc2ccc(C[C@H](NC(=O)c3ccc(F)cc3Cl)C(=O)O)cc2)n1,CNc1cccc(CCOc2ccc(CC(NC(=O)c3ccc(F)cc3Cl)C(=O)O)cc2)n1,O=C(NCCc1ccc(OCCc2ccccn2)cc1)c1ccccc1,CHEMBL2030799,-0.04,Lipophilicity,1,train
CNc1cccc(CCOc2ccc(C[C@H](NC(=O)c3ccccc3Cl)C(=O)O)cc2)n1,CNc1cccc(CCOc2ccc(CC(NC(=O)c3ccccc3Cl)C(=O)O)cc2)n1,O=C(NCCc1ccc(OCCc2ccccn2)cc1)c1ccccc1,CHEMBL2030798,-0.31,Lipophilicity,1,train
COc1ccc(Nc2ccccc2C(=O)O)cc1,COc1ccc(Nc2ccccc2C(=O)O)cc1,c1ccc(Nc2ccccc2)cc1,CHEMBL1596993,1.2,Lipophilicity,1,train
Cc1ccc(Cl)c(Nc2ccccc2C(=O)O)c1Cl,Cc1ccc(Cl)c(Nc2ccccc2C(=O)O)c1Cl,c1ccc(Nc2ccccc2)cc1,CHEMBL509,2.33,Lipophilicity,1,train
Cc1ccc(Nc2c(F)cccc2Cl)c(CC(=O)O)c1,Cc1ccc(Nc2c(F)cccc2Cl)c(CC(=O)O)c1,c1ccc(Nc2ccccc2)cc1,CHEMBL404108,1.02,Lipophilicity,1,train
Cc1cccc(Nc2ccccc2C(=O)O)c1C,Cc1cccc(Nc2ccccc2C(=O)O)c1C,c1ccc(Nc2ccccc2)cc1,CHEMBL686,1.89,Lipophilicity,1,train
O=C(O)Cc1ccccc1Nc1c(Cl)cccc1Cl,O=C(O)Cc1ccccc1Nc1c(Cl)cccc1Cl,c1ccc(Nc2ccccc2)cc1,CHEMBL139,1.08,Lipophilicity,1,train
O=C(O)c1ccccc1Nc1cccc(C(F)(F)F)c1,O=C(O)c1ccccc1Nc1cccc(C(F)(F)F)c1,c1ccc(Nc2ccccc2)cc1,CHEMBL23588,2.01,Lipophilicity,1,train
c1ccc(Nc2ccccc2)cc1,c1ccc(Nc2ccccc2)cc1,c1ccc(Nc2ccccc2)cc1,CHEMBL38688,3.2,Lipophilicity,1,train
C#CCn1c(=O)c2c(-c3cc(C#N)cn3C)n(Cc3ccnc4ccc(Cl)cc34)nc2n(CC2CC2)c1=O,C#CCn1c(=O)c2c(-c3cc(C#N)cn3C)n(Cc3ccnc4ccc(Cl)cc34)nc2n(CC2CC2)c1=O,O=c1[nH]c(=O)n(CC2CC2)c2nn(Cc3ccnc4ccccc34)c(-c3ccc[nH]3)c12,CHEMBL2087856,3.96,Lipophilicity,1,train
C=CCn1c(=O)c2c(-c3cc(C#N)cn3C)n(Cc3ccnc4ccc(Cl)cc34)nc2n(CC2CC2)c1=O,C=CCn1c(=O)c2c(-c3cc(C#N)cn3C)n(Cc3ccnc4ccc(Cl)cc34)nc2n(CC2CC2)c1=O,O=c1[nH]c(=O)n(CC2CC2)c2nn(Cc3ccnc4ccccc34)c(-c3ccc[nH]3)c12,CHEMBL2087862,4.27,Lipophilicity,1,train
CCn1c(=O)c2c(-c3cc(C#N)cn3C)n(Cc3ccnc4ccc(Cl)cc34)nc2n(CC2CC2)c1=O,CCn1c(=O)c2c(-c3cc(C#N)cn3C)n(Cc3ccnc4ccc(Cl)cc34)nc2n(CC2CC2)c1=O,O=c1[nH]c(=O)n(CC2CC2)c2nn(Cc3ccnc4ccccc34)c(-c3ccc[nH]3)c12,CHEMBL2087861,4.13,Lipophilicity,1,train
Cn1cc(C#N)cc1-c1c2c(=O)n(C)c(=O)n(CC3CC3)c2nn1Cc1ccnc2ccc(Cl)cc12,Cn1cc(C#N)cc1-c1c2c(=O)n(C)c(=O)n(CC3CC3)c2nn1Cc1ccnc2ccc(Cl)cc12,O=c1[nH]c(=O)n(CC2CC2)c2nn(Cc3ccnc4ccccc34)c(-c3ccc[nH]3)c12,CHEMBL257600,3.67,Lipophilicity,1,train
Cn1cc(C#N)cc1-c1c2c(=O)n(CC#N)c(=O)n(CC3CC3)c2nn1Cc1ccnc2ccc(Cl)cc12,Cn1cc(C#N)cc1-c1c2c(=O)n(CC#N)c(=O)n(CC3CC3)c2nn1Cc1ccnc2ccc(Cl)cc12,O=c1[nH]c(=O)n(CC2CC2)c2nn(Cc3ccnc4ccccc34)c(-c3ccc[nH]3)c12,CHEMBL2087858,3.33,Lipophilicity,1,train
Cn1cc(C#N)cc1-c1c2c(=O)n(CCO)c(=O)n(CC3CC3)c2nn1Cc1ccnc2ccc(Cl)cc12,Cn1cc(C#N)cc1-c1c2c(=O)n(CCO)c(=O)n(CC3CC3)c2nn1Cc1ccnc2ccc(Cl)cc12,O=c1[nH]c(=O)n(CC2CC2)c2nn(Cc3ccnc4ccccc34)c(-c3ccc[nH]3)c12,CHEMBL2087865,3.0,Lipophilicity,1,train
Cn1cc(S(C)(=O)=O)cc1-c1c2c(=O)n(C)c(=O)n(CC3CC3)c2nn1Cc1ccnc2ccc(Cl)cc12,Cn1cc(S(C)(=O)=O)cc1-c1c2c(=O)n(C)c(=O)n(CC3CC3)c2nn1Cc1ccnc2ccc(Cl)cc12,O=c1[nH]c(=O)n(CC2CC2)c2nn(Cc3ccnc4ccccc34)c(-c3ccc[nH]3)c12,CHEMBL469230,3.18,Lipophilicity,1,train
O=C(O)COc1cccc(N2CCC(CN3CCC(Oc4ccc(Cl)c(Cl)c4)CC3)CC2)c1,O=C(O)COc1cccc(N2CCC(CN3CCC(Oc4ccc(Cl)c(Cl)c4)CC3)CC2)c1,c1ccc(OC2CCN(CC3CCN(c4ccccc4)CC3)CC2)cc1,CHEMBL2158829,1.99,Lipophilicity,1,train
O=C(O)COc1ccccc1N1CCC(CN2CCC(Oc3ccc(Cl)c(Cl)c3)CC2)CC1,O=C(O)COc1ccccc1N1CCC(CN2CCC(Oc3ccc(Cl)c(Cl)c3)CC2)CC1,c1ccc(OC2CCN(CC3CCN(c4ccccc4)CC3)CC2)cc1,CHEMBL2158828,2.0,Lipophilicity,1,train
O=C(O)Cc1ccc(N2CCC(CN3CCC(Oc4ccc(Cl)c(Cl)c4)CC3)CC2)cc1,O=C(O)Cc1ccc(N2CCC(CN3CCC(Oc4ccc(Cl)c(Cl)c4)CC3)CC2)cc1,c1ccc(OC2CCN(CC3CCN(c4ccccc4)CC3)CC2)cc1,CHEMBL2158827,1.83,Lipophilicity,1,train
O=C(O)Cc1cccc(N2CCC(CN3CCC(Oc4ccc(Cl)c(Cl)c4)CC3)CC2)c1,O=C(O)Cc1cccc(N2CCC(CN3CCC(Oc4ccc(Cl)c(Cl)c4)CC3)CC2)c1,c1ccc(OC2CCN(CC3CCN(c4ccccc4)CC3)CC2)cc1,CHEMBL2158826,1.58,Lipophilicity,1,train
O=C(O)c1ccc(N2CCC(CN3CCC(Oc4ccc(Cl)c(Cl)c4)CC3)CC2)cc1,O=C(O)c1ccc(N2CCC(CN3CCC(Oc4ccc(Cl)c(Cl)c4)CC3)CC2)cc1,c1ccc(OC2CCN(CC3CCN(c4ccccc4)CC3)CC2)cc1,CHEMBL2158824,2.31,Lipophilicity,1,train
O=C(O)c1cccc(N2CCC(CN3CCC(Oc4ccc(Cl)c(Cl)c4)CC3)CC2)c1,O=C(O)c1cccc(N2CCC(CN3CCC(Oc4ccc(Cl)c(Cl)c4)CC3)CC2)c1,c1ccc(OC2CCN(CC3CCN(c4ccccc4)CC3)CC2)cc1,CHEMBL2158823,2.17,Lipophilicity,1,train
O=C(O)c1ccccc1N1CCC(CN2CCC(Oc3ccc(Cl)c(Cl)c3)CC2)CC1,O=C(O)c1ccccc1N1CCC(CN2CCC(Oc3ccc(Cl)c(Cl)c3)CC2)CC1,c1ccc(OC2CCN(CC3CCN(c4ccccc4)CC3)CC2)cc1,CHEMBL2158822,2.83,Lipophilicity,1,train
CCc1c(C(=O)C(N)=O)c2c(OCC(N)=O)cccc2n1Cc1ccccc1,CCc1c(C(=O)C(N)=O)c2c(OCC(N)=O)cccc2n1Cc1ccccc1,c1ccc(Cn2ccc3ccccc32)cc1,CHEMBL149434,2.1,Lipophilicity,1,train
COc1ccc2c(c1)cc(C(=O)O)n2Cc1ccc(Cl)c(Cl)c1,COc1ccc2c(c1)cc(C(=O)O)n2Cc1ccc(Cl)c(Cl)c1,c1ccc(Cn2ccc3ccccc32)cc1,CHEMBL340450,1.66,Lipophilicity,1,train
N#Cc1c(C(=O)O)n(Cc2ccc(Cl)c(Cl)c2)c2ccccc12,N#Cc1c(C(=O)O)n(Cc2ccc(Cl)c(Cl)c2)c2ccccc12,c1ccc(Cn2ccc3ccccc32)cc1,CHEMBL339670,1.26,Lipophilicity,1,train
O=C(O)c1cc2cc(C(F)(F)F)ccc2n1Cc1ccc(Cl)c(Cl)c1,O=C(O)c1cc2cc(C(F)(F)F)ccc2n1Cc1ccc(Cl)c(Cl)c1,c1ccc(Cn2ccc3ccccc32)cc1,CHEMBL339851,3.07,Lipophilicity,1,train
O=C(O)c1cc2cc([N+](=O)[O-])ccc2n1Cc1ccc(Cl)c(Cl)c1,O=C(O)c1cc2cc([N+](=O)[O-])ccc2n1Cc1ccc(Cl)c(Cl)c1,c1ccc(Cn2ccc3ccccc32)cc1,CHEMBL130936,1.79,Lipophilicity,1,train
O=C(O)c1cc2ccccc2n1Cc1ccccc1,O=C(O)c1cc2ccccc2n1Cc1ccccc1,c1ccc(Cn2ccc3ccccc32)cc1,CHEMBL336399,0.78,Lipophilicity,1,train
O=C(O)c1cn(Cc2ccccc2)c2ccccc12,O=C(O)c1cn(Cc2ccccc2)c2ccccc12,c1ccc(Cn2ccc3ccccc32)cc1,CHEMBL1775161,1.19,Lipophilicity,1,train
COc1ccc(C(=O)C2CCN(C(=O)c3ccc(F)cc3)CC2)cc1,COc1ccc(C(=O)C2CCN(C(=O)c3ccc(F)cc3)CC2)cc1,O=C(c1ccccc1)C1CCN(C(=O)c2ccccc2)CC1,CHEMBL1576727,2.92,Lipophilicity,1,train
COc1ccc(C(=O)N2CCC(C(=O)c3ccc(F)cc3)CC2)cc1,COc1ccc(C(=O)N2CCC(C(=O)c3ccc(F)cc3)CC2)cc1,O=C(c1ccccc1)C1CCN(C(=O)c2ccccc2)CC1,CHEMBL1163879,2.92,Lipophilicity,1,train
Cc1ccc(C(=O)C2CCN(C(=O)c3ccc(C)cc3)CC2)cc1,Cc1ccc(C(=O)C2CCN(C(=O)c3ccc(C)cc3)CC2)cc1,O=C(c1ccccc1)C1CCN(C(=O)c2ccccc2)CC1,CHEMBL1576801,3.43,Lipophilicity,1,train
Cc1ccc(C(=O)N2CCC(C(=O)c3ccc(Cl)cc3)CC2)cc1,Cc1ccc(C(=O)N2CCC(C(=O)c3ccc(Cl)cc3)CC2)cc1,O=C(c1ccccc1)C1CCN(C(=O)c2ccccc2)CC1,CHEMBL1347379,3.79,Lipophilicity,1,train
Cc1cccc(C(=O)N2CCC(C(=O)c3ccc(F)cc3)CC2)c1,Cc1cccc(C(=O)N2CCC(C(=O)c3ccc(F)cc3)CC2)c1,O=C(c1ccccc1)C1CCN(C(=O)c2ccccc2)CC1,CHEMBL1164070,3.4,Lipophilicity,1,train
O=C(c1ccc(Cl)cc1)C1CCN(C(=O)c2ccc(F)cc2)CC1,O=C(c1ccc(Cl)cc1)C1CCN(C(=O)c2ccc(F)cc2)CC1,O=C(c1ccccc1)C1CCN(C(=O)c2ccccc2)CC1,CHEMBL1545637,3.49,Lipophilicity,1,train
O=C(c1ccc(F)cc1)C1CCN(C(=O)c2ccc(F)cc2)CC1,O=C(c1ccc(F)cc1)C1CCN(C(=O)c2ccc(F)cc2)CC1,O=C(c1ccccc1)C1CCN(C(=O)c2ccccc2)CC1,CHEMBL1164374,2.9,Lipophilicity,1,train
CC(C)Cn1cnc2c(N)nc3ccccc3c21,CC(C)Cn1cnc2c(N)nc3ccccc3c21,c1ccc2c(c1)ncc1nc[nH]c12,CHEMBL1282,2.52,Lipophilicity,1,train
CCCCc1nc2c(N)nc3ccccc3c2n1CC(C)(C)O,CCCCc1nc2c(N)nc3ccccc3c2n1CC(C)(C)O,c1ccc2c(c1)ncc1nc[nH]c12,CHEMBL1082983,2.37,Lipophilicity,1,train
CCCCc1nc2c(N)nc3ccccc3c2n1CC(C)C,CCCCc1nc2c(N)nc3ccccc3c2n1CC(C)C,c1ccc2c(c1)ncc1nc[nH]c12,CHEMBL192307,3.82,Lipophilicity,1,train
CCOCc1nc2c(N)nc3ccccc3c2n1CC(C)(C)O,CCOCc1nc2c(N)nc3ccccc3c2n1CC(C)(C)O,c1ccc2c(c1)ncc1nc[nH]c12,CHEMBL383322,1.69,Lipophilicity,1,train
CCc1nc2c(N)nc3ccccc3c2n1CC(C)(C)O,CCc1nc2c(N)nc3ccccc3c2n1CC(C)(C)O,c1ccc2c(c1)ncc1nc[nH]c12,CHEMBL373351,1.38,Lipophilicity,1,train
CCc1nc2c(N)nc3ccccc3c2n1CC(C)C,CCc1nc2c(N)nc3ccccc3c2n1CC(C)C,c1ccc2c(c1)ncc1nc[nH]c12,CHEMBL413065,2.55,Lipophilicity,1,train
CCc1nc2c(N)nc3ccccc3c2n1CCCCNS(C)(=O)=O,CCc1nc2c(N)nc3ccccc3c2n1CCCCNS(C)(=O)=O,c1ccc2c(c1)ncc1nc[nH]c12,CHEMBL549344,1.24,Lipophilicity,1,train
CCOC(=O)Nc1ccc(NCc2ccc(F)cc2)nc1N,CCOC(=O)Nc1ccc(NCc2ccc(F)cc2)nc1N,c1ccc(CNc2ccccn2)cc1,CHEMBL255044,2.22,Lipophilicity,1,train
CN(C)CCN(Cc1ccccc1)c1ccccn1,CN(C)CCN(Cc1ccccc1)c1ccccn1,c1ccc(CNc2ccccn2)cc1,CHEMBL1241,1.28,Lipophilicity,1,train
COc1ccc(CN(CCN(C)C)c2ccccn2)cc1,COc1ccc(CN(CCN(C)C)c2ccccn2)cc1,c1ccc(CNc2ccccn2)cc1,CHEMBL511,1.39,Lipophilicity,1,train
COc1ccccc1CNc1cc(C)ccn1,COc1ccccc1CNc1cc(C)ccn1,c1ccc(CNc2ccccn2)cc1,CHEMBL1455477,3.28,Lipophilicity,1,train
Cc1ccnc(NCc2ccc(Cl)cc2)c1,Cc1ccnc(NCc2ccc(Cl)cc2)c1,c1ccc(CNc2ccccn2)cc1,CHEMBL1306424,3.6,Lipophilicity,1,train
Cc1ccnc(NCc2ccccc2)c1,Cc1ccnc(NCc2ccccc2)c1,c1ccc(CNc2ccccn2)cc1,CHEMBL1762482,3.08,Lipophilicity,1,train
Cc1ccnc(NCc2ccccc2O)c1,Cc1ccnc(NCc2ccccc2O)c1,c1ccc(CNc2ccccn2)cc1,CHEMBL1517664,3.35,Lipophilicity,1,train
CS(=O)(=O)Nc1cc(Nc2nccc(Nc3c(Cl)ccc4c3OCO4)n2)cc(C(N)=O)c1,CS(=O)(=O)Nc1cc(Nc2nccc(Nc3c(Cl)ccc4c3OCO4)n2)cc(C(N)=O)c1,c1ccc(Nc2nccc(Nc3cccc4c3OCO4)n2)cc1,CHEMBL498404,2.28,Lipophilicity,1,train
CS(=O)(=O)c1cccc(Nc2nccc(N(CC#N)c3c(Cl)ccc4c3OCO4)n2)c1,CS(=O)(=O)c1cccc(Nc2nccc(N(CC#N)c3c(Cl)ccc4c3OCO4)n2)c1,c1ccc(Nc2nccc(Nc3cccc4c3OCO4)n2)cc1,CHEMBL1271081,3.16,Lipophilicity,1,train
CS(=O)(=O)c1cccc(Nc2nccc(Nc3c(Cl)ccc4c3OCO4)n2)c1,CS(=O)(=O)c1cccc(Nc2nccc(Nc3c(Cl)ccc4c3OCO4)n2)c1,c1ccc(Nc2nccc(Nc3cccc4c3OCO4)n2)cc1,CHEMBL445162,3.13,Lipophilicity,1,train
CS(=O)(=O)c1cccc(Nc2nccc(Nc3cccc4c3OCO4)n2)c1,CS(=O)(=O)c1cccc(Nc2nccc(Nc3cccc4c3OCO4)n2)c1,c1ccc(Nc2nccc(Nc3cccc4c3OCO4)n2)cc1,CHEMBL1270569,2.83,Lipophilicity,1,train
Clc1ccc2c(c1Nc1ccnc(Nc3ccccc3)n1)OCO2,Clc1ccc2c(c1Nc1ccnc(Nc3ccccc3)n1)OCO2,c1ccc(Nc2nccc(Nc3cccc4c3OCO4)n2)cc1,CHEMBL402934,3.9,Lipophilicity,1,train
NS(=O)(=O)c1ccc(Nc2nccc(Nc3c(Cl)ccc4c3OCO4)n2)cc1,NS(=O)(=O)c1ccc(Nc2nccc(Nc3c(Cl)ccc4c3OCO4)n2)cc1,c1ccc(Nc2nccc(Nc3cccc4c3OCO4)n2)cc1,CHEMBL256348,2.7,Lipophilicity,1,train
NS(=O)(=O)c1cccc(Nc2nccc(Nc3c(Cl)ccc4c3OCO4)n2)c1,NS(=O)(=O)c1cccc(Nc2nccc(Nc3c(Cl)ccc4c3OCO4)n2)c1,c1ccc(Nc2nccc(Nc3cccc4c3OCO4)n2)cc1,CHEMBL257553,2.97,Lipophilicity,1,train
CC(=O)Nc1ccc(CC(=O)N(C)C2CCN(Cc3ccc(C(F)(F)F)cc3)CC2)cc1,CC(=O)Nc1ccc(CC(=O)N(C)C2CCN(Cc3ccc(C(F)(F)F)cc3)CC2)cc1,O=C(Cc1ccccc1)NC1CCN(Cc2ccccc2)CC1,CHEMBL2010835,2.9,Lipophilicity,1,train
CCN(C(=O)Cc1ccc(S(C)(=O)=O)cc1)C1CCN(Cc2ccc(C(F)(F)F)cc2)CC1,CCN(C(=O)Cc1ccc(S(C)(=O)=O)cc1)C1CCN(Cc2ccc(C(F)(F)F)cc2)CC1,O=C(Cc1ccccc1)NC1CCN(Cc2ccccc2)CC1,CHEMBL2010830,2.9,Lipophilicity,1,train
CN(C(=O)Cc1ccc(S(C)(=O)=O)c(F)c1)C1CCN(Cc2ccc(C(F)(F)F)cc2)CC1,CN(C(=O)Cc1ccc(S(C)(=O)=O)c(F)c1)C1CCN(Cc2ccc(C(F)(F)F)cc2)CC1,O=C(Cc1ccccc1)NC1CCN(Cc2ccccc2)CC1,CHEMBL2010833,3.0,Lipophilicity,1,train
CN(C(=O)Cc1ccc(S(C)(=O)=O)cc1)C1CCN(Cc2ccc(C(F)(F)F)cc2)CC1,CN(C(=O)Cc1ccc(S(C)(=O)=O)cc1)C1CCN(Cc2ccc(C(F)(F)F)cc2)CC1,O=C(Cc1ccccc1)NC1CCN(Cc2ccccc2)CC1,CHEMBL2010831,2.5,Lipophilicity,1,train
CN(C(=O)Cc1ccc(S(C)(=O)=O)cc1)[C@@H]1CCN(Cc2ccc(C(F)(F)F)cc2)C[C@@H]1F,CN(C(=O)Cc1ccc(S(C)(=O)=O)cc1)C1CCN(Cc2ccc(C(F)(F)F)cc2)CC1F,O=C(Cc1ccccc1)NC1CCN(Cc2ccccc2)CC1,CHEMBL2010851,2.7,Lipophilicity,1,train
CN(C(=O)Cc1ccc(S(C)(=O)=O)cc1F)C1CCN(Cc2ccc(C(F)(F)F)cc2)CC1,CN(C(=O)Cc1ccc(S(C)(=O)=O)cc1F)C1CCN(Cc2ccc(C(F)(F)F)cc2)CC1,O=C(Cc1ccccc1)NC1CCN(Cc2ccccc2)CC1,CHEMBL2010832,2.7,Lipophilicity,1,train
CNC(=O)c1ccc(CC(=O)N(C)C2CCN(Cc3ccc(C(F)(F)F)cc3)CC2)cc1,CNC(=O)c1ccc(CC(=O)N(C)C2CCN(Cc3ccc(C(F)(F)F)cc3)CC2)cc1,O=C(Cc1ccccc1)NC1CCN(Cc2ccccc2)CC1,CHEMBL2010834,2.8,Lipophilicity,1,train
CC(C)NC(=O)c1cc2c(-n3ccc(C(F)(F)F)n3)c(-c3cncc(C(=O)O)c3)cnc2[nH]1,CC(C)NC(=O)c1cc2c(-n3ccc(C(F)(F)F)n3)c(-c3cncc(C(=O)O)c3)cnc2[nH]1,c1cncc(-c2cnc3[nH]ccc3c2-n2cccn2)c1,CHEMBL2059198,-0.62,Lipophilicity,1,train
CCCNC(=O)c1cc2c(-n3ccc(C(F)(F)F)n3)c(-c3cncc(C(=O)O)c3)cnc2[nH]1,CCCNC(=O)c1cc2c(-n3ccc(C(F)(F)F)n3)c(-c3cncc(C(=O)O)c3)cnc2[nH]1,c1cncc(-c2cnc3[nH]ccc3c2-n2cccn2)c1,CHEMBL2059197,-0.79,Lipophilicity,1,train
CCNC(=O)c1cc2c(-n3ccc(C(F)(F)F)n3)c(-c3cncc(C#N)c3)cnc2[nH]1,CCNC(=O)c1cc2c(-n3ccc(C(F)(F)F)n3)c(-c3cncc(C#N)c3)cnc2[nH]1,c1cncc(-c2cnc3[nH]ccc3c2-n2cccn2)c1,CHEMBL2059377,2.62,Lipophilicity,1,train
CCNC(=O)c1cc2c(-n3ccc(C(F)(F)F)n3)c(-c3cncc(C(=O)NC)c3)cnc2[nH]1,CCNC(=O)c1cc2c(-n3ccc(C(F)(F)F)n3)c(-c3cncc(C(=O)NC)c3)cnc2[nH]1,c1cncc(-c2cnc3[nH]ccc3c2-n2cccn2)c1,CHEMBL2059376,2.21,Lipophilicity,1,train
CCNC(=O)c1cc2c(-n3ccc(C(F)(F)F)n3)c(-c3cncc(C(=O)O)c3)cnc2[nH]1,CCNC(=O)c1cc2c(-n3ccc(C(F)(F)F)n3)c(-c3cncc(C(=O)O)c3)cnc2[nH]1,c1cncc(-c2cnc3[nH]ccc3c2-n2cccn2)c1,CHEMBL2059196,-0.99,Lipophilicity,1,train
CCNC(=O)c1cc2c(-n3ccc(C(F)(F)F)n3)c(-c3cncc(C(N)=O)c3)cnc2[nH]1,CCNC(=O)c1cc2c(-n3ccc(C(F)(F)F)n3)c(-c3cncc(C(N)=O)c3)cnc2[nH]1,c1cncc(-c2cnc3[nH]ccc3c2-n2cccn2)c1,CHEMBL2059375,1.81,Lipophilicity,1,train
CCNC(=O)c1cc2c(-n3nc(C(F)(F)F)cc3C)c(-c3cncc(C(=O)O)c3)cnc2[nH]1,CCNC(=O)c1cc2c(-n3nc(C(F)(F)F)cc3C)c(-c3cncc(C(=O)O)c3)cnc2[nH]1,c1cncc(-c2cnc3[nH]ccc3c2-n2cccn2)c1,CHEMBL2059374,-0.88,Lipophilicity,1,train
CCCSc1nc(N[C@@H]2C[C@H]2c2ccccc2)c2nnn([C@@H]3C[C@H](C(N)=O)[C@@H](O)[C@H]3O)c2n1,CCCSc1nc(NC2CC2c2ccccc2)c2nnn(C3CC(C(N)=O)C(O)C3O)c2n1,c1ccc(C2CC2Nc2ncnc3c2nnn3C2CCCC2)cc1,CHEMBL266922,2.05,Lipophilicity,1,train
CCCSc1nc(N[C@@H]2C[C@H]2c2ccccc2)c2nnn([C@@H]3C[C@H](CO)[C@@H](O)[C@H]3O)c2n1,CCCSc1nc(NC2CC2c2ccccc2)c2nnn(C3CC(CO)C(O)C3O)c2n1,c1ccc(C2CC2Nc2ncnc3c2nnn3C2CCCC2)cc1,CHEMBL250687,3.99,Lipophilicity,1,train
CCCSc1nc(N[C@@H]2C[C@H]2c2ccccc2)c2nnn([C@@H]3C[C@H](O)[C@@H](O)[C@H]3O)c2n1,CCCSc1nc(NC2CC2c2ccccc2)c2nnn(C3CC(O)C(O)C3O)c2n1,c1ccc(C2CC2Nc2ncnc3c2nnn3C2CCCC2)cc1,CHEMBL398295,3.97,Lipophilicity,1,train
CCCSc1nc(N[C@@H]2C[C@H]2c2ccccc2)c2nnn([C@@H]3C[C@H](OCCO)[C@@H](O)[C@H]3O)c2n1,CCCSc1nc(NC2CC2c2ccccc2)c2nnn(C3CC(OCCO)C(O)C3O)c2n1,c1ccc(C2CC2Nc2ncnc3c2nnn3C2CCCC2)cc1,CHEMBL274713,3.87,Lipophilicity,1,train
OC[C@H]1C[C@@H](n2nnc3c(N[C@@H]4C[C@H]4c4ccc(F)c(F)c4)nc(SCCC(F)(F)F)nc32)[C@H](O)[C@@H]1O,OCC1CC(n2nnc3c(NC4CC4c4ccc(F)c(F)c4)nc(SCCC(F)(F)F)nc32)C(O)C1O,c1ccc(C2CC2Nc2ncnc3c2nnn3C2CCCC2)cc1,CHEMBL249789,3.99,Lipophilicity,1,train
OC[C@H]1C[C@@H](n2nnc3c(N[C@@H]4C[C@H]4c4ccccc4)nc(SCCC(F)(F)F)nc32)[C@H](O)[C@@H]1O,OCC1CC(n2nnc3c(NC4CC4c4ccccc4)nc(SCCC(F)(F)F)nc32)C(O)C1O,c1ccc(C2CC2Nc2ncnc3c2nnn3C2CCCC2)cc1,CHEMBL249584,4.06,Lipophilicity,1,train
OCCO[C@H]1C[C@@H](n2nnc3c(N[C@@H]4C[C@H]4c4ccc(F)c(F)c4)nc(SCCC(F)(F)F)nc32)[C@H](O)[C@@H]1O,OCCOC1CC(n2nnc3c(NC4CC4c4ccc(F)c(F)c4)nc(SCCC(F)(F)F)nc32)C(O)C1O,c1ccc(C2CC2Nc2ncnc3c2nnn3C2CCCC2)cc1,CHEMBL249790,4.17,Lipophilicity,1,train
CC(C)C[C@H](CO)Nc1nc(S[C@@H](C)c2ccccc2)nc2[nH]c(=O)sc12,CC(C)CC(CO)Nc1nc(SC(C)c2ccccc2)nc2[nH]c(=O)sc12,O=c1[nH]c2nc(SCc3ccccc3)ncc2s1,CHEMBL2349312,4.3,Lipophilicity,1,train
CC(C)C[C@H](CO)Nc1nc(SCc2ccccc2)nc2[nH]c(=O)sc12,CC(C)CC(CO)Nc1nc(SCc2ccccc2)nc2[nH]c(=O)sc12,O=c1[nH]c2nc(SCc3ccccc3)ncc2s1,CHEMBL2349321,4.2,Lipophilicity,1,train
C[C@H](CO)Nc1nc(SCc2cccc(Cl)c2F)nc2[nH]c(=O)sc12,CC(CO)Nc1nc(SCc2cccc(Cl)c2F)nc2[nH]c(=O)sc12,O=c1[nH]c2nc(SCc3ccccc3)ncc2s1,CHEMBL403225,3.53,Lipophilicity,1,train
C[C@H](CO)Nc1nc(SCc2ccccc2)nc2[nH]c(=O)sc12,CC(CO)Nc1nc(SCc2ccccc2)nc2[nH]c(=O)sc12,O=c1[nH]c2nc(SCc3ccccc3)ncc2s1,CHEMBL402986,2.86,Lipophilicity,1,train
C[C@H](CO)Nc1nc(SCc2ccccc2F)nc2[nH]c(=O)sc12,CC(CO)Nc1nc(SCc2ccccc2F)nc2[nH]c(=O)sc12,O=c1[nH]c2nc(SCc3ccccc3)ncc2s1,CHEMBL271012,3.0,Lipophilicity,1,train
CC[C@H](CO)Nc1nc(SCc2ccccc2)nc2[nH]c(=O)sc12,CCC(CO)Nc1nc(SCc2ccccc2)nc2[nH]c(=O)sc12,O=c1[nH]c2nc(SCc3ccccc3)ncc2s1,CHEMBL2349334,3.22,Lipophilicity,1,train
CCC[C@H](CO)Nc1nc(S[C@@H](C)c2cccc(C#N)c2)nc2[nH]c(=O)sc12,CCCC(CO)Nc1nc(SC(C)c2cccc(C#N)c2)nc2[nH]c(=O)sc12,O=c1[nH]c2nc(SCc3ccccc3)ncc2s1,CHEMBL2349318,3.7,Lipophilicity,1,train
CC(C)NCC(O)COc1cccc2[nH]ccc12,CC(C)NCC(O)COc1cccc2[nH]ccc12,c1ccc2[nH]ccc2c1,CHEMBL500,-0.12,Lipophilicity,1,train
CCc1cccc2c(C#N)cn(CC(=O)NCCOC)c12,CCc1cccc2c(C#N)cn(CC(=O)NCCOC)c12,c1ccc2[nH]ccc2c1,CHEMBL1560828,1.95,Lipophilicity,1,train
CNS(=O)(=O)Cc1ccc2[nH]cc(CCN(C)C)c2c1,CNS(=O)(=O)Cc1ccc2[nH]cc(CCN(C)C)c2c1,c1ccc2[nH]ccc2c1,CHEMBL128,-0.96,Lipophilicity,1,train
Clc1ccc2[nH]ccc2c1,Clc1ccc2[nH]ccc2c1,c1ccc2[nH]ccc2c1,CHEMBL555013,3.28,Lipophilicity,1,train
NC(Cc1c[nH]c2ccccc12)C(=O)O,NC(Cc1c[nH]c2ccccc12)C(=O)O,c1ccc2[nH]ccc2c1,CHEMBL484901,-1.08,Lipophilicity,3,train
NCCCCCc1c[nH]c2ccc(F)cc12,NCCCCCc1c[nH]c2ccc(F)cc12,c1ccc2[nH]ccc2c1,CHEMBL1630742,0.6,Lipophilicity,1,train
O=C(O)CSc1c[nH]c2ccccc12,O=C(O)CSc1c[nH]c2ccccc12,c1ccc2[nH]ccc2c1,CHEMBL1892245,-1.31,Lipophilicity,1,train
CNc1ccc(-c2nc3ccc(O)cc3s2)cc1,CNc1ccc(-c2nc3ccc(O)cc3s2)cc1,c1ccc(-c2nc3ccccc3s2)cc1,CHEMBL93124,3.5,Lipophilicity,1,train
Nc1ccc(-c2nc3ccc(O)cc3s2)cc1,Nc1ccc(-c2nc3ccc(O)cc3s2)cc1,c1ccc(-c2nc3ccccc3s2)cc1,CHEMBL93884,3.2,Lipophilicity,1,train
Nc1ccc2nc(-c3ccc(O)cc3)sc2c1,Nc1ccc2nc(-c3ccc(O)cc3)sc2c1,c1ccc(-c2nc3ccccc3s2)cc1,CHEMBL1337984,3.1,Lipophilicity,1,train
Oc1ccc(-c2nc3ccc(O)cc3s2)cc1,Oc1ccc(-c2nc3ccc(O)cc3s2)cc1,c1ccc(-c2nc3ccccc3s2)cc1,CHEMBL44227,3.65,Lipophilicity,1,train
Oc1ccc(-c2nc3ccccc3s2)cc1,Oc1ccc(-c2nc3ccccc3s2)cc1,c1ccc(-c2nc3ccccc3s2)cc1,CHEMBL47875,4.1,Lipophilicity,1,train
Oc1ccc2nc(-c3ccccc3)sc2c1,Oc1ccc2nc(-c3ccccc3)sc2c1,c1ccc(-c2nc3ccccc3s2)cc1,CHEMBL47361,3.99,Lipophilicity,1,train
Oc1cccc(-c2nc3ccc(O)cc3s2)c1,Oc1cccc(-c2nc3ccc(O)cc3s2)c1,c1ccc(-c2nc3ccccc3s2)cc1,CHEMBL44326,3.7,Lipophilicity,1,train
CCOc1cc2nnc(C(N)=O)c(Nc3cc(C)ccc3F)c2cc1N1CCN(C)CC1,CCOc1cc2nnc(C(N)=O)c(Nc3cc(C)ccc3F)c2cc1N1CCN(C)CC1,c1ccc(Nc2cnnc3ccc(N4CCNCC4)cc23)cc1,CHEMBL1683032,3.02,Lipophilicity,1,train
CCOc1cc2nnc(C(N)=O)c(Nc3ccc(F)cc3F)c2cc1N1CCN(C)CC1,CCOc1cc2nnc(C(N)=O)c(Nc3ccc(F)cc3F)c2cc1N1CCN(C)CC1,c1ccc(Nc2cnnc3ccc(N4CCNCC4)cc23)cc1,CHEMBL1683030,2.63,Lipophilicity,1,train
CCOc1cc2nnc(C(N)=O)c(Nc3cccc(Cl)c3F)c2cc1N1CCN(C)CC1,CCOc1cc2nnc(C(N)=O)c(Nc3cccc(Cl)c3F)c2cc1N1CCN(C)CC1,c1ccc(Nc2cnnc3ccc(N4CCNCC4)cc23)cc1,CHEMBL1683033,1.99,Lipophilicity,1,train
COc1cc2nnc(C(N)=O)c(Nc3cc(C)ccc3F)c2cc1N1CCN(C)CC1,COc1cc2nnc(C(N)=O)c(Nc3cc(C)ccc3F)c2cc1N1CCN(C)CC1,c1ccc(Nc2cnnc3ccc(N4CCNCC4)cc23)cc1,CHEMBL1683037,2.57,Lipophilicity,1,train
COc1cc2nnc(C(N)=O)c(Nc3ccc(C)cc3F)c2cc1N1CCN(C)CC1,COc1cc2nnc(C(N)=O)c(Nc3ccc(C)cc3F)c2cc1N1CCN(C)CC1,c1ccc(Nc2cnnc3ccc(N4CCNCC4)cc23)cc1,CHEMBL1683036,2.36,Lipophilicity,1,train
COc1cc2nnc(C(N)=O)c(Nc3ccc(F)cc3F)c2cc1N1CCN(C)CC1,COc1cc2nnc(C(N)=O)c(Nc3ccc(F)cc3F)c2cc1N1CCN(C)CC1,c1ccc(Nc2cnnc3ccc(N4CCNCC4)cc23)cc1,CHEMBL1683035,2.36,Lipophilicity,1,train
COc1cc2nnc(C(N)=O)c(Nc3cccc(Cl)c3F)c2cc1N1CCN(C)CC1,COc1cc2nnc(C(N)=O)c(Nc3cccc(Cl)c3F)c2cc1N1CCN(C)CC1,c1ccc(Nc2cnnc3ccc(N4CCNCC4)cc23)cc1,CHEMBL1683038,2.35,Lipophilicity,1,train
CCOc1cccc(Nc2nnc(C(=O)Nc3ccc(N4CCOCC4)nc3)o2)c1,CCOc1cccc(Nc2nnc(C(=O)Nc3ccc(N4CCOCC4)nc3)o2)c1,O=C(Nc1ccc(N2CCOCC2)nc1)c1nnc(Nc2ccccc2)o1,CHEMBL2036595,3.6,Lipophilicity,1,train
COc1cccc(Nc2nnc(C(=O)Nc3ccc(N4CCOCC4)nc3)o2)c1,COc1cccc(Nc2nnc(C(=O)Nc3ccc(N4CCOCC4)nc3)o2)c1,O=C(Nc1ccc(N2CCOCC2)nc1)c1nnc(Nc2ccccc2)o1,CHEMBL2036594,2.8,Lipophilicity,1,train
Cc1cccc(Nc2nnc(C(=O)Nc3ccc(N4CCOCC4)nc3)o2)c1,Cc1cccc(Nc2nnc(C(=O)Nc3ccc(N4CCOCC4)nc3)o2)c1,O=C(Nc1ccc(N2CCOCC2)nc1)c1nnc(Nc2ccccc2)o1,CHEMBL2036733,3.42,Lipophilicity,1,train
O=C(Nc1ccc(N2CCOCC2)nc1)c1nnc(Nc2ccc(F)c(F)c2)o1,O=C(Nc1ccc(N2CCOCC2)nc1)c1nnc(Nc2ccc(F)c(F)c2)o1,O=C(Nc1ccc(N2CCOCC2)nc1)c1nnc(Nc2ccccc2)o1,CHEMBL2036590,2.9,Lipophilicity,1,train
O=C(Nc1ccc(N2CCOCC2)nc1)c1nnc(Nc2ccc(F)cc2)o1,O=C(Nc1ccc(N2CCOCC2)nc1)c1nnc(Nc2ccc(F)cc2)o1,O=C(Nc1ccc(N2CCOCC2)nc1)c1nnc(Nc2ccccc2)o1,CHEMBL2036589,3.0,Lipophilicity,1,train
O=C(Nc1ccc(N2CCOCC2)nc1)c1nnc(Nc2cccc(F)c2)o1,O=C(Nc1ccc(N2CCOCC2)nc1)c1nnc(Nc2cccc(F)c2)o1,O=C(Nc1ccc(N2CCOCC2)nc1)c1nnc(Nc2ccccc2)o1,CHEMBL2036588,3.2,Lipophilicity,1,train
O=C(Nc1ccc(N2CCOCC2)nc1)c1nnc(Nc2ccccc2)o1,O=C(Nc1ccc(N2CCOCC2)nc1)c1nnc(Nc2ccccc2)o1,O=C(Nc1ccc(N2CCOCC2)nc1)c1nnc(Nc2ccccc2)o1,CHEMBL2036587,2.9,Lipophilicity,1,train
CN(C)CCCN(C)S(=O)(=O)c1ccc(Nc2nccc(-c3cnc4ccccn34)n2)cc1,CN(C)CCCN(C)S(=O)(=O)c1ccc(Nc2nccc(-c3cnc4ccccn34)n2)cc1,c1ccc(Nc2nccc(-c3cnc4ccccn34)n2)cc1,CHEMBL70824,2.16,Lipophilicity,1,train
CN(C)CCCNS(=O)(=O)c1ccc(Nc2nccc(-c3cnc4ccccn34)n2)cc1,CN(C)CCCNS(=O)(=O)c1ccc(Nc2nccc(-c3cnc4ccccn34)n2)cc1,c1ccc(Nc2nccc(-c3cnc4ccccn34)n2)cc1,CHEMBL71044,1.9,Lipophilicity,1,train
CN(C)CCNS(=O)(=O)c1ccc(Nc2nccc(-c3cnc4ccccn34)n2)cc1,CN(C)CCNS(=O)(=O)c1ccc(Nc2nccc(-c3cnc4ccccn34)n2)cc1,c1ccc(Nc2nccc(-c3cnc4ccccn34)n2)cc1,CHEMBL72548,2.7,Lipophilicity,1,train
COCCCNS(=O)(=O)c1ccc(Nc2nccc(-c3cnc4ccccn34)n2)cc1,COCCCNS(=O)(=O)c1ccc(Nc2nccc(-c3cnc4ccccn34)n2)cc1,c1ccc(Nc2nccc(-c3cnc4ccccn34)n2)cc1,CHEMBL73243,3.41,Lipophilicity,1,train
COc1cc(C(CO)CO)ccc1Nc1ncc(Cl)c(-c2cnc3ccccn23)n1,COc1cc(C(CO)CO)ccc1Nc1ncc(Cl)c(-c2cnc3ccccn23)n1,c1ccc(Nc2nccc(-c3cnc4ccccn34)n2)cc1,CHEMBL1809057,3.1,Lipophilicity,1,train
Cc1nc2ccccn2c1-c1ccnc(Nc2cccc(Cl)c2)n1,Cc1nc2ccccn2c1-c1ccnc(Nc2cccc(Cl)c2)n1,c1ccc(Nc2nccc(-c3cnc4ccccn34)n2)cc1,CHEMBL73189,2.7,Lipophilicity,1,train
NS(=O)(=O)c1ccc(Nc2nccc(-c3cnc4ccccn34)n2)cc1,NS(=O)(=O)c1ccc(Nc2nccc(-c3cnc4ccccn34)n2)cc1,c1ccc(Nc2nccc(-c3cnc4ccccn34)n2)cc1,CHEMBL73303,2.7,Lipophilicity,1,train
CC(=O)c1cc2ccc(O)cc2oc1=O,CC(=O)c1cc2ccc(O)cc2oc1=O,O=c1ccc2ccccc2o1,CHEMBL153064,0.87,Lipophilicity,1,train
CCN(CC)c1ccc2cc(C(=O)O)c(=O)oc2c1,CCN(CC)c1ccc2cc(C(=O)O)c(=O)oc2c1,O=c1ccc2ccccc2o1,CHEMBL1303766,-0.2,Lipophilicity,1,train
CCN(CC)c1ccc2cc(C(C)=O)c(=O)oc2c1,CCN(CC)c1ccc2cc(C(C)=O)c(=O)oc2c1,O=c1ccc2ccccc2o1,CHEMBL379350,2.0,Lipophilicity,1,train
CCOC(=O)c1cc2ccc(O)cc2oc1=O,CCOC(=O)c1cc2ccc(O)cc2oc1=O,O=c1ccc2ccccc2o1,CHEMBL155103,1.2,Lipophilicity,1,train
CCOc1ccc2ccc(=O)oc2c1,CCOc1ccc2ccc(=O)oc2c1,O=c1ccc2ccccc2o1,CHEMBL191528,2.2,Lipophilicity,1,train
Cc1c(CCC(=O)O)c(=O)oc2c(C)c(O)ccc12,Cc1c(CCC(=O)O)c(=O)oc2c(C)c(O)ccc12,O=c1ccc2ccccc2o1,CHEMBL190458,-0.3,Lipophilicity,1,train
Cc1c(CCC(=O)O)c(=O)oc2cc(O)ccc12,Cc1c(CCC(=O)O)c(=O)oc2cc(O)ccc12,O=c1ccc2ccccc2o1,CHEMBL1350196,-0.7,Lipophilicity,1,train
CC(C)(C)NC(=O)Nc1cccc(Cn2[nH]c(=O)c3[nH]c4cc(Cl)ccc4c(=O)c3c2=O)c1,CC(C)(C)NC(=O)Nc1cccc(Cn2[nH]c(=O)c3[nH]c4cc(Cl)ccc4c(=O)c3c2=O)c1,O=c1[nH]n(Cc2ccccc2)c(=O)c2c(=O)c3ccccc3[nH]c12,CHEMBL226780,1.77,Lipophilicity,1,train
CN(C)C(=O)Nc1ccc(Cn2[nH]c(=O)c3[nH]c4cc(Cl)ccc4c(=O)c3c2=O)cc1,CN(C)C(=O)Nc1ccc(Cn2[nH]c(=O)c3[nH]c4cc(Cl)ccc4c(=O)c3c2=O)cc1,O=c1[nH]n(Cc2ccccc2)c(=O)c2c(=O)c3ccccc3[nH]c12,CHEMBL227198,1.1,Lipophilicity,1,train
COC(=O)c1ccc(C(C)n2[nH]c(=O)c3[nH]c4cc(Cl)ccc4c(=O)c3c2=O)cc1,COC(=O)c1ccc(C(C)n2[nH]c(=O)c3[nH]c4cc(Cl)ccc4c(=O)c3c2=O)cc1,O=c1[nH]n(Cc2ccccc2)c(=O)c2c(=O)c3ccccc3[nH]c12,CHEMBL226960,1.3,Lipophilicity,1,train
COC(=O)c1ccc(Cn2[nH]c(=O)c3[nH]c4cc(Cl)ccc4c(=O)c3c2=O)cc1,COC(=O)c1ccc(Cn2[nH]c(=O)c3[nH]c4cc(Cl)ccc4c(=O)c3c2=O)cc1,O=c1[nH]n(Cc2ccccc2)c(=O)c2c(=O)c3ccccc3[nH]c12,CHEMBL226959,1.17,Lipophilicity,1,train
COC(=O)c1cccc(Cn2[nH]c(=O)c3[nH]c4cc(Cl)ccc4c(=O)c3c2=O)c1,COC(=O)c1cccc(Cn2[nH]c(=O)c3[nH]c4cc(Cl)ccc4c(=O)c3c2=O)c1,O=c1[nH]n(Cc2ccccc2)c(=O)c2c(=O)c3ccccc3[nH]c12,CHEMBL389911,1.1,Lipophilicity,1,train
COCCNC(=O)c1cccc(Cn2[nH]c(=O)c3[nH]c4cc(Cl)ccc4c(=O)c3c2=O)c1,COCCNC(=O)c1cccc(Cn2[nH]c(=O)c3[nH]c4cc(Cl)ccc4c(=O)c3c2=O)c1,O=c1[nH]n(Cc2ccccc2)c(=O)c2c(=O)c3ccccc3[nH]c12,CHEMBL227148,1.2,Lipophilicity,1,train
Brc1cc(Br)cc(COC[C@H](c2ccccc2)N2CCNCC2)c1,Brc1cc(Br)cc(COCC(c2ccccc2)N2CCNCC2)c1,c1ccc(COCC(c2ccccc2)N2CCNCC2)cc1,CHEMBL108667,2.8,Lipophilicity,1,train
COc1cccc(C(COCc2cc(C(F)(F)F)cc(C(F)(F)F)c2)N2CCNCC2)c1,COc1cccc(C(COCc2cc(C(F)(F)F)cc(C(F)(F)F)c2)N2CCNCC2)c1,c1ccc(COCC(c2ccccc2)N2CCNCC2)cc1,CHEMBL108200,3.1,Lipophilicity,1,train
FC(F)(F)c1cc(COCC(c2cccc(Cl)c2)N2CCNCC2)cc(C(F)(F)F)c1,FC(F)(F)c1cc(COCC(c2cccc(Cl)c2)N2CCNCC2)cc(C(F)(F)F)c1,c1ccc(COCC(c2ccccc2)N2CCNCC2)cc1,CHEMBL419742,4.2,Lipophilicity,1,train
FC(F)(F)c1cc(COCC(c2ccccc2)N2CCNCC2)cc(C(F)(F)F)c1,FC(F)(F)c1cc(COCC(c2ccccc2)N2CCNCC2)cc(C(F)(F)F)c1,c1ccc(COCC(c2ccccc2)N2CCNCC2)cc1,CHEMBL109937,2.9,Lipophilicity,1,train
Fc1ccc(C(COCc2cc(C(F)(F)F)cc(C(F)(F)F)c2)N2CCNCC2)cc1,Fc1ccc(C(COCc2cc(C(F)(F)F)cc(C(F)(F)F)c2)N2CCNCC2)cc1,c1ccc(COCC(c2ccccc2)N2CCNCC2)cc1,CHEMBL109514,3.0,Lipophilicity,1,train
Fc1cccc(C(COCc2cc(C(F)(F)F)cc(C(F)(F)F)c2)N2CCNCC2)c1,Fc1cccc(C(COCc2cc(C(F)(F)F)cc(C(F)(F)F)c2)N2CCNCC2)c1,c1ccc(COCC(c2ccccc2)N2CCNCC2)cc1,CHEMBL139088,3.2,Lipophilicity,1,train
CCOc1ccc(CCNCCCSCCNC[C@H](O)c2ccc(O)c3[nH]c(=O)sc23)cc1,CCOc1ccc(CCNCCCSCCNCC(O)c2ccc(O)c3[nH]c(=O)sc23)cc1,O=c1[nH]c2cccc(CCNCCSCCCNCCc3ccccc3)c2s1,CHEMBL1807825,0.41,Lipophilicity,1,train
CCc1ccc(CCNCCCSCCNC[C@H](O)c2ccc(O)c3[nH]c(=O)sc23)cc1,CCc1ccc(CCNCCCSCCNCC(O)c2ccc(O)c3[nH]c(=O)sc23)cc1,O=c1[nH]c2cccc(CCNCCSCCCNCCc3ccccc3)c2s1,CHEMBL1807824,0.86,Lipophilicity,1,train
O=c1[nH]c2c(O)ccc([C@@H](O)CNCCSCCCNCCc3cccc(C(F)(F)F)c3)c2s1,O=c1[nH]c2c(O)ccc(C(O)CNCCSCCCNCCc3cccc(C(F)(F)F)c3)c2s1,O=c1[nH]c2cccc(CCNCCSCCCNCCc3ccccc3)c2s1,CHEMBL1807826,1.21,Lipophilicity,1,train
O=c1[nH]c2c(O)ccc([C@@H](O)CNCCSCCCNCCc3cccc(Cl)c3)c2s1,O=c1[nH]c2c(O)ccc(C(O)CNCCSCCCNCCc3cccc(Cl)c3)c2s1,O=c1[nH]c2cccc(CCNCCSCCCNCCc3ccccc3)c2s1,CHEMBL1807827,0.98,Lipophilicity,1,train
O=c1[nH]c2c(O)ccc([C@@H](O)CNCCSCCCNCCc3cccc(Cl)c3Cl)c2s1,O=c1[nH]c2c(O)ccc(C(O)CNCCSCCCNCCc3cccc(Cl)c3Cl)c2s1,O=c1[nH]c2cccc(CCNCCSCCCNCCc3ccccc3)c2s1,CHEMBL1807829,2.2,Lipophilicity,1,train
O=c1[nH]c2c(O)ccc([C@@H](O)CNCCSCCCNCCc3ccccc3)c2s1,O=c1[nH]c2c(O)ccc(C(O)CNCCSCCCNCCc3ccccc3)c2s1,O=c1[nH]c2cccc(CCNCCSCCCNCCc3ccccc3)c2s1,CHEMBL1807823,0.12,Lipophilicity,1,train
Cc1nc(C)c(-c2ccc([C@H]3CC[C@@H](CC(=O)O)CC3)c(Cl)c2)nc1C(N)=O,Cc1nc(C)c(-c2ccc(C3CCC(CC(=O)O)CC3)c(Cl)c2)nc1C(N)=O,c1cnc(-c2ccc(C3CCCCC3)cc2)cn1,CHEMBL2178946,1.75,Lipophilicity,2,train
Cc1nc(C)c(-c2ccc([C@H]3CC[C@@H](CC(=O)O)CC3)c(F)c2)nc1C(N)=O,Cc1nc(C)c(-c2ccc(C3CCC(CC(=O)O)CC3)c(F)c2)nc1C(N)=O,c1cnc(-c2ccc(C3CCCCC3)cc2)cn1,CHEMBL2178945,1.25,Lipophilicity,2,train
Cc1nc(C)c(-c2ccc([C@H]3CC[C@H](CC(N)=O)CC3)cc2)nc1C(N)=O,Cc1nc(C)c(-c2ccc(C3CCC(CC(N)=O)CC3)cc2)nc1C(N)=O,c1cnc(-c2ccc(C3CCCCC3)cc2)cn1,CHEMBL2178935,2.7,Lipophilicity,1,train
Cc1nc(C)c(-c2ccc([C@H]3CC[C@H](CCC(=O)O)CC3)cc2)nc1C(N)=O,Cc1nc(C)c(-c2ccc(C3CCC(CCC(=O)O)CC3)cc2)nc1C(N)=O,c1cnc(-c2ccc(C3CCCCC3)cc2)cn1,CHEMBL2178941,1.6,Lipophilicity,1,train
Cc1ncc(-c2ccc([C@H]3CC[C@H](CC(=O)O)CC3)cc2)nc1C(N)=O,Cc1ncc(-c2ccc(C3CCC(CC(=O)O)CC3)cc2)nc1C(N)=O,c1cnc(-c2ccc(C3CCCCC3)cc2)cn1,CHEMBL2178954,1.0,Lipophilicity,1,train
Cc1ncc(C(N)=O)nc1-c1ccc([C@H]2CC[C@H](C(=O)O)CC2)cc1,Cc1ncc(C(N)=O)nc1-c1ccc(C2CCC(C(=O)O)CC2)cc1,c1cnc(-c2ccc(C3CCCCC3)cc2)cn1,CHEMBL2178950,0.22,Lipophilicity,1,train
CC(C)(C#N)c1cnc(N2CCN(C(=O)[C@@H]3CCCC[C@H]3C(=O)NC3(C#N)CC3)CC2)s1,CC(C)(C#N)c1cnc(N2CCN(C(=O)C3CCCCC3C(=O)NC3(C#N)CC3)CC2)s1,O=C(NC1CC1)C1CCCCC1C(=O)N1CCN(c2nccs2)CC1,CHEMBL2070948,1.9,Lipophilicity,1,train
CCc1csc(N2CCN(C(=O)[C@@H]3CCCC[C@H]3C(=O)NC3(C#N)CC3)CC2)n1,CCc1csc(N2CCN(C(=O)C3CCCCC3C(=O)NC3(C#N)CC3)CC2)n1,O=C(NC1CC1)C1CCCCC1C(=O)N1CCN(c2nccs2)CC1,CHEMBL2070940,2.1,Lipophilicity,1,train
Cc1sc(N2CCN(C(=O)[C@@H]3CCCC[C@H]3C(=O)NC3(C#N)CC3)CC2)nc1C(F)(F)F,Cc1sc(N2CCN(C(=O)C3CCCCC3C(=O)NC3(C#N)CC3)CC2)nc1C(F)(F)F,O=C(NC1CC1)C1CCCCC1C(=O)N1CCN(c2nccs2)CC1,CHEMBL2070944,2.87,Lipophilicity,1,train
N#CC1(NC(=O)[C@@H]2CCCC[C@H]2C(=O)N2CCN(c3nc(C(F)(F)F)cs3)CC2)CC1,N#CC1(NC(=O)C2CCCCC2C(=O)N2CCN(c3nc(C(F)(F)F)cs3)CC2)CC1,O=C(NC1CC1)C1CCCCC1C(=O)N1CCN(c2nccs2)CC1,CHEMBL2070943,2.4,Lipophilicity,1,train
N#CC1(NC(=O)[C@@H]2CCCC[C@H]2C(=O)N2CCN(c3nccs3)CC2)CC1,N#CC1(NC(=O)C2CCCCC2C(=O)N2CCN(c3nccs3)CC2)CC1,O=C(NC1CC1)C1CCCCC1C(=O)N1CCN(c2nccs2)CC1,CHEMBL2070938,1.3,Lipophilicity,1,train
N#Cc1cnc(N2CCN(C(=O)[C@@H]3CCCC[C@H]3C(=O)NC3(C#N)CC3)CC2)s1,N#Cc1cnc(N2CCN(C(=O)C3CCCCC3C(=O)NC3(C#N)CC3)CC2)s1,O=C(NC1CC1)C1CCCCC1C(=O)N1CCN(c2nccs2)CC1,CHEMBL2070946,1.2,Lipophilicity,1,train
C[C@@H]1CN(c2ccccc2)CCN1C(=O)[C@@H]1CCCC[C@H]1C(=O)NC1(C#N)CC1,CC1CN(c2ccccc2)CCN1C(=O)C1CCCCC1C(=O)NC1(C#N)CC1,O=C(NC1CC1)C1CCCCC1C(=O)N1CCN(c2ccccc2)CC1,CHEMBL2172007,2.35,Lipophilicity,1,train
COc1ccc(N2CCN(C(=O)[C@@H]3CCCC[C@H]3C(=O)NC3(C#N)CC3)[C@H](C)C2)cc1OC,COc1ccc(N2CCN(C(=O)C3CCCCC3C(=O)NC3(C#N)CC3)C(C)C2)cc1OC,O=C(NC1CC1)C1CCCCC1C(=O)N1CCN(c2ccccc2)CC1,CHEMBL2172005,1.85,Lipophilicity,1,train
COc1ccc(N2CCN(C(=O)[C@@H]3CCCC[C@H]3C(=O)NC3(C#N)CC3)CC2)cc1,COc1ccc(N2CCN(C(=O)C3CCCCC3C(=O)NC3(C#N)CC3)CC2)cc1,O=C(NC1CC1)C1CCCCC1C(=O)N1CCN(c2ccccc2)CC1,CHEMBL2171992,1.74,Lipophilicity,1,train
COc1ccc(N2CCN(C(=O)[C@@H]3CCCC[C@H]3C(=O)NC3(C#N)CC3)CC2)cc1OC,COc1ccc(N2CCN(C(=O)C3CCCCC3C(=O)NC3(C#N)CC3)CC2)cc1OC,O=C(NC1CC1)C1CCCCC1C(=O)N1CCN(c2ccccc2)CC1,CHEMBL2171993,1.4,Lipophilicity,1,train
N#CC1(NC(=O)[C@@H]2CCCC[C@H]2C(=O)N2CCN(c3ccc(F)cc3)CC2)CC1,N#CC1(NC(=O)C2CCCCC2C(=O)N2CCN(c3ccc(F)cc3)CC2)CC1,O=C(NC1CC1)C1CCCCC1C(=O)N1CCN(c2ccccc2)CC1,CHEMBL2070936,2.12,Lipophilicity,1,train
N#CC1(NC(=O)[C@@H]2CCCC[C@H]2C(=O)N2CCN(c3ccccc3)CC2)CC1,N#CC1(NC(=O)C2CCCCC2C(=O)N2CCN(c3ccccc3)CC2)CC1,O=C(NC1CC1)C1CCCCC1C(=O)N1CCN(c2ccccc2)CC1,CHEMBL2171991,1.99,Lipophilicity,1,train
C=CCN(C(=O)NCc1ccc(OC)cc1)C1CCN(CCC(c2ccccc2)c2ccccc2)CC1,C=CCN(C(=O)NCc1ccc(OC)cc1)C1CCN(CCC(c2ccccc2)c2ccccc2)CC1,O=C(NCc1ccccc1)NC1CCN(CCC(c2ccccc2)c2ccccc2)CC1,CHEMBL181858,3.6,Lipophilicity,1,train
CCN(C(=O)NCc1c(F)cccc1F)C1CCN(CCC(c2ccccc2)c2ccccc2)CC1,CCN(C(=O)NCc1c(F)cccc1F)C1CCN(CCC(c2ccccc2)c2ccccc2)CC1,O=C(NCc1ccccc1)NC1CCN(CCC(c2ccccc2)c2ccccc2)CC1,CHEMBL1163803,4.3,Lipophilicity,1,train
CCN(C(=O)NCc1ccc(F)cc1)C1CCN(CCC(c2ccccc2)c2ccccc2)CC1,CCN(C(=O)NCc1ccc(F)cc1)C1CCN(CCC(c2ccccc2)c2ccccc2)CC1,O=C(NCc1ccccc1)NC1CCN(CCC(c2ccccc2)c2ccccc2)CC1,CHEMBL1163492,3.9,Lipophilicity,1,train
CCN(C(=O)NCc1ccc(S(C)(=O)=O)cc1)C1CCN(CCC(c2ccccc2)c2ccccc2)CC1,CCN(C(=O)NCc1ccc(S(C)(=O)=O)cc1)C1CCN(CCC(c2ccccc2)c2ccccc2)CC1,O=C(NCc1ccccc1)NC1CCN(CCC(c2ccccc2)c2ccccc2)CC1,CHEMBL182380,2.86,Lipophilicity,1,train
CCN(C(=O)NCc1ccccc1)C1CCN(CCC(c2ccccc2)c2ccccc2)CC1,CCN(C(=O)NCc1ccccc1)C1CCN(CCC(c2ccccc2)c2ccccc2)CC1,O=C(NCc1ccccc1)NC1CCN(CCC(c2ccccc2)c2ccccc2)CC1,CHEMBL180184,4.0,Lipophilicity,1,train
CN(C(=O)NCc1ccccc1)C1CCN(CCC(c2ccccc2)c2ccccc2)CC1,CN(C(=O)NCc1ccccc1)C1CCN(CCC(c2ccccc2)c2ccccc2)CC1,O=C(NCc1ccccc1)NC1CCN(CCC(c2ccccc2)c2ccccc2)CC1,CHEMBL183406,3.4,Lipophilicity,1,train
Cc1ccc(S(=O)(=O)Nc2c(C(=O)N(C)C3CCCCC3)c(C)nn2-c2ccccc2)cc1,Cc1ccc(S(=O)(=O)Nc2c(C(=O)N(C)C3CCCCC3)c(C)nn2-c2ccccc2)cc1,O=C(NC1CCCCC1)c1cnn(-c2ccccc2)c1NS(=O)(=O)c1ccccc1,CHEMBL1916275,1.69,Lipophilicity,1,train
Cc1ccc(S(=O)(=O)Nc2c(C(=O)N(C)C3CCCCC3)cnn2-c2ccccc2)cc1,Cc1ccc(S(=O)(=O)Nc2c(C(=O)N(C)C3CCCCC3)cnn2-c2ccccc2)cc1,O=C(NC1CCCCC1)c1cnn(-c2ccccc2)c1NS(=O)(=O)c1ccccc1,CHEMBL1916085,2.01,Lipophilicity,1,train
Cc1ccc(S(=O)(=O)Nc2c(C(=O)NC3CCCCC3)c(C)nn2-c2ccccc2)cc1,Cc1ccc(S(=O)(=O)Nc2c(C(=O)NC3CCCCC3)c(C)nn2-c2ccccc2)cc1,O=C(NC1CCCCC1)c1cnn(-c2ccccc2)c1NS(=O)(=O)c1ccccc1,CHEMBL1916274,1.68,Lipophilicity,1,train
Cc1ccc(S(=O)(=O)Nc2c(C(=O)NC3CCCCC3)cnn2-c2ccccc2)cc1,Cc1ccc(S(=O)(=O)Nc2c(C(=O)NC3CCCCC3)cnn2-c2ccccc2)cc1,O=C(NC1CCCCC1)c1cnn(-c2ccccc2)c1NS(=O)(=O)c1ccccc1,CHEMBL1916084,0.8,Lipophilicity,1,train
Cc1ccc(S(=O)(=O)Nc2c(C(=O)NC3CCCCC3C)c(C)nn2-c2ccccc2)cc1,Cc1ccc(S(=O)(=O)Nc2c(C(=O)NC3CCCCC3C)c(C)nn2-c2ccccc2)cc1,O=C(NC1CCCCC1)c1cnn(-c2ccccc2)c1NS(=O)(=O)c1ccccc1,CHEMBL1916277,1.94,Lipophilicity,1,train
Cc1ccc(S(=O)(=O)Nc2c(C(=O)NC3CCCCC3C)cnn2-c2ccccc2)cc1,Cc1ccc(S(=O)(=O)Nc2c(C(=O)NC3CCCCC3C)cnn2-c2ccccc2)cc1,O=C(NC1CCCCC1)c1cnn(-c2ccccc2)c1NS(=O)(=O)c1ccccc1,CHEMBL1916276,1.34,Lipophilicity,1,train
CCOc1ccccc1CNCc1cccc(CCNC[C@H](O)c2ccc(O)c3[nH]c(=O)sc23)c1,CCOc1ccccc1CNCc1cccc(CCNCC(O)c2ccc(O)c3[nH]c(=O)sc23)c1,O=c1[nH]c2cccc(CCNCCc3cccc(CNCc4ccccc4)c3)c2s1,CHEMBL1945290,1.13,Lipophilicity,1,train
COc1ccc(CNCc2cccc(CCNC[C@H](O)c3ccc(O)c4[nH]c(=O)sc34)c2)cc1,COc1ccc(CNCc2cccc(CCNCC(O)c3ccc(O)c4[nH]c(=O)sc34)c2)cc1,O=c1[nH]c2cccc(CCNCCc3cccc(CNCc4ccccc4)c3)c2s1,CHEMBL1945289,0.86,Lipophilicity,1,train
COc1cccc(CNCc2cccc(CCNC[C@H](O)c3ccc(O)c4[nH]c(=O)sc34)c2)c1,COc1cccc(CNCc2cccc(CCNCC(O)c3ccc(O)c4[nH]c(=O)sc34)c2)c1,O=c1[nH]c2cccc(CCNCCc3cccc(CNCc4ccccc4)c3)c2s1,CHEMBL1945044,0.91,Lipophilicity,1,train
COc1ccccc1CN(C)Cc1cccc(CCNC[C@H](O)c2ccc(O)c3[nH]c(=O)sc23)c1,COc1ccccc1CN(C)Cc1cccc(CCNCC(O)c2ccc(O)c3[nH]c(=O)sc23)c1,O=c1[nH]c2cccc(CCNCCc3cccc(CNCc4ccccc4)c3)c2s1,CHEMBL1945291,1.52,Lipophilicity,1,train
O=c1[nH]c2c(O)ccc([C@@H](O)CNCCc3cccc(CNCc4ccccc4Cl)c3)c2s1,O=c1[nH]c2c(O)ccc(C(O)CNCCc3cccc(CNCc4ccccc4Cl)c3)c2s1,O=c1[nH]c2cccc(CCNCCc3cccc(CNCc4ccccc4)c3)c2s1,CHEMBL1945041,1.85,Lipophilicity,1,train
O=c1[nH]c2c(O)ccc([C@@H](O)CNCCc3cccc(CNCc4ccccc4F)c3)c2s1,O=c1[nH]c2c(O)ccc(C(O)CNCCc3cccc(CNCc4ccccc4F)c3)c2s1,O=c1[nH]c2cccc(CCNCCc3cccc(CNCc4ccccc4)c3)c2s1,CHEMBL1945042,0.69,Lipophilicity,1,train
CCCSc1ccc2nc(NC(=O)OC)[nH]c2c1,CCCSc1ccc2nc(NC(=O)OC)[nH]c2c1,c1ccc2[nH]cnc2c1,CHEMBL1483,3.24,Lipophilicity,1,train
CSc1nc2cc(Cl)ccc2[nH]1,CSc1nc2cc(Cl)ccc2[nH]1,c1ccc2[nH]cnc2c1,CHEMBL71936,3.22,Lipophilicity,1,train
FC(F)c1nc2ccccc2[nH]1,FC(F)c1nc2ccccc2[nH]1,c1ccc2[nH]cnc2c1,CHEMBL1502799,2.02,Lipophilicity,1,train
Fc1cc2[nH]cnc2cc1Cl,Fc1cc2[nH]cnc2cc1Cl,c1ccc2[nH]cnc2c1,CHEMBL1430414,2.35,Lipophilicity,1,train
NCc1nc2ccccc2[nH]1,NCc1nc2ccccc2[nH]1,c1ccc2[nH]cnc2c1,CHEMBL303714,0.4,Lipophilicity,1,train
O=C(O)c1ccc2[nH]c(C(F)(F)F)nc2c1,O=C(O)c1ccc2[nH]c(C(F)(F)F)nc2c1,c1ccc2[nH]cnc2c1,CHEMBL1385850,-1.08,Lipophilicity,1,train
C[C@@H]1COCCN1c1cc(C2(S(C)(=O)=O)CC2)nc(-c2cccc3[nH]ccc23)n1,CC1COCCN1c1cc(C2(S(C)(=O)=O)CC2)nc(-c2cccc3[nH]ccc23)n1,c1cc(-c2nc(C3CC3)cc(N3CCOCC3)n2)c2cc[nH]c2c1,CHEMBL2325697,2.75,Lipophilicity,2,train
CC[C@@H]1COCCN1c1cc(C2(S(C)(=O)=O)CC2)nc(-c2cccc3[nH]ccc23)n1,CCC1COCCN1c1cc(C2(S(C)(=O)=O)CC2)nc(-c2cccc3[nH]ccc23)n1,c1cc(-c2nc(C3CC3)cc(N3CCOCC3)n2)c2cc[nH]c2c1,CHEMBL2325698,3.0,Lipophilicity,1,train
CNC(=O)c1cc(-c2nc(N3CCOCC3)cc(C3(S(C)(=O)=O)CC3)n2)c2cc[nH]c2c1,CNC(=O)c1cc(-c2nc(N3CCOCC3)cc(C3(S(C)(=O)=O)CC3)n2)c2cc[nH]c2c1,c1cc(-c2nc(C3CC3)cc(N3CCOCC3)n2)c2cc[nH]c2c1,CHEMBL2325726,1.7,Lipophilicity,1,train
COc1cc(-c2nc(N3CCOCC3)cc(C3(S(C)(=O)=O)CC3)n2)c2cc[nH]c2c1,COc1cc(-c2nc(N3CCOCC3)cc(C3(S(C)(=O)=O)CC3)n2)c2cc[nH]c2c1,c1cc(-c2nc(C3CC3)cc(N3CCOCC3)n2)c2cc[nH]c2c1,CHEMBL2325695,2.4,Lipophilicity,1,train
CS(=O)(=O)C1(c2cc(N3CCOCC3)nc(-c3cccc4[nH]ccc34)n2)CC1,CS(=O)(=O)C1(c2cc(N3CCOCC3)nc(-c3cccc4[nH]ccc34)n2)CC1,c1cc(-c2nc(C3CC3)cc(N3CCOCC3)n2)c2cc[nH]c2c1,CHEMBL2325704,2.2,Lipophilicity,1,train
Cc1ccc2[nH]ccc2c1-c1nc(N2CCOCC2)cc(C2(S(C)(=O)=O)CC2)n1,Cc1ccc2[nH]ccc2c1-c1nc(N2CCOCC2)cc(C2(S(C)(=O)=O)CC2)n1,c1cc(-c2nc(C3CC3)cc(N3CCOCC3)n2)c2cc[nH]c2c1,CHEMBL2325719,1.7,Lipophilicity,1,train
CC(=O)Nc1ccc2[nH]cc(-c3cc(NC4CC4)n4ncc(C#N)c4n3)c2c1,CC(=O)Nc1ccc2[nH]cc(-c3cc(NC4CC4)n4ncc(C#N)c4n3)c2c1,c1ccc2c(-c3cc(NC4CC4)n4nccc4n3)c[nH]c2c1,CHEMBL2062581,2.65,Lipophilicity,1,train
CC(=O)Nc1ccc2c(c1)c(-c1cc(NC3CC3)n3ncc(C#N)c3n1)cn2C,CC(=O)Nc1ccc2c(c1)c(-c1cc(NC3CC3)n3ncc(C#N)c3n1)cn2C,c1ccc2c(-c3cc(NC4CC4)n4nccc4n3)c[nH]c2c1,CHEMBL2062580,2.94,Lipophilicity,1,train
CC(=O)Nc1ccc2c(c1)c(-c1cc(NC3CC3)n3ncc(C#N)c3n1)cn2CCC(=O)O,CC(=O)Nc1ccc2c(c1)c(-c1cc(NC3CC3)n3ncc(C#N)c3n1)cn2CCC(=O)O,c1ccc2c(-c3cc(NC4CC4)n4nccc4n3)c[nH]c2c1,CHEMBL2062585,-0.87,Lipophilicity,1,train
CC(=O)Nc1ccc2c(c1)c(-c1cc(NC3CC3)n3ncc(C#N)c3n1)cn2CCCO,CC(=O)Nc1ccc2c(c1)c(-c1cc(NC3CC3)n3ncc(C#N)c3n1)cn2CCCO,c1ccc2c(-c3cc(NC4CC4)n4nccc4n3)c[nH]c2c1,CHEMBL2062583,2.48,Lipophilicity,1,train
CC(=O)Nc1ccc2c(c1)c(-c1cc(NC3CC3)n3ncc(C#N)c3n1)cn2CCO,CC(=O)Nc1ccc2c(c1)c(-c1cc(NC3CC3)n3ncc(C#N)c3n1)cn2CCO,c1ccc2c(-c3cc(NC4CC4)n4nccc4n3)c[nH]c2c1,CHEMBL2062582,2.71,Lipophilicity,1,train
COC(=O)CCn1cc(-c2cc(NC3CC3)n3ncc(C#N)c3n2)c2cc(NC(C)=O)ccc21,COC(=O)CCn1cc(-c2cc(NC3CC3)n3ncc(C#N)c3n2)c2cc(NC(C)=O)ccc21,c1ccc2c(-c3cc(NC4CC4)n4nccc4n3)c[nH]c2c1,CHEMBL2062584,2.72,Lipophilicity,1,train
Cc1cc(O)ccc1N1C(=O)c2ccc(O)cc2C1=O,Cc1cc(O)ccc1N1C(=O)c2ccc(O)cc2C1=O,O=C1c2ccccc2C(=O)N1c1ccccc1,CHEMBL242818,2.0,Lipophilicity,1,train
O=C1c2ccc(O)cc2C(=O)N1c1ccc(O)cc1,O=C1c2ccc(O)cc2C(=O)N1c1ccc(O)cc1,O=C1c2ccccc2C(=O)N1c1ccccc1,CHEMBL234524,1.8,Lipophilicity,1,train
O=C1c2ccc(O)cc2C(=O)N1c1ccc(O)cc1F,O=C1c2ccc(O)cc2C(=O)N1c1ccc(O)cc1F,O=C1c2ccccc2C(=O)N1c1ccccc1,CHEMBL451496,2.1,Lipophilicity,1,train
O=C1c2ccc(O)cc2C(=O)N1c1cccc(O)c1,O=C1c2ccc(O)cc2C(=O)N1c1cccc(O)c1,O=C1c2ccccc2C(=O)N1c1ccccc1,CHEMBL388473,2.0,Lipophilicity,1,train
O=C1c2ccc(O)cc2C(=O)N1c1ccccc1,O=C1c2ccc(O)cc2C(=O)N1c1ccccc1,O=C1c2ccccc2C(=O)N1c1ccccc1,CHEMBL276030,2.3,Lipophilicity,1,train
O=C1c2ccccc2C(=O)N1c1ccc(O)cc1,O=C1c2ccccc2C(=O)N1c1ccc(O)cc1,O=C1c2ccccc2C(=O)N1c1ccccc1,CHEMBL388474,2.0,Lipophilicity,1,train
CC(C)N(CCNCCc1ccc(O)c2[nH]c(=O)sc12)C(=O)CCOCCc1ccccc1,CC(C)N(CCNCCc1ccc(O)c2[nH]c(=O)sc12)C(=O)CCOCCc1ccccc1,O=C(CCOCCc1ccccc1)NCCNCCc1cccc2[nH]c(=O)sc12,CHEMBL1800658,2.33,Lipophilicity,1,train
CCCCN(CCNC[C@H](O)c1ccc(O)c2[nH]c(=O)sc12)C(=O)CCOCCc1ccccc1,CCCCN(CCNCC(O)c1ccc(O)c2[nH]c(=O)sc12)C(=O)CCOCCc1ccccc1,O=C(CCOCCc1ccccc1)NCCNCCc1cccc2[nH]c(=O)sc12,CHEMBL1800660,2.51,Lipophilicity,1,train
CCCCN(CCNCCc1ccc(O)c2[nH]c(=O)sc12)C(=O)CCOCCc1ccccc1,CCCCN(CCNCCc1ccc(O)c2[nH]c(=O)sc12)C(=O)CCOCCc1ccccc1,O=C(CCOCCc1ccccc1)NCCNCCc1cccc2[nH]c(=O)sc12,CHEMBL1800659,3.0,Lipophilicity,1,train
CCCN(CCNCCc1ccc(O)c2[nH]c(=O)sc12)C(=O)CCOCCc1ccccc1,CCCN(CCNCCc1ccc(O)c2[nH]c(=O)sc12)C(=O)CCOCCc1ccccc1,O=C(CCOCCc1ccccc1)NCCNCCc1cccc2[nH]c(=O)sc12,CHEMBL1800657,2.23,Lipophilicity,1,train
CCN(CCNCCc1ccc(O)c2[nH]c(=O)sc12)C(=O)CCOCCc1ccccc1,CCN(CCNCCc1ccc(O)c2[nH]c(=O)sc12)C(=O)CCOCCc1ccccc1,O=C(CCOCCc1ccccc1)NCCNCCc1cccc2[nH]c(=O)sc12,CHEMBL1800656,1.92,Lipophilicity,1,train
CN(CCNC[C@H](O)c1ccc(O)c2[nH]c(=O)sc12)C(=O)CCOCCc1ccccc1,CN(CCNCC(O)c1ccc(O)c2[nH]c(=O)sc12)C(=O)CCOCCc1ccccc1,O=C(CCOCCc1ccccc1)NCCNCCc1cccc2[nH]c(=O)sc12,CHEMBL1800472,1.21,Lipophilicity,1,train
COc1ccc2c(C)nc(NC(=N)N)nc2c1,COc1ccc2c(C)nc(NC(=N)N)nc2c1,c1ccc2ncncc2c1,CHEMBL581893,-0.51,Lipophilicity,1,train
Cc1cc2nc(NC(=N)N)nc(C)c2cc1C,Cc1cc2nc(NC(=N)N)nc(C)c2cc1C,c1ccc2ncncc2c1,CHEMBL528724,0.7,Lipophilicity,1,train
Cc1nc(NC(=N)N)nc2ccccc12,Cc1nc(NC(=N)N)nc2ccccc12,c1ccc2ncncc2c1,CHEMBL602365,-0.49,Lipophilicity,1,train
Nc1nc(N)c2cc(Br)ccc2n1,Nc1nc(N)c2cc(Br)ccc2n1,c1ccc2ncncc2c1,CHEMBL6549,1.78,Lipophilicity,1,train
Nc1ncnc2ccccc12,Nc1ncnc2ccccc12,c1ccc2ncncc2c1,CHEMBL266128,1.26,Lipophilicity,1,train
c1ccc2ncncc2c1,c1ccc2ncncc2c1,c1ccc2ncncc2c1,CHEMBL301359,1.0,Lipophilicity,1,train
C[C@@H]1CN(c2nc(N3CCOC[C@@H]3C)c3ccc(-c4ccccc4)nc3n2)C[C@H](C)O1,CC1CN(c2nc(N3CCOCC3C)c3ccc(-c4ccccc4)nc3n2)CC(C)O1,c1ccc(-c2ccc3c(N4CCOCC4)nc(N4CCOCC4)nc3n2)cc1,CHEMBL2336331,3.75,Lipophilicity,1,train
C[C@H]1COCCN1c1nc(N2CCOC[C@@H]2C)c2ccc(-c3cccc(C(=O)NCCO)c3)nc2n1,CC1COCCN1c1nc(N2CCOCC2C)c2ccc(-c3cccc(C(=O)NCCO)c3)nc2n1,c1ccc(-c2ccc3c(N4CCOCC4)nc(N4CCOCC4)nc3n2)cc1,CHEMBL2336326,2.49,Lipophilicity,1,train
CNCc1cccc(-c2ccc3c(N4CCOCC4)nc(N4C[C@@H](C)O[C@@H](C)C4)nc3n2)c1,CNCc1cccc(-c2ccc3c(N4CCOCC4)nc(N4CC(C)OC(C)C4)nc3n2)c1,c1ccc(-c2ccc3c(N4CCOCC4)nc(N4CCOCC4)nc3n2)cc1,CHEMBL2336329,1.26,Lipophilicity,1,train
COc1ccc(-c2ccc3c(N4CCOCC4)nc(N4C[C@@H](C)O[C@@H](C)C4)nc3n2)cc1CNCCO,COc1ccc(-c2ccc3c(N4CCOCC4)nc(N4CC(C)OC(C)C4)nc3n2)cc1CNCCO,c1ccc(-c2ccc3c(N4CCOCC4)nc(N4CCOCC4)nc3n2)cc1,CHEMBL2336327,1.31,Lipophilicity,1,train
COc1ccc(-c2ccc3c(N4CCOCC4)nc(N4C[C@@H](C)O[C@@H](C)C4)nc3n2)cc1CO,COc1ccc(-c2ccc3c(N4CCOCC4)nc(N4CC(C)OC(C)C4)nc3n2)cc1CO,c1ccc(-c2ccc3c(N4CCOCC4)nc(N4CCOCC4)nc3n2)cc1,CHEMBL1078983,3.25,Lipophilicity,1,train
COc1ccc(-c2ccc3c(N4CCOC[C@@H]4C)nc(N4CCOC[C@@H]4C)nc3n2)cc1C(N)=O,COc1ccc(-c2ccc3c(N4CCOCC4C)nc(N4CCOCC4C)nc3n2)cc1C(N)=O,c1ccc(-c2ccc3c(N4CCOCC4)nc(N4CCOCC4)nc3n2)cc1,CHEMBL2336320,2.82,Lipophilicity,1,train
C=CCOc1cc(-c2cccc3c(=O)cc(N4CCOCC4)oc23)ccc1NC(=O)CN1CCOCC1,C=CCOc1cc(-c2cccc3c(=O)cc(N4CCOCC4)oc23)ccc1NC(=O)CN1CCOCC1,O=C(CN1CCOCC1)Nc1ccc(-c2cccc3c(=O)cc(N4CCOCC4)oc23)cc1,CHEMBL1669161,3.0,Lipophilicity,1,train
CC(C)COc1cc(-c2cccc3c(=O)cc(N4CCOCC4)oc23)ccc1NC(=O)CN1CCOCC1,CC(C)COc1cc(-c2cccc3c(=O)cc(N4CCOCC4)oc23)ccc1NC(=O)CN1CCOCC1,O=C(CN1CCOCC1)Nc1ccc(-c2cccc3c(=O)cc(N4CCOCC4)oc23)cc1,CHEMBL1669160,3.8,Lipophilicity,1,train
CC(C)Oc1cc(-c2cccc3c(=O)cc(N4CCOCC4)oc23)ccc1NC(=O)CN1CCOCC1,CC(C)Oc1cc(-c2cccc3c(=O)cc(N4CCOCC4)oc23)ccc1NC(=O)CN1CCOCC1,O=C(CN1CCOCC1)Nc1ccc(-c2cccc3c(=O)cc(N4CCOCC4)oc23)cc1,CHEMBL1669159,3.0,Lipophilicity,1,train
CCOc1cc(-c2cccc3c(=O)cc(N4CCOCC4)oc23)ccc1NC(=O)CN1CCOCC1,CCOc1cc(-c2cccc3c(=O)cc(N4CCOCC4)oc23)ccc1NC(=O)CN1CCOCC1,O=C(CN1CCOCC1)Nc1ccc(-c2cccc3c(=O)cc(N4CCOCC4)oc23)cc1,CHEMBL1669158,2.8,Lipophilicity,1,train
COc1cc(-c2cccc3c(=O)cc(N4CCOCC4)oc23)ccc1NC(=O)CN1CCOCC1,COc1cc(-c2cccc3c(=O)cc(N4CCOCC4)oc23)ccc1NC(=O)CN1CCOCC1,O=C(CN1CCOCC1)Nc1ccc(-c2cccc3c(=O)cc(N4CCOCC4)oc23)cc1,CHEMBL1669156,2.3,Lipophilicity,1,train
O=C(CN1CCOCC1)Nc1ccc(-c2cccc3c(=O)cc(N4CCOCC4)oc23)cc1O,O=C(CN1CCOCC1)Nc1ccc(-c2cccc3c(=O)cc(N4CCOCC4)oc23)cc1O,O=C(CN1CCOCC1)Nc1ccc(-c2cccc3c(=O)cc(N4CCOCC4)oc23)cc1,CHEMBL1669157,2.4,Lipophilicity,1,train
CC(=O)Nc1cccc2c1c(Oc1ccc(Cl)cc1)c(C)n2CC(=O)O,CC(=O)Nc1cccc2c1c(Oc1ccc(Cl)cc1)c(C)n2CC(=O)O,c1ccc(Oc2c[nH]c3ccccc23)cc1,CHEMBL1917457,-1.41,Lipophilicity,1,train
CCS(=O)(=O)Nc1cccc2c1c(Oc1ccc(Cl)cc1)c(C)n2CC(=O)O,CCS(=O)(=O)Nc1cccc2c1c(Oc1ccc(Cl)cc1)c(C)n2CC(=O)O,c1ccc(Oc2c[nH]c3ccccc23)cc1,CHEMBL1917459,-0.29,Lipophilicity,1,train
CCS(=O)(=O)c1ccc(Oc2c(C)n(CC(=O)O)c3ccc(C(F)(F)F)cc23)cc1,CCS(=O)(=O)c1ccc(Oc2c(C)n(CC(=O)O)c3ccc(C(F)(F)F)cc23)cc1,c1ccc(Oc2c[nH]c3ccccc23)cc1,CHEMBL1917458,0.29,Lipophilicity,1,train
Cc1c(Oc2ccc(Cl)cc2)c2c(NS(C)(=O)=O)cccc2n1CC(=O)O,Cc1c(Oc2ccc(Cl)cc2)c2c(NS(C)(=O)=O)cccc2n1CC(=O)O,c1ccc(Oc2c[nH]c3ccccc23)cc1,CHEMBL1917456,-0.98,Lipophilicity,1,train
Cc1c(Oc2ccc(Cl)cc2)c2cc(C(F)(F)F)ccc2n1CC(=O)O,Cc1c(Oc2ccc(Cl)cc2)c2cc(C(F)(F)F)ccc2n1CC(=O)O,c1ccc(Oc2c[nH]c3ccccc23)cc1,CHEMBL1917455,2.28,Lipophilicity,1,train
Cc1c(Oc2ccc(Cl)cc2)c2cc(F)ccc2n1CC(=O)O,Cc1c(Oc2ccc(Cl)cc2)c2cc(F)ccc2n1CC(=O)O,c1ccc(Oc2c[nH]c3ccccc23)cc1,CHEMBL1917454,1.26,Lipophilicity,1,train
CC(=O)Nc1ccccn1,CC(=O)Nc1ccccn1,c1ccncc1,CHEMBL12132,0.5,Lipophilicity,1,train
CC(C)NNC(=O)c1ccncc1,CC(C)NNC(=O)c1ccncc1,c1ccncc1,CHEMBL92401,0.33,Lipophilicity,1,train
CCc1cc(C(N)=S)ccn1,CCc1cc(C(N)=S)ccn1,c1ccncc1,CHEMBL1441,1.52,Lipophilicity,1,train
Cc1cc(C)nc(N)c1,Cc1cc(C)nc(N)c1,c1ccncc1,CHEMBL59925,0.85,Lipophilicity,1,train
Cc1ncc(CO)c(CO)c1O,Cc1ncc(CO)c(CO)c1O,c1ccncc1,CHEMBL1364,-0.58,Lipophilicity,1,train
NNC(=O)c1ccncc1,NNC(=O)c1ccncc1,c1ccncc1,CHEMBL64,-0.57,Lipophilicity,1,train
CC(C)[C@@H]1N=C(c2ccccc2)c2ccccc2NC1=O,CC(C)C1N=C(c2ccccc2)c2ccccc2NC1=O,O=C1CN=C(c2ccccc2)c2ccccc2N1,CHEMBL1683689,3.05,Lipophilicity,1,train
CCN(CC)CCN1C(=O)CN=C(c2ccccc2F)c2cc(Cl)ccc21,CCN(CC)CCN1C(=O)CN=C(c2ccccc2F)c2cc(Cl)ccc21,O=C1CN=C(c2ccccc2)c2ccccc2N1,CHEMBL968,2.38,Lipophilicity,1,train
CN1C(=O)CN=C(c2ccccc2)c2cc(Cl)ccc21,CN1C(=O)CN=C(c2ccccc2)c2cc(Cl)ccc21,O=C1CN=C(c2ccccc2)c2ccccc2N1,CHEMBL12,2.69,Lipophilicity,1,train
CN1C(=O)CN=C(c2ccccc2F)c2cc([N+](=O)[O-])ccc21,CN1C(=O)CN=C(c2ccccc2F)c2cc([N+](=O)[O-])ccc21,O=C1CN=C(c2ccccc2)c2ccccc2N1,CHEMBL13280,2.1,Lipophilicity,1,train
O=C1CN=C(c2ccccc2Cl)c2cc([N+](=O)[O-])ccc2N1,O=C1CN=C(c2ccccc2Cl)c2cc([N+](=O)[O-])ccc2N1,O=C1CN=C(c2ccccc2)c2ccccc2N1,CHEMBL452,3.72,Lipophilicity,1,train
O=C1Nc2ccc(Cl)cc2C(c2ccccc2Cl)=NC1O,O=C1Nc2ccc(Cl)cc2C(c2ccccc2Cl)=NC1O,O=C1CN=C(c2ccccc2)c2ccccc2N1,CHEMBL580,2.38,Lipophilicity,1,train
CCCc1cc(Nc2nc(NCc3cc(C)no3)ncc2Br)n[nH]1,CCCc1cc(Nc2nc(NCc3cc(C)no3)ncc2Br)n[nH]1,c1cc(CNc2nccc(Nc3cc[nH]n3)n2)on1,CHEMBL2088094,3.63,Lipophilicity,1,train
COCCCc1cc(Nc2ccnc(NCc3cc(C)no3)n2)n[nH]1,COCCCc1cc(Nc2ccnc(NCc3cc(C)no3)n2)n[nH]1,c1cc(CNc2nccc(Nc3cc[nH]n3)n2)on1,CHEMBL2088099,2.04,Lipophilicity,1,train
COCCCc1cc(Nc2nc(NCc3cc(C)no3)ncc2Br)n[nH]1,COCCCc1cc(Nc2nc(NCc3cc(C)no3)ncc2Br)n[nH]1,c1cc(CNc2nccc(Nc3cc[nH]n3)n2)on1,CHEMBL2088093,3.07,Lipophilicity,1,train
Cc1cc(CNc2ncc(Br)c(Nc3cc(C)[nH]n3)n2)on1,Cc1cc(CNc2ncc(Br)c(Nc3cc(C)[nH]n3)n2)on1,c1cc(CNc2nccc(Nc3cc[nH]n3)n2)on1,CHEMBL2088091,2.92,Lipophilicity,1,train
Cc1cc(CNc2ncc(Cl)c(Nc3cc(C)[nH]n3)n2)on1,Cc1cc(CNc2ncc(Cl)c(Nc3cc(C)[nH]n3)n2)on1,c1cc(CNc2nccc(Nc3cc[nH]n3)n2)on1,CHEMBL2088097,2.68,Lipophilicity,1,train
Cc1cc(CNc2nccc(Nc3cc(C)[nH]n3)n2)on1,Cc1cc(CNc2nccc(Nc3cc(C)[nH]n3)n2)on1,c1cc(CNc2nccc(Nc3cc[nH]n3)n2)on1,CHEMBL2088098,1.86,Lipophilicity,1,train
CC(=O)N(C)c1ccc2ccn(-c3cc(NC4CC4)n4ncc(C#N)c4n3)c2c1,CC(=O)N(C)c1ccc2ccn(-c3cc(NC4CC4)n4ncc(C#N)c4n3)c2c1,c1ccc2c(c1)ccn2-c1cc(NC2CC2)n2nccc2n1,CHEMBL2062577,2.9,Lipophilicity,1,train
CC(=O)Nc1cc2c(ccn2-c2cc(NC3CC3)n3ncc(C#N)c3n2)cc1C,CC(=O)Nc1cc2c(ccn2-c2cc(NC3CC3)n3ncc(C#N)c3n2)cc1C,c1ccc2c(c1)ccn2-c1cc(NC2CC2)n2nccc2n1,CHEMBL2062569,2.66,Lipophilicity,1,train
CC(=O)Nc1ccc2ccn(-c3cc(NC4CC4)n4ncc(C#N)c4n3)c2c1,CC(=O)Nc1ccc2ccn(-c3cc(NC4CC4)n4ncc(C#N)c4n3)c2c1,c1ccc2c(c1)ccn2-c1cc(NC2CC2)n2nccc2n1,CHEMBL2062563,3.29,Lipophilicity,1,train
CS(=O)(=O)Cc1ccc2ccn(-c3cc(NC4CC4)n4ncc(C#N)c4n3)c2c1,CS(=O)(=O)Cc1ccc2ccn(-c3cc(NC4CC4)n4ncc(C#N)c4n3)c2c1,c1ccc2c(c1)ccn2-c1cc(NC2CC2)n2nccc2n1,CHEMBL2062579,2.49,Lipophilicity,1,train
N#Cc1cnn2c(NC3CC3)cc(-n3ccc4ccc(CO)cc43)nc12,N#Cc1cnn2c(NC3CC3)cc(-n3ccc4ccc(CO)cc43)nc12,c1ccc2c(c1)ccn2-c1cc(NC2CC2)n2nccc2n1,CHEMBL2062578,3.09,Lipophilicity,1,train
CC(N)(COP(=O)(O)O)C(=O)O,CC(N)(COP(=O)(O)O)C(=O)O,,CHEMBL1437137,2.5,Lipophilicity,1,train
CCC(CO)NCCNC(CC)CO,CCC(CO)NCCNC(CC)CO,,CHEMBL25539,-1.42,Lipophilicity,1,train
CCCC(C)(COC(N)=O)COC(=O)NC(C)C,CCCC(C)(COC(N)=O)COC(=O)NC(C)C,,CHEMBL1233,2.01,Lipophilicity,1,train
CCCC[C@@H](C=O)NC(=O)[C@H](CC(C)C)NC(=O)[C@H](CC(C)C)NC(C)=O,CCCCC(C=O)NC(=O)C(CC(C)C)NC(=O)C(CC(C)C)NC(C)=O,,CHEMBL304784,2.6,Lipophilicity,1,train
CCCCC(CC)COC(=O)CC(C(=O)OCC(CC)CCCC)S(=O)(=O)O,CCCCC(CC)COC(=O)CC(C(=O)OCC(CC)CCCC)S(=O)(=O)O,,CHEMBL1477036,2.93,Lipophilicity,1,train
CC(CN(C)C)CN1c2ccccc2CCc2ccccc21,CC(CN(C)C)CN1c2ccccc2CCc2ccccc21,c1ccc2c(c1)CCc1ccccc1N2,CHEMBL644,2.95,Lipophilicity,1,train
CN(C)CCCN1c2ccccc2CCc2ccc(Cl)cc21,CN(C)CCCN1c2ccccc2CCc2ccc(Cl)cc21,c1ccc2c(c1)CCc1ccccc1N2,CHEMBL415,3.36,Lipophilicity,1,train
CN(C)CCCN1c2ccccc2CCc2ccccc21,CN(C)CCCN1c2ccccc2CCc2ccccc21,c1ccc2c(c1)CCc1ccccc1N2,CHEMBL11,2.49,Lipophilicity,1,train
CNCCCN1c2ccccc2CCc2ccccc21,CNCCCN1c2ccccc2CCc2ccccc21,c1ccc2c(c1)CCc1ccccc1N2,CHEMBL72,1.24,Lipophilicity,1,train
NC(=O)N1c2ccccc2C[C@H](O)c2ccccc21,NC(=O)N1c2ccccc2CC(O)c2ccccc21,c1ccc2c(c1)CCc1ccccc1N2,CHEMBL315985,0.79,Lipophilicity,1,train
CCCNC(=O)c1nnc2c(-c3cc(C)ccc3OC)cccc2c1N,CCCNC(=O)c1nnc2c(-c3cc(C)ccc3OC)cccc2c1N,c1ccc(-c2cccc3ccnnc23)cc1,CHEMBL1783281,3.99,Lipophilicity,1,train
CCCNC(=O)c1nnc2c(-c3ccc(OC)cc3OC)c(F)ccc2c1N,CCCNC(=O)c1nnc2c(-c3ccc(OC)cc3OC)c(F)ccc2c1N,c1ccc(-c2cccc3ccnnc23)cc1,CHEMBL1783283,3.52,Lipophilicity,1,train
CCCNC(=O)c1nnc2c(-c3ccccc3)cccc2c1N,CCCNC(=O)c1nnc2c(-c3ccccc3)cccc2c1N,c1ccc(-c2cccc3ccnnc23)cc1,CHEMBL1783246,3.8,Lipophilicity,1,train
COc1ccc(OC)c(-c2c(F)ccc3c(N)c(C(=O)NC(C)C)nnc23)c1,COc1ccc(OC)c(-c2c(F)ccc3c(N)c(C(=O)NC(C)C)nnc23)c1,c1ccc(-c2cccc3ccnnc23)cc1,CHEMBL1783275,3.77,Lipophilicity,1,train
COc1ccc(OC)c(-c2cccc3c(N)c(C(=O)NC(C)C)nnc23)c1,COc1ccc(OC)c(-c2cccc3c(N)c(C(=O)NC(C)C)nnc23)c1,c1ccc(-c2cccc3ccnnc23)cc1,CHEMBL1783259,3.65,Lipophilicity,1,train
CC(C)c1c(C(=O)NC2C3CC4CC(C3)CC2C4)cnn1-c1ccc(C(=O)O)cc1,CC(C)c1c(C(=O)NC2C3CC4CC(C3)CC2C4)cnn1-c1ccc(C(=O)O)cc1,O=C(NC1C2CC3CC(C2)CC1C3)c1cnn(-c2ccccc2)c1,CHEMBL2177603,1.15,Lipophilicity,1,train
CCc1c(C(=O)NC2C3CC4CC(C3)CC2C4)cnn1-c1ccc(C(=O)O)cc1,CCc1c(C(=O)NC2C3CC4CC(C3)CC2C4)cnn1-c1ccc(C(=O)O)cc1,O=C(NC1C2CC3CC(C2)CC1C3)c1cnn(-c2ccccc2)c1,CHEMBL2177602,0.9,Lipophilicity,1,train
CSc1c(C(=O)NC2C3CC4CC(C3)CC2C4)cnn1-c1ccc(C(=O)O)cc1,CSc1c(C(=O)NC2C3CC4CC(C3)CC2C4)cnn1-c1ccc(C(=O)O)cc1,O=C(NC1C2CC3CC(C2)CC1C3)c1cnn(-c2ccccc2)c1,CHEMBL2177621,1.2,Lipophilicity,1,train
Cc1c(C(=O)NC2C3CC4CC(C3)CC2C4)cnn1-c1ccc(C(=O)O)cc1,Cc1c(C(=O)NC2C3CC4CC(C3)CC2C4)cnn1-c1ccc(C(=O)O)cc1,O=C(NC1C2CC3CC(C2)CC1C3)c1cnn(-c2ccccc2)c1,CHEMBL2177601,0.8,Lipophilicity,1,train
O=C(O)c1ccc(-n2ncc(C(=O)NC3C4CC5CC(C4)CC3C5)c2C(F)(F)F)cc1,O=C(O)c1ccc(-n2ncc(C(=O)NC3C4CC5CC(C4)CC3C5)c2C(F)(F)F)cc1,O=C(NC1C2CC3CC(C2)CC1C3)c1cnn(-c2ccccc2)c1,CHEMBL2177607,1.5,Lipophilicity,1,train
COc1cc(Nc2cc(N3CCOCC3)nc(N[C@@H](C)c3ncc(F)cn3)n2)n[nH]1,COc1cc(Nc2cc(N3CCOCC3)nc(NC(C)c3ncc(F)cn3)n2)n[nH]1,c1cnc(CNc2nc(Nc3cc[nH]n3)cc(N3CCOCC3)n2)nc1,CHEMBL1650735,2.18,Lipophilicity,1,train
COc1cc(Nc2nc(N[C@@H](C)c3ncc(F)cn3)nc(N3CCOCC3)c2Cl)n[nH]1,COc1cc(Nc2nc(NC(C)c3ncc(F)cn3)nc(N3CCOCC3)c2Cl)n[nH]1,c1cnc(CNc2nc(Nc3cc[nH]n3)cc(N3CCOCC3)n2)nc1,CHEMBL1650737,2.85,Lipophilicity,1,train
COc1cc(Nc2nc(N[C@@H](C)c3ncc(F)cn3)nc(N3CCOCC3)c2F)n[nH]1,COc1cc(Nc2nc(NC(C)c3ncc(F)cn3)nc(N3CCOCC3)c2F)n[nH]1,c1cnc(CNc2nc(Nc3cc[nH]n3)cc(N3CCOCC3)n2)nc1,CHEMBL1650736,2.64,Lipophilicity,1,train
Cc1cc(Nc2cc(N3CCOCC3)nc(N[C@@H](C)c3ncc(F)cn3)n2)n[nH]1,Cc1cc(Nc2cc(N3CCOCC3)nc(NC(C)c3ncc(F)cn3)n2)n[nH]1,c1cnc(CNc2nc(Nc3cc[nH]n3)cc(N3CCOCC3)n2)nc1,CHEMBL1650732,1.91,Lipophilicity,1,train
Cc1cc(Nc2nc(N[C@@H](C)c3ncc(F)cn3)nc(N3CCOCC3)c2Cl)n[nH]1,Cc1cc(Nc2nc(NC(C)c3ncc(F)cn3)nc(N3CCOCC3)c2Cl)n[nH]1,c1cnc(CNc2nc(Nc3cc[nH]n3)cc(N3CCOCC3)n2)nc1,CHEMBL1650734,2.61,Lipophilicity,1,train
CCN(CC)CCNC(=O)c1c(C)[nH]c(/C=C2\C(=O)Nc3ccc(Cl)cc32)c1C,CCN(CC)CCNC(=O)c1c(C)[nH]c(C=C2C(=O)Nc3ccc(Cl)cc32)c1C,O=C1Nc2ccccc2C1=Cc1ccc[nH]1,CHEMBL13485,2.75,Lipophilicity,1,train
CCN(CC)CCNC(=O)c1c(C)[nH]c(/C=C2\C(=O)Nc3ccc(F)cc32)c1C,CCN(CC)CCNC(=O)c1c(C)[nH]c(C=C2C(=O)Nc3ccc(F)cc32)c1C,O=C1Nc2ccccc2C1=Cc1ccc[nH]1,CHEMBL535,2.26,Lipophilicity,1,train
Cc1[nH]c(/C=C2\C(=O)Nc3ccc(F)cc32)c(C)c1C(=O)NCCN(C)C,Cc1[nH]c(C=C2C(=O)Nc3ccc(F)cc32)c(C)c1C(=O)NCCN(C)C,O=C1Nc2ccccc2C1=Cc1ccc[nH]1,CHEMBL13976,1.75,Lipophilicity,1,train
Cc1c(CCC(=O)O)c[nH]c1/C=C1\C(=O)Nc2ccccc21,Cc1c(CCC(=O)O)c[nH]c1C=C1C(=O)Nc2ccccc21,O=C1Nc2ccccc2C1=Cc1ccc[nH]1,CHEMBL344319,1.05,Lipophilicity,1,train
Cc1c[nH]c(/C=C2\C(=O)Nc3ccccc32)c1CCC(=O)O,Cc1c[nH]c(C=C2C(=O)Nc3ccccc32)c1CCC(=O)O,O=C1Nc2ccccc2C1=Cc1ccc[nH]1,CHEMBL89363,1.2,Lipophilicity,1,train
CCCN(CCO)CCCOc1cc2ncnc(Nc3cc(CC(=O)Nc4cccc(F)c4F)[nH]n3)c2cc1OC,CCCN(CCO)CCCOc1cc2ncnc(Nc3cc(CC(=O)Nc4cccc(F)c4F)[nH]n3)c2cc1OC,O=C(Cc1cc(Nc2ncnc3ccccc23)n[nH]1)Nc1ccccc1,CHEMBL214849,1.28,Lipophilicity,1,train
CCCN(CCO)CCCOc1ccc2c(Nc3cc(CC(=O)Nc4cccc(F)c4F)[nH]n3)ncnc2c1,CCCN(CCO)CCCOc1ccc2c(Nc3cc(CC(=O)Nc4cccc(F)c4F)[nH]n3)ncnc2c1,O=C(Cc1cc(Nc2ncnc3ccccc23)n[nH]1)Nc1ccccc1,CHEMBL214637,2.19,Lipophilicity,1,train
CCN(CCO)CCCOc1cc2ncnc(Nc3cc(CC(=O)Nc4cccc(F)c4)[nH]n3)c2cc1OC,CCN(CCO)CCCOc1cc2ncnc(Nc3cc(CC(=O)Nc4cccc(F)c4)[nH]n3)c2cc1OC,O=C(Cc1cc(Nc2ncnc3ccccc23)n[nH]1)Nc1ccccc1,CHEMBL215275,2.12,Lipophilicity,1,train
CCN(CCO)CCCOc1cc2ncnc(Nc3cc(CC(=O)Nc4cccc(F)c4F)[nH]n3)c2cc1OC,CCN(CCO)CCCOc1cc2ncnc(Nc3cc(CC(=O)Nc4cccc(F)c4F)[nH]n3)c2cc1OC,O=C(Cc1cc(Nc2ncnc3ccccc23)n[nH]1)Nc1ccccc1,CHEMBL214848,1.94,Lipophilicity,1,train
COc1cc2c(Nc3cc(CC(=O)Nc4cccc(F)c4F)[nH]n3)ncnc2cc1OCCCN(CCO)CC(C)C,COc1cc2c(Nc3cc(CC(=O)Nc4cccc(F)c4F)[nH]n3)ncnc2cc1OCCCN(CCO)CC(C)C,O=C(Cc1cc(Nc2ncnc3ccccc23)n[nH]1)Nc1ccccc1,CHEMBL216053,3.61,Lipophilicity,1,train
CC(O)(C(=O)c1ccccc1)c1ccccc1,CC(O)(C(=O)c1ccccc1)c1ccccc1,O=C(Cc1ccccc1)c1ccccc1,CHEMBL2137932,2.92,Lipophilicity,1,train
O=C(Cc1ccc(O)cc1)c1ccc(O)cc1O,O=C(Cc1ccc(O)cc1)c1ccc(O)cc1O,O=C(Cc1ccccc1)c1ccccc1,CHEMBL193200,2.54,Lipophilicity,1,train
O=C(Cc1ccccc1)c1ccc(O)cc1O,O=C(Cc1ccccc1)c1ccc(O)cc1O,O=C(Cc1ccccc1)c1ccccc1,CHEMBL1900501,3.09,Lipophilicity,1,train
O=C(c1ccc(F)cc1)C(O)c1ccc(F)cc1,O=C(c1ccc(F)cc1)C(O)c1ccc(F)cc1,O=C(Cc1ccccc1)c1ccccc1,CHEMBL244213,2.49,Lipophilicity,1,train
O=C(c1ccccc1)C(O)c1ccccc1,O=C(c1ccccc1)C(O)c1ccccc1,O=C(Cc1ccccc1)c1ccccc1,CHEMBL190677,2.13,Lipophilicity,1,train
CC(O)(C(=O)Nc1ccc(S(=O)(=O)c2ccc(F)cc2)cc1)C(F)(F)F,CC(O)(C(=O)Nc1ccc(S(=O)(=O)c2ccc(F)cc2)cc1)C(F)(F)F,O=S(=O)(c1ccccc1)c1ccccc1,CHEMBL336923,3.12,Lipophilicity,1,train
CC(O)(C(=O)Nc1ccc(S(=O)(=O)c2ccc(O)cc2)cc1)C(F)(F)F,CC(O)(C(=O)Nc1ccc(S(=O)(=O)c2ccc(O)cc2)cc1)C(F)(F)F,O=S(=O)(c1ccccc1)c1ccccc1,CHEMBL140453,2.78,Lipophilicity,1,train
CC(O)(C(=O)Nc1ccc(S(=O)(=O)c2ccccc2)cc1)C(F)(F)F,CC(O)(C(=O)Nc1ccc(S(=O)(=O)c2ccccc2)cc1)C(F)(F)F,O=S(=O)(c1ccccc1)c1ccccc1,CHEMBL143181,2.98,Lipophilicity,1,train
Cc1ccc(S(=O)(=O)c2ccccc2)cc1,Cc1ccc(S(=O)(=O)c2ccccc2)cc1,O=S(=O)(c1ccccc1)c1ccccc1,CHEMBL453261,2.74,Lipophilicity,1,train
Nc1ccc(S(=O)(=O)c2ccc(N)cc2)cc1,Nc1ccc(S(=O)(=O)c2ccc(N)cc2)cc1,O=S(=O)(c1ccccc1)c1ccccc1,CHEMBL1043,0.88,Lipophilicity,1,train
CC(CN1c2ccccc2Sc2ccccc21)N(C)C,CC(CN1c2ccccc2Sc2ccccc21)N(C)C,c1ccc2c(c1)Nc1ccccc1S2,CHEMBL643,2.67,Lipophilicity,1,train
CN(C)CCCN1c2ccccc2Sc2ccc(C(F)(F)F)cc21,CN(C)CCCN1c2ccccc2Sc2ccc(C(F)(F)F)cc21,c1ccc2c(c1)Nc1ccccc1S2,CHEMBL570,3.59,Lipophilicity,1,train
CN(C)CCCN1c2ccccc2Sc2ccc(Cl)cc21,CN(C)CCCN1c2ccccc2Sc2ccc(Cl)cc21,c1ccc2c(c1)Nc1ccccc1S2,CHEMBL71,3.37,Lipophilicity,1,train
CN(C)CCCN1c2ccccc2Sc2ccccc21,CN(C)CCCN1c2ccccc2Sc2ccccc21,c1ccc2c(c1)Nc1ccccc1S2,CHEMBL564,2.56,Lipophilicity,1,train
COc1ccc2c(c1)N(C[C@H](C)CN(C)C)c1ccccc1S2,COc1ccc2c(c1)N(CC(C)CN(C)C)c1ccccc1S2,c1ccc2c(c1)Nc1ccccc1S2,CHEMBL1764,2.99,Lipophilicity,1,train
COc1ccc(N2CCN(C(=O)[C@@H]3CCCC[C@H]3C(=O)NCC#N)CC2)cc1,COc1ccc(N2CCN(C(=O)C3CCCCC3C(=O)NCC#N)CC2)cc1,O=C(C1CCCCC1)N1CCN(c2ccccc2)CC1,CHEMBL2171986,1.6,Lipophilicity,1,train
CS(=O)(=O)c1ccc(N2CCN(C(=O)[C@@H]3CCCC[C@H]3C(=O)NCC#N)CC2)cc1,CS(=O)(=O)c1ccc(N2CCN(C(=O)C3CCCCC3C(=O)NCC#N)CC2)cc1,O=C(C1CCCCC1)N1CCN(c2ccccc2)CC1,CHEMBL2171990,0.67,Lipophilicity,1,train
N#CCNC(=O)[C@@H]1CCCC[C@H]1C(=O)N1CCN(c2ccc(C#N)cc2)CC1,N#CCNC(=O)C1CCCCC1C(=O)N1CCN(c2ccc(C#N)cc2)CC1,O=C(C1CCCCC1)N1CCN(c2ccccc2)CC1,CHEMBL2171989,1.79,Lipophilicity,1,train
N#CCNC(=O)[C@@H]1CCCC[C@H]1C(=O)N1CCN(c2ccc(F)cc2)CC1,N#CCNC(=O)C1CCCCC1C(=O)N1CCN(c2ccc(F)cc2)CC1,O=C(C1CCCCC1)N1CCN(c2ccccc2)CC1,CHEMBL2171984,1.92,Lipophilicity,1,train
N#CCNC(=O)[C@@H]1CCCC[C@H]1C(=O)N1CCN(c2ccccc2)CC1,N#CCNC(=O)C1CCCCC1C(=O)N1CCN(c2ccccc2)CC1,O=C(C1CCCCC1)N1CCN(c2ccccc2)CC1,CHEMBL2164676,1.75,Lipophilicity,1,train
CC(C(=O)O)c1cccc(Oc2ccccc2)c1,CC(C(=O)O)c1cccc(Oc2ccccc2)c1,c1ccc(Oc2ccccc2)cc1,CHEMBL1297,0.71,Lipophilicity,1,train
CCCCNc1cc(C(=O)O)cc(S(N)(=O)=O)c1Oc1ccccc1,CCCCNc1cc(C(=O)O)cc(S(N)(=O)=O)c1Oc1ccccc1,c1ccc(Oc2ccccc2)cc1,CHEMBL1072,-0.3,Lipophilicity,1,train
CCc1cc(O)c(Oc2ccc(C(N)=O)cc2F)cc1F,CCc1cc(O)c(Oc2ccc(C(N)=O)cc2F)cc1F,c1ccc(Oc2ccccc2)cc1,CHEMBL2178284,2.87,Lipophilicity,1,train
NC(Cc1cc(I)c(Oc2ccc(O)c(I)c2)c(I)c1)C(=O)O,NC(Cc1cc(I)c(Oc2ccc(O)c(I)c2)c(I)c1)C(=O)O,c1ccc(Oc2ccccc2)cc1,CHEMBL789,0.97,Lipophilicity,1,train
O=C(Cc1ccc(Oc2ccccc2)cc1)NO,O=C(Cc1ccc(Oc2ccccc2)cc1)NO,c1ccc(Oc2ccccc2)cc1,CHEMBL1880028,2.03,Lipophilicity,1,train
CCCCSc1nc(N)c2ncn(Cc3c(F)ccc(C)c3F)c2n1,CCCCSc1nc(N)c2ncn(Cc3c(F)ccc(C)c3F)c2n1,c1ccc(Cn2cnc3cncnc32)cc1,CHEMBL478240,3.0,Lipophilicity,1,train
CCN(CC)c1ncnc2c1ncn2Cc1c(Cl)cccc1Cl,CCN(CC)c1ncnc2c1ncn2Cc1c(Cl)cccc1Cl,c1ccc(Cn2cnc3cncnc32)cc1,CHEMBL1528704,1.25,Lipophilicity,1,train
COCCNc1nc(N)c2nc(O)n(Cc3ccccc3)c2n1,COCCNc1nc(N)c2nc(O)n(Cc3ccccc3)c2n1,c1ccc(Cn2cnc3cncnc32)cc1,CHEMBL206200,2.18,Lipophilicity,1,train
Cc1nc(N)c2nc(O)n(Cc3ccccc3)c2n1,Cc1nc(N)c2nc(O)n(Cc3ccccc3)c2n1,c1ccc(Cn2cnc3cncnc32)cc1,CHEMBL150245,2.04,Lipophilicity,1,train
Nc1ncnc2c1ncn2Cc1ccccc1,Nc1ncnc2c1ncn2Cc1ccccc1,c1ccc(Cn2cnc3cncnc32)cc1,CHEMBL266094,1.53,Lipophilicity,1,train
CC1(c2ccc(Cl)cc2)CCN(C(=O)COCc2ccncc2)CC1,CC1(c2ccc(Cl)cc2)CCN(C(=O)COCc2ccncc2)CC1,O=C(COCc1ccncc1)N1CCC(c2ccccc2)CC1,CHEMBL1289575,2.79,Lipophilicity,1,train
O=C(COCc1ccncc1)N1CCC(F)(c2ccc(Cl)cc2)CC1,O=C(COCc1ccncc1)N1CCC(F)(c2ccc(Cl)cc2)CC1,O=C(COCc1ccncc1)N1CCC(c2ccccc2)CC1,CHEMBL1289574,3.03,Lipophilicity,1,train
O=C(COCc1ccncc1)N1CCC(c2ccc(Cl)cc2)CC1,O=C(COCc1ccncc1)N1CCC(c2ccc(Cl)cc2)CC1,O=C(COCc1ccncc1)N1CCC(c2ccccc2)CC1,CHEMBL1289349,2.74,Lipophilicity,1,train
O=C(COCc1ccncc1)N1CCC(c2ccc(Cl)cc2Cl)CC1,O=C(COCc1ccncc1)N1CCC(c2ccc(Cl)cc2Cl)CC1,O=C(COCc1ccncc1)N1CCC(c2ccccc2)CC1,CHEMBL1289466,2.63,Lipophilicity,1,train
O=C(COCc1ccncc1)N1CCC(c2ccc(F)cc2Cl)CC1,O=C(COCc1ccncc1)N1CCC(c2ccc(F)cc2Cl)CC1,O=C(COCc1ccncc1)N1CCC(c2ccccc2)CC1,CHEMBL1289465,2.7,Lipophilicity,1,train
CC(Cc1cccc(CNCCc2c(Cl)cccc2Cl)c1)NC[C@H](O)c1ccc(O)c2[nH]c(=O)sc12,CC(Cc1cccc(CNCCc2c(Cl)cccc2Cl)c1)NCC(O)c1ccc(O)c2[nH]c(=O)sc12,O=c1[nH]c2cccc(CCNCCc3cccc(CNCCc4ccccc4)c3)c2s1,CHEMBL1945297,2.41,Lipophilicity,1,train
COc1ccccc1CCNCc1cccc(CCNC[C@H](O)c2ccc(O)c3[nH]c(=O)sc23)c1,COc1ccccc1CCNCc1cccc(CCNCC(O)c2ccc(O)c3[nH]c(=O)sc23)c1,O=c1[nH]c2cccc(CCNCCc3cccc(CNCCc4ccccc4)c3)c2s1,CHEMBL1944693,0.82,Lipophilicity,1,train
O=c1[nH]c2c(O)ccc([C@@H](O)CNCCc3cccc(CNCCc4c(Cl)cccc4Cl)c3)c2s1,O=c1[nH]c2c(O)ccc(C(O)CNCCc3cccc(CNCCc4c(Cl)cccc4Cl)c3)c2s1,O=c1[nH]c2cccc(CCNCCc3cccc(CNCCc4ccccc4)c3)c2s1,CHEMBL1947157,3.15,Lipophilicity,1,train
O=c1[nH]c2c(O)ccc([C@@H](O)CNCCc3cccc(CNCCc4ccccc4Cl)c3)c2s1,O=c1[nH]c2c(O)ccc(C(O)CNCCc3cccc(CNCCc4ccccc4Cl)c3)c2s1,O=c1[nH]c2cccc(CCNCCc3cccc(CNCCc4ccccc4)c3)c2s1,CHEMBL1944690,1.63,Lipophilicity,1,train
O=c1[nH]c2c(O)ccc([C@@H](O)CNCCc3cccc(CNCCc4ccccc4F)c3)c2s1,O=c1[nH]c2c(O)ccc(C(O)CNCCc3cccc(CNCCc4ccccc4F)c3)c2s1,O=c1[nH]c2cccc(CCNCCc3cccc(CNCCc4ccccc4)c3)c2s1,CHEMBL1944691,1.06,Lipophilicity,1,train
COc1cncc(NC(=O)c2cc(NC(=O)c3cccc(C(C)(C)C#N)c3)ccc2C)c1,COc1cncc(NC(=O)c2cc(NC(=O)c3cccc(C(C)(C)C#N)c3)ccc2C)c1,O=C(Nc1cccc(C(=O)Nc2cccnc2)c1)c1ccccc1,CHEMBL473622,3.04,Lipophilicity,1,train
Cc1ccc(NC(=O)c2ccc(Cl)c(C(F)(F)F)c2)cc1C(=O)Nc1cccnc1,Cc1ccc(NC(=O)c2ccc(Cl)c(C(F)(F)F)c2)cc1C(=O)Nc1cccnc1,O=C(Nc1cccc(C(=O)Nc2cccnc2)c1)c1ccccc1,CHEMBL475865,2.83,Lipophilicity,1,train
Cc1ccc(NC(=O)c2cccc(N(C)C)c2)cc1C(=O)Nc1cccnc1,Cc1ccc(NC(=O)c2cccc(N(C)C)c2)cc1C(=O)Nc1cccnc1,O=C(Nc1cccc(C(=O)Nc2cccnc2)c1)c1ccccc1,CHEMBL480200,3.01,Lipophilicity,1,train
Cc1ccc(NC(=O)c2cccc(OCC(C)C)c2)cc1C(=O)Nc1cccnc1,Cc1ccc(NC(=O)c2cccc(OCC(C)C)c2)cc1C(=O)Nc1cccnc1,O=C(Nc1cccc(C(=O)Nc2cccnc2)c1)c1ccccc1,CHEMBL520252,2.81,Lipophilicity,1,train
Nc1ncc(NC(=O)c2cc(NC(=O)c3cccc(C(F)(F)F)c3)ccc2Cl)cc1Cl,Nc1ncc(NC(=O)c2cc(NC(=O)c3cccc(C(F)(F)F)c3)ccc2Cl)cc1Cl,O=C(Nc1cccc(C(=O)Nc2cccnc2)c1)c1ccccc1,CHEMBL475817,3.26,Lipophilicity,1,train
CC(=O)N1CCOc2cc(COc3ccccc3)cnc21,CC(=O)N1CCOc2cc(COc3ccccc3)cnc21,c1ccc(OCc2cnc3c(c2)OCCN3)cc1,CHEMBL1682834,2.8,Lipophilicity,1,train
CCN1CCOc2cc(COc3ccccc3)cnc21,CCN1CCOc2cc(COc3ccccc3)cnc21,c1ccc(OCc2cnc3c(c2)OCCN3)cc1,CHEMBL1682830,3.7,Lipophilicity,1,train
CN1CCOc2cc(COc3ccccc3)cnc21,CN1CCOc2cc(COc3ccccc3)cnc21,c1ccc(OCc2cnc3c(c2)OCCN3)cc1,CHEMBL1681799,3.3,Lipophilicity,1,train
COC(=O)N1CCOc2cc(COc3ccccc3)cnc21,COC(=O)N1CCOc2cc(COc3ccccc3)cnc21,c1ccc(OCc2cnc3c(c2)OCCN3)cc1,CHEMBL1682832,2.5,Lipophilicity,1,train
CS(=O)(=O)N1CCOc2cc(COc3ccccc3)cnc21,CS(=O)(=O)N1CCOc2cc(COc3ccccc3)cnc21,c1ccc(OCc2cnc3c(c2)OCCN3)cc1,CHEMBL1682833,2.4,Lipophilicity,1,train
CN[C@@H](C)C(=O)N[C@H](C(=O)N(C)[C@H]1CCCN(CCc2ccccc2)C1)C1CCCCC1,CNC(C)C(=O)NC(C(=O)N(C)C1CCCN(CCc2ccccc2)C1)C1CCCCC1,O=C(CC1CCCCC1)NC1CCCN(CCc2ccccc2)C1,CHEMBL1950843,2.34,Lipophilicity,1,train
CN[C@@H](C)C(=O)N[C@H](C(=O)N[C@H]1CCCN(CCc2ccc(F)cc2)C1)C1CCCCC1,CNC(C)C(=O)NC(C(=O)NC1CCCN(CCc2ccc(F)cc2)C1)C1CCCCC1,O=C(CC1CCCCC1)NC1CCCN(CCc2ccccc2)C1,CHEMBL1950850,2.39,Lipophilicity,1,train
CN[C@@H](C)C(=O)N[C@H](C(=O)N[C@H]1CCCN(CCc2cccc(F)c2)C1)C1CCCCC1,CNC(C)C(=O)NC(C(=O)NC1CCCN(CCc2cccc(F)c2)C1)C1CCCCC1,O=C(CC1CCCCC1)NC1CCCN(CCc2ccccc2)C1,CHEMBL1950849,2.64,Lipophilicity,1,train
CN[C@@H](C)C(=O)N[C@H](C(=O)N[C@H]1CCCN(CCc2ccccc2)C1)C1CCCCC1,CNC(C)C(=O)NC(C(=O)NC1CCCN(CCc2ccccc2)C1)C1CCCCC1,O=C(CC1CCCCC1)NC1CCCN(CCc2ccccc2)C1,CHEMBL1949685,1.65,Lipophilicity,1,train
CN[C@@H](C)C(=O)N[C@H](C(=O)N[C@H]1CCCN(CCc2ccccc2F)C1)C1CCCCC1,CNC(C)C(=O)NC(C(=O)NC1CCCN(CCc2ccccc2F)C1)C1CCCCC1,O=C(CC1CCCCC1)NC1CCCN(CCc2ccccc2)C1,CHEMBL1950848,2.51,Lipophilicity,1,train
CC(C(=O)O)c1ccc2oc(-c3ccc(Cl)cc3)nc2c1,CC(C(=O)O)c1ccc2oc(-c3ccc(Cl)cc3)nc2c1,c1ccc(-c2nc3ccccc3o2)cc1,CHEMBL340978,1.3,Lipophilicity,1,train
N#Cc1cc(O)cc2nc(-c3ccc(O)cc3)oc12,N#Cc1cc(O)cc2nc(-c3ccc(O)cc3)oc12,c1ccc(-c2nc3ccccc3o2)cc1,CHEMBL186513,3.6,Lipophilicity,1,train
NC(=O)c1cc(O)cc2nc(-c3ccc(O)cc3)oc12,NC(=O)c1cc(O)cc2nc(-c3ccc(O)cc3)oc12,c1ccc(-c2nc3ccccc3o2)cc1,CHEMBL365903,2.3,Lipophilicity,1,train
Oc1ccc(-c2nc3cc(O)ccc3o2)cc1,Oc1ccc(-c2nc3cc(O)ccc3o2)cc1,c1ccc(-c2nc3ccccc3o2)cc1,CHEMBL187392,3.4,Lipophilicity,1,train
Oc1ccc(-c2nc3ccc(O)cc3o2)cc1,Oc1ccc(-c2nc3ccc(O)cc3o2)cc1,c1ccc(-c2nc3ccccc3o2)cc1,CHEMBL187673,3.3,Lipophilicity,1,train
CNC(=O)c1ccc(-c2cc(C(=O)N[C@H]3CCCNC3)c(NC(N)=O)s2)cc1,CNC(=O)c1ccc(-c2cc(C(=O)NC3CCCNC3)c(NC(N)=O)s2)cc1,O=C(NC1CCCNC1)c1csc(-c2ccccc2)c1,CHEMBL487622,0.7,Lipophilicity,1,train
CS(=O)(=O)c1ccc(-c2cc(C(=O)N[C@H]3CCCNC3)c(NC(N)=O)s2)cc1,CS(=O)(=O)c1ccc(-c2cc(C(=O)NC3CCCNC3)c(NC(N)=O)s2)cc1,O=C(NC1CCCNC1)c1csc(-c2ccccc2)c1,CHEMBL520902,0.68,Lipophilicity,1,train
NC(=O)Nc1sc(-c2cc(F)cc(F)c2)cc1C(=O)N[C@H]1CCCNC1,NC(=O)Nc1sc(-c2cc(F)cc(F)c2)cc1C(=O)NC1CCCNC1,O=C(NC1CCCNC1)c1csc(-c2ccccc2)c1,CHEMBL2078812,2.18,Lipophilicity,1,train
NC(=O)Nc1sc(-c2ccc(F)cc2)cc1C(=O)N[C@H]1CCCNC1,NC(=O)Nc1sc(-c2ccc(F)cc2)cc1C(=O)NC1CCCNC1,O=C(NC1CCCNC1)c1csc(-c2ccccc2)c1,CHEMBL516784,1.76,Lipophilicity,1,train
NC(=O)Nc1sc(-c2ccccc2)cc1C(=O)N[C@H]1CCCNC1,NC(=O)Nc1sc(-c2ccccc2)cc1C(=O)NC1CCCNC1,O=C(NC1CCCNC1)c1csc(-c2ccccc2)c1,CHEMBL487273,1.27,Lipophilicity,1,train
C[C@@H](NC(=O)c1cccnc1Oc1ccccc1)c1ccccc1,CC(NC(=O)c1cccnc1Oc1ccccc1)c1ccccc1,O=C(NCc1ccccc1)c1cccnc1Oc1ccccc1,CHEMBL188369,3.0250000000000004,Lipophilicity,2,train
COc1ccc(OC)c(CNC(=O)c2cccnc2Oc2ccccc2)c1,COc1ccc(OC)c(CNC(=O)c2cccnc2Oc2ccccc2)c1,O=C(NCc1ccccc1)c1cccnc1Oc1ccccc1,CHEMBL190747,3.52,Lipophilicity,1,train
COc1ccc(Oc2ncccc2C(=O)NCc2ccccc2Cl)cc1,COc1ccc(Oc2ncccc2C(=O)NCc2ccccc2Cl)cc1,O=C(NCc1ccccc1)c1cccnc1Oc1ccccc1,CHEMBL188504,3.59,Lipophilicity,1,train
O=C(NCc1ccccc1)c1cccnc1Oc1ccccc1,O=C(NCc1ccccc1)c1cccnc1Oc1ccccc1,O=C(NCc1ccccc1)c1cccnc1Oc1ccccc1,CHEMBL168418,3.0,Lipophilicity,1,train
O=C(NCc1ccccc1Cl)c1cccnc1Oc1ccccc1,O=C(NCc1ccccc1Cl)c1cccnc1Oc1ccccc1,O=C(NCc1ccccc1)c1cccnc1Oc1ccccc1,CHEMBL186995,3.68,Lipophilicity,1,train
CC(=O)Nc1cccc2c1c(S(=O)(=O)c1ccc(Cl)cc1)c(C)n2CC(=O)O,CC(=O)Nc1cccc2c1c(S(=O)(=O)c1ccc(Cl)cc1)c(C)n2CC(=O)O,O=S(=O)(c1ccccc1)c1c[nH]c2ccccc12,CHEMBL1917449,0.4,Lipophilicity,1,train
COc1cccc(S(=O)(=O)c2c(C)n(CC(=O)O)c3ccc(C)cc23)c1,COc1cccc(S(=O)(=O)c2c(C)n(CC(=O)O)c3ccc(C)cc23)c1,O=S(=O)(c1ccccc1)c1c[nH]c2ccccc12,CHEMBL1917448,-0.42,Lipophilicity,1,train
Cc1c(S(=O)(=O)c2ccc(Cl)cc2)c2c(NS(C)(=O)=O)cccc2n1CC(=O)O,Cc1c(S(=O)(=O)c2ccc(Cl)cc2)c2c(NS(C)(=O)=O)cccc2n1CC(=O)O,O=S(=O)(c1ccccc1)c1c[nH]c2ccccc12,CHEMBL1917450,-0.83,Lipophilicity,1,train
Cc1c(S(=O)(=O)c2ccc(Cl)cc2)c2cc(F)ccc2n1CC(=O)O,Cc1c(S(=O)(=O)c2ccc(Cl)cc2)c2cc(F)ccc2n1CC(=O)O,O=S(=O)(c1ccccc1)c1c[nH]c2ccccc12,CHEMBL1917447,-0.16,Lipophilicity,1,train
Cc1ccc2c(c1)c(S(=O)(=O)c1ccc(Cl)cc1)c(C)n2CC(=O)O,Cc1ccc2c(c1)c(S(=O)(=O)c1ccc(Cl)cc1)c(C)n2CC(=O)O,O=S(=O)(c1ccccc1)c1c[nH]c2ccccc12,CHEMBL1917446,0.06,Lipophilicity,1,train
CN1CCN(CCCN2c3ccccc3Sc3ccc(C(F)(F)F)cc32)CC1,CN1CCN(CCCN2c3ccccc3Sc3ccc(C(F)(F)F)cc32)CC1,c1ccc2c(c1)Sc1ccccc1N2CCCN1CCNCC1,CHEMBL422,4.31,Lipophilicity,1,train
CN1CCN(CCCN2c3ccccc3Sc3ccc(Cl)cc32)CC1,CN1CCN(CCCN2c3ccccc3Sc3ccc(Cl)cc32)CC1,c1ccc2c(c1)Sc1ccccc1N2CCCN1CCNCC1,CHEMBL728,3.92,Lipophilicity,1,train
NCCCC(=O)OCCN1CCN(CCCN2c3ccccc3Sc3ccc(Cl)cc32)CC1,NCCCC(=O)OCCN1CCN(CCCN2c3ccccc3Sc3ccc(Cl)cc32)CC1,c1ccc2c(c1)Sc1ccccc1N2CCCN1CCNCC1,CHEMBL1187646,1.5,Lipophilicity,1,train
OCCN1CCN(CCCN2c3ccccc3Sc3ccc(C(F)(F)F)cc32)CC1,OCCN1CCN(CCCN2c3ccccc3Sc3ccc(C(F)(F)F)cc32)CC1,c1ccc2c(c1)Sc1ccccc1N2CCCN1CCNCC1,CHEMBL726,3.8,Lipophilicity,1,train
OCCN1CCN(CCCN2c3ccccc3Sc3ccc(Cl)cc32)CC1,OCCN1CCN(CCCN2c3ccccc3Sc3ccc(Cl)cc32)CC1,c1ccc2c(c1)Sc1ccccc1N2CCCN1CCNCC1,CHEMBL567,3.6,Lipophilicity,1,train
Cc1sc(N)nc1-c1ccccc1,Cc1sc(N)nc1-c1ccccc1,c1ccc(-c2cscn2)cc1,CHEMBL172066,2.75,Lipophilicity,1,train
NC(=O)Cc1nc(-c2ccccc2)cs1,NC(=O)Cc1nc(-c2ccccc2)cs1,c1ccc(-c2cscn2)cc1,CHEMBL1519921,1.3,Lipophilicity,1,train
Nc1nc(-c2ccc(Cl)cc2)cs1,Nc1nc(-c2ccc(Cl)cc2)cs1,c1ccc(-c2cscn2)cc1,CHEMBL1650273,3.31,Lipophilicity,1,train
Nc1nc(-c2ccccc2)cs1,Nc1nc(-c2ccccc2)cs1,c1ccc(-c2cscn2)cc1,CHEMBL175296,2.43,Lipophilicity,1,train
O=C(O)CSCC(=O)Nc1nc(-c2ccc(F)cc2)cs1,O=C(O)CSCC(=O)Nc1nc(-c2ccc(F)cc2)cs1,c1ccc(-c2cscn2)cc1,CHEMBL2023265,-0.2,Lipophilicity,1,train
CC(C)(C)OC(=O)N1CCN(c2ncc(OCc3ccc(S(C)(=O)=O)cc3)cn2)CC1,CC(C)(C)OC(=O)N1CCN(c2ncc(OCc3ccc(S(C)(=O)=O)cc3)cn2)CC1,c1ccc(COc2cnc(N3CCNCC3)nc2)cc1,CHEMBL2086650,3.27,Lipophilicity,1,train
C[C@@H]1CN(C(=O)OC(C)(C)C)CCN1c1ncc(OCc2ccc(C#N)cc2)cn1,CC1CN(C(=O)OC(C)(C)C)CCN1c1ncc(OCc2ccc(C#N)cc2)cn1,c1ccc(COc2cnc(N3CCNCC3)nc2)cc1,CHEMBL2086670,2.89,Lipophilicity,1,train
C[C@@H]1CN(C(=O)OC(C)(C)C)CCN1c1ncc(OCc2ccc(S(C)(=O)=O)cc2)cn1,CC1CN(C(=O)OC(C)(C)C)CCN1c1ncc(OCc2ccc(S(C)(=O)=O)cc2)cn1,c1ccc(COc2cnc(N3CCNCC3)nc2)cc1,CHEMBL2086660,3.55,Lipophilicity,2,train
C[C@@H]1CN(C(=O)OC(C)(C)C)CCN1c1ncc(OCc2ccc(S(C)(=O)=O)cc2C#N)cn1,CC1CN(C(=O)OC(C)(C)C)CCN1c1ncc(OCc2ccc(S(C)(=O)=O)cc2C#N)cn1,c1ccc(COc2cnc(N3CCNCC3)nc2)cc1,CHEMBL2086673,3.3,Lipophilicity,1,train
C[C@@H]1CN(C(=O)OC(C)(C)C)CCN1c1ncc(OCc2ccc(S(C)(=O)=O)cc2F)cn1,CC1CN(C(=O)OC(C)(C)C)CCN1c1ncc(OCc2ccc(S(C)(=O)=O)cc2F)cn1,c1ccc(COc2cnc(N3CCNCC3)nc2)cc1,CHEMBL2086672,3.7,Lipophilicity,1,train
CN1CCN(c2cc3c(Nc4ccc(F)cc4F)c(C(N)=O)cnc3cc2F)CC1,CN1CCN(c2cc3c(Nc4ccc(F)cc4F)c(C(N)=O)cnc3cc2F)CC1,c1ccc(Nc2ccnc3ccc(N4CCNCC4)cc23)cc1,CHEMBL481596,2.63,Lipophilicity,1,train
CN1CCN(c2ccc3ncc(C(N)=O)c(Nc4ccc(Cl)cc4Cl)c3c2)CC1,CN1CCN(c2ccc3ncc(C(N)=O)c(Nc4ccc(Cl)cc4Cl)c3c2)CC1,c1ccc(Nc2ccnc3ccc(N4CCNCC4)cc23)cc1,CHEMBL521407,3.23,Lipophilicity,1,train
CN1CCN(c2ccc3ncc(C(N)=O)c(Nc4ccc(F)cc4F)c3c2)CC1,CN1CCN(c2ccc3ncc(C(N)=O)c(Nc4ccc(F)cc4F)c3c2)CC1,c1ccc(Nc2ccnc3ccc(N4CCNCC4)cc23)cc1,CHEMBL481400,2.3,Lipophilicity,1,train
COCCOc1cc2ncc(C(N)=O)c(Nc3ccc(C)cc3F)c2cc1N1CCN(C)CC1,COCCOc1cc2ncc(C(N)=O)c(Nc3ccc(C)cc3F)c2cc1N1CCN(C)CC1,c1ccc(Nc2ccnc3ccc(N4CCNCC4)cc23)cc1,CHEMBL481205,2.24,Lipophilicity,1,train
COc1cc2ncc(C(N)=O)c(Nc3ccc(F)cc3F)c2cc1N1CCN(C)CC1,COc1cc2ncc(C(N)=O)c(Nc3ccc(F)cc3F)c2cc1N1CCN(C)CC1,c1ccc(Nc2ccnc3ccc(N4CCNCC4)cc23)cc1,CHEMBL480445,2.18,Lipophilicity,1,train
Cc1c(Cl)ccc(OC2CCN(C3CCN(C(=O)c4cccc(S(C)(=O)=O)c4)CC3)CC2)c1Cl,Cc1c(Cl)ccc(OC2CCN(C3CCN(C(=O)c4cccc(S(C)(=O)=O)c4)CC3)CC2)c1Cl,O=C(c1ccccc1)N1CCC(N2CCC(Oc3ccccc3)CC2)CC1,CHEMBL2171021,3.33,Lipophilicity,1,train
O=C(O)CCCS(=O)(=O)c1cccc(C(=O)N2CCC(N3CCC(Oc4ccc(Cl)c(Cl)c4)CC3)CC2)c1,O=C(O)CCCS(=O)(=O)c1cccc(C(=O)N2CCC(N3CCC(Oc4ccc(Cl)c(Cl)c4)CC3)CC2)c1,O=C(c1ccccc1)N1CCC(N2CCC(Oc3ccccc3)CC2)CC1,CHEMBL2171027,0.66,Lipophilicity,1,train
O=C(O)COc1cccc(C(=O)N2CCC(N3CCC(Oc4ccc(Cl)c(Cl)c4)CC3)CC2)c1,O=C(O)COc1cccc(C(=O)N2CCC(N3CCC(Oc4ccc(Cl)c(Cl)c4)CC3)CC2)c1,O=C(c1ccccc1)N1CCC(N2CCC(Oc3ccccc3)CC2)CC1,CHEMBL2171022,1.09,Lipophilicity,1,train
O=C(O)c1cccc(C(=O)N2CCC(N3CCC(Oc4ccc(Cl)c(Cl)c4)CC3)CC2)c1,O=C(O)c1cccc(C(=O)N2CCC(N3CCC(Oc4ccc(Cl)c(Cl)c4)CC3)CC2)c1,O=C(c1ccccc1)N1CCC(N2CCC(Oc3ccccc3)CC2)CC1,CHEMBL2171024,1.23,Lipophilicity,1,train
O=C(O)c1ccccc1C(=O)N1CCC(N2CCC(Oc3ccc(Cl)c(Cl)c3)CC2)CC1,O=C(O)c1ccccc1C(=O)N1CCC(N2CCC(Oc3ccc(Cl)c(Cl)c3)CC2)CC1,O=C(c1ccccc1)N1CCC(N2CCC(Oc3ccccc3)CC2)CC1,CHEMBL2171023,1.73,Lipophilicity,1,train
CCN(CC)C(=O)Cc1csc(NS(=O)(=O)c2cccc(Cl)c2C)n1,CCN(CC)C(=O)Cc1csc(NS(=O)(=O)c2cccc(Cl)c2C)n1,O=S(=O)(Nc1nccs1)c1ccccc1,CHEMBL341324,1.67,Lipophilicity,1,train
CCOC(=O)Cc1csc(NS(=O)(=O)c2ccc(Cl)cc2)n1,CCOC(=O)Cc1csc(NS(=O)(=O)c2ccc(Cl)cc2)n1,O=S(=O)(Nc1nccs1)c1ccccc1,CHEMBL1454596,1.32,Lipophilicity,1,train
Nc1ccc(S(=O)(=O)Nc2nccs2)cc1,Nc1ccc(S(=O)(=O)Nc2nccs2)cc1,O=S(=O)(Nc1nccs1)c1ccccc1,CHEMBL437,-0.37,Lipophilicity,1,train
O=S(=O)(Nc1nccs1)c1cc(Cl)ccc1Cl,O=S(=O)(Nc1nccs1)c1cc(Cl)ccc1Cl,O=S(=O)(Nc1nccs1)c1ccccc1,CHEMBL294209,1.14,Lipophilicity,1,train
O=S(=O)(Nc1nccs1)c1ccc(O)cc1,O=S(=O)(Nc1nccs1)c1ccc(O)cc1,O=S(=O)(Nc1nccs1)c1ccccc1,CHEMBL26894,0.36,Lipophilicity,1,train
CN1CCC(n2cc(-c3cnc(N)c(-c4nc5ccc(F)cc5o4)c3)cn2)CC1,CN1CCC(n2cc(-c3cnc(N)c(-c4nc5ccc(F)cc5o4)c3)cn2)CC1,c1ccc2oc(-c3cncc(-c4cnn(C5CCNCC5)c4)c3)nc2c1,CHEMBL2078754,3.35,Lipophilicity,1,train
COCC(=O)N1CCC(n2cc(-c3cnc(N)c(-c4nc5ccccc5o4)c3)cn2)CC1,COCC(=O)N1CCC(n2cc(-c3cnc(N)c(-c4nc5ccccc5o4)c3)cn2)CC1,c1ccc2oc(-c3cncc(-c4cnn(C5CCNCC5)c4)c3)nc2c1,CHEMBL1199945,3.4,Lipophilicity,1,train
Cc1nn(C2CCN(C)CC2)cc1-c1cnc(N)c(-c2nc3ccccc3o2)c1,Cc1nn(C2CCN(C)CC2)cc1-c1cnc(N)c(-c2nc3ccccc3o2)c1,c1ccc2oc(-c3cncc(-c4cnn(C5CCNCC5)c4)c3)nc2c1,CHEMBL2023350,3.4,Lipophilicity,1,train
Nc1ncc(-c2cnn(C3CCN(C(=O)CO)CC3)c2)cc1-c1nc2ccccc2o1,Nc1ncc(-c2cnn(C3CCN(C(=O)CO)CC3)c2)cc1-c1nc2ccccc2o1,c1ccc2oc(-c3cncc(-c4cnn(C5CCNCC5)c4)c3)nc2c1,CHEMBL1200147,3.2,Lipophilicity,1,train
Nc1ncc(-c2cnn(C3CCNCC3)c2)cc1-c1nc2ccccc2o1,Nc1ncc(-c2cnn(C3CCNCC3)c2)cc1-c1nc2ccccc2o1,c1ccc2oc(-c3cncc(-c4cnn(C5CCNCC5)c4)c3)nc2c1,CHEMBL1199988,1.85,Lipophilicity,1,train
COc1ccc(-c2cc(O)nc(N)n2)cc1,COc1ccc(-c2cc(O)nc(N)n2)cc1,c1ccc(-c2ccncn2)cc1,CHEMBL2022881,1.52,Lipophilicity,1,train
COc1ccc(-c2ccnc(N)n2)cc1,COc1ccc(-c2ccnc(N)n2)cc1,c1ccc(-c2ccncn2)cc1,CHEMBL2023704,2.08,Lipophilicity,1,train
Nc1cc(-c2ccccc2)ncn1,Nc1cc(-c2ccccc2)ncn1,c1ccc(-c2ccncn2)cc1,CHEMBL1770733,1.91,Lipophilicity,1,train
Nc1nc(O)cc(-c2ccc(O)cc2)n1,Nc1nc(O)cc(-c2ccc(O)cc2)n1,c1ccc(-c2ccncn2)cc1,CHEMBL2205493,1.05,Lipophilicity,1,train
Nc1nccc(-c2ccccc2)n1,Nc1nccc(-c2ccccc2)n1,c1ccc(-c2ccncn2)cc1,CHEMBL1834385,2.0,Lipophilicity,1,train
CC(C)C(NC(=O)Cn1c(-c2cc(F)cc(F)c2)ncc(N)c1=O)C(=O)C(F)(F)F,CC(C)C(NC(=O)Cn1c(-c2cc(F)cc(F)c2)ncc(N)c1=O)C(=O)C(F)(F)F,O=c1ccnc(-c2ccccc2)[nH]1,CHEMBL262956,1.38,Lipophilicity,1,train
CC(C)C(NC(=O)Cn1c(-c2ccc(F)cc2)ncc(N)c1=O)C(=O)C(F)(F)F,CC(C)C(NC(=O)Cn1c(-c2ccc(F)cc2)ncc(N)c1=O)C(=O)C(F)(F)F,O=c1ccnc(-c2ccccc2)[nH]1,CHEMBL428848,1.05,Lipophilicity,1,train
CC(C)C(NC(=O)Cn1c(-c2ccccc2)ncc(NC(=O)OCC(F)(F)F)c1=O)C(=O)C(F)(F)F,CC(C)C(NC(=O)Cn1c(-c2ccccc2)ncc(NC(=O)OCC(F)(F)F)c1=O)C(=O)C(F)(F)F,O=c1ccnc(-c2ccccc2)[nH]1,CHEMBL273449,2.37,Lipophilicity,1,train
CNc1cnc(-c2ccc(F)cc2)n(CC(=O)NC(C(=O)C(F)(F)F)C(C)C)c1=O,CNc1cnc(-c2ccc(F)cc2)n(CC(=O)NC(C(=O)C(F)(F)F)C(C)C)c1=O,O=c1ccnc(-c2ccccc2)[nH]1,CHEMBL274567,1.86,Lipophilicity,1,train
COC(=O)Nc1cnc(-c2ccc(F)cc2)n(CC(=O)NC(C(=O)C(F)(F)F)C(C)C)c1=O,COC(=O)Nc1cnc(-c2ccc(F)cc2)n(CC(=O)NC(C(=O)C(F)(F)F)C(C)C)c1=O,O=c1ccnc(-c2ccccc2)[nH]1,CHEMBL11336,1.82,Lipophilicity,1,train
Brc1cnc(NCc2ccccc2)nc1Nc1cc(C2CC2)[nH]n1,Brc1cnc(NCc2ccccc2)nc1Nc1cc(C2CC2)[nH]n1,c1ccc(CNc2nccc(Nc3cc(C4CC4)[nH]n3)n2)cc1,CHEMBL496483,4.11,Lipophilicity,1,train
C[C@H](Nc1nc(NC[C@@H](O)CO)c(Cl)c(Nc2cc(C3CC3)[nH]n2)n1)c1ccc(F)cc1,CC(Nc1nc(NCC(O)CO)c(Cl)c(Nc2cc(C3CC3)[nH]n2)n1)c1ccc(F)cc1,c1ccc(CNc2nccc(Nc3cc(C4CC4)[nH]n3)n2)cc1,CHEMBL456801,3.39,Lipophilicity,1,train
CNC(=O)C[C@H](Nc1ncc(Cl)c(Nc2cc(C3CC3)[nH]n2)n1)c1ccc(F)cc1,CNC(=O)CC(Nc1ncc(Cl)c(Nc2cc(C3CC3)[nH]n2)n1)c1ccc(F)cc1,c1ccc(CNc2nccc(Nc3cc(C4CC4)[nH]n3)n2)cc1,CHEMBL456985,2.23,Lipophilicity,1,train
Fc1ccc(CNc2ncc(Br)c(Nc3cc(C4CC4)[nH]n3)n2)cc1,Fc1ccc(CNc2ncc(Br)c(Nc3cc(C4CC4)[nH]n3)n2)cc1,c1ccc(CNc2nccc(Nc3cc(C4CC4)[nH]n3)n2)cc1,CHEMBL517943,4.28,Lipophilicity,1,train
OC[C@H](Nc1ncc(Cl)c(Nc2cc(C3CC3)[nH]n2)n1)c1ccc(F)cc1,OCC(Nc1ncc(Cl)c(Nc2cc(C3CC3)[nH]n2)n1)c1ccc(F)cc1,c1ccc(CNc2nccc(Nc3cc(C4CC4)[nH]n3)n2)cc1,CHEMBL514257,3.75,Lipophilicity,1,train
COc1ccc(-c2cc(N)n3ncc(C#N)c3n2)cc1,COc1ccc(-c2cc(N)n3ncc(C#N)c3n2)cc1,c1ccc(-c2ccn3nccc3n2)cc1,CHEMBL2062557,2.42,Lipophilicity,1,train
N#Cc1cnn2c(N)cc(-c3ccc(F)cc3)nc12,N#Cc1cnn2c(N)cc(-c3ccc(F)cc3)nc12,c1ccc(-c2ccn3nccc3n2)cc1,CHEMBL2062558,2.23,Lipophilicity,1,train
N#Cc1cnn2c(N)cc(-c3ccccc3)nc12,N#Cc1cnn2c(N)cc(-c3ccccc3)nc12,c1ccc(-c2ccn3nccc3n2)cc1,CHEMBL2062556,2.48,Lipophilicity,1,train
Oc1cc(-c2ccccc2)nc2ccnn12,Oc1cc(-c2ccccc2)nc2ccnn12,c1ccc(-c2ccn3nccc3n2)cc1,CHEMBL346528,1.3,Lipophilicity,1,train
COc1cc(Nc2cc(Oc3ccc(C)nc3)ccn2)cc(OC)c1OC,COc1cc(Nc2cc(Oc3ccc(C)nc3)ccn2)cc(OC)c1OC,c1ccc(Nc2cc(Oc3cccnc3)ccn2)cc1,CHEMBL573735,3.21,Lipophilicity,1,train
COc1cc(Nc2cc(Oc3cccnc3)ccn2)cc(OC)c1OC,COc1cc(Nc2cc(Oc3cccnc3)ccn2)cc(OC)c1OC,c1ccc(Nc2cc(Oc3cccnc3)ccn2)cc1,CHEMBL574621,2.66,Lipophilicity,1,train
COc1cc(Nc2cc(Oc3cccnc3C)ccn2)cc(OC)c1OC,COc1cc(Nc2cc(Oc3cccnc3C)ccn2)cc(OC)c1OC,c1ccc(Nc2cc(Oc3cccnc3)ccn2)cc1,CHEMBL572823,3.19,Lipophilicity,1,train
Cc1ccc(Oc2ccnc(Nc3ccc(S(N)(=O)=O)cc3)c2)c(C)n1,Cc1ccc(Oc2ccnc(Nc3ccc(S(N)(=O)=O)cc3)c2)c(C)n1,c1ccc(Nc2cc(Oc3cccnc3)ccn2)cc1,CHEMBL585367,2.47,Lipophilicity,1,train
CNC(=O)[C@H]1CCCN1Cc1cc2c(Nc3cccc(Cl)c3F)ncnc2cc1OC,CNC(=O)C1CCCN1Cc1cc2c(Nc3cccc(Cl)c3F)ncnc2cc1OC,c1ccc(Nc2ncnc3ccc(CN4CCCC4)cc23)cc1,CHEMBL383760,3.65,Lipophilicity,1,train
COc1cc2ncnc(Nc3cccc(Cl)c3F)c2cc1CN1C[C@H](OC)C[C@@H]1C(N)=O,COc1cc2ncnc(Nc3cccc(Cl)c3F)c2cc1CN1CC(OC)CC1C(N)=O,c1ccc(Nc2ncnc3ccc(CN4CCCC4)cc23)cc1,CHEMBL207235,3.09,Lipophilicity,1,train
COc1cc2ncnc(Nc3cccc(Cl)c3F)c2cc1CN1CCC[C@@H]1C(N)=O,COc1cc2ncnc(Nc3cccc(Cl)c3F)c2cc1CN1CCCC1C(N)=O,c1ccc(Nc2ncnc3ccc(CN4CCCC4)cc23)cc1,CHEMBL208292,3.58,Lipophilicity,2,train
COc1cc2ncnc(Nc3cccc(Cl)c3F)c2cc1CN1CCC[C@H]1CC(N)=O,COc1cc2ncnc(Nc3cccc(Cl)c3F)c2cc1CN1CCCC1CC(N)=O,c1ccc(Nc2ncnc3ccc(CN4CCCC4)cc23)cc1,CHEMBL377772,2.64,Lipophilicity,1,train
Cc1cc(Cl)ccc1N1CCN(C(=O)COCc2ccncc2)CC1,Cc1cc(Cl)ccc1N1CCN(C(=O)COCc2ccncc2)CC1,O=C(COCc1ccncc1)N1CCN(c2ccccc2)CC1,CHEMBL1289232,3.22,Lipophilicity,1,train
O=C(COCc1ccncc1)N1CCN(c2ccc(Cl)cc2Cl)CC1,O=C(COCc1ccncc1)N1CCN(c2ccc(Cl)cc2Cl)CC1,O=C(COCc1ccncc1)N1CCN(c2ccccc2)CC1,CHEMBL1289233,3.38,Lipophilicity,1,train
O=C(COCc1ccncc1)N1CCN(c2ccc(Cl)cc2F)CC1,O=C(COCc1ccncc1)N1CCN(c2ccc(Cl)cc2F)CC1,O=C(COCc1ccncc1)N1CCN(c2ccccc2)CC1,CHEMBL1289114,2.55,Lipophilicity,1,train
O=C(COCc1ccncc1)N1CCN(c2ccc(F)cc2Cl)CC1,O=C(COCc1ccncc1)N1CCN(c2ccc(F)cc2Cl)CC1,O=C(COCc1ccncc1)N1CCN(c2ccccc2)CC1,CHEMBL1289113,2.63,Lipophilicity,1,train
Cc1cc(NC(=O)c2nnc(Nc3ccccc3F)o2)ccc1N1CCOCC1,Cc1cc(NC(=O)c2nnc(Nc3ccccc3F)o2)ccc1N1CCOCC1,O=C(Nc1ccc(N2CCOCC2)cc1)c1nnc(Nc2ccccc2)o1,CHEMBL2036569,4.0,Lipophilicity,1,train
O=C(Nc1ccc(N2CCOCC2)c(F)c1)c1nnc(Nc2ccccc2F)o1,O=C(Nc1ccc(N2CCOCC2)c(F)c1)c1nnc(Nc2ccccc2F)o1,O=C(Nc1ccc(N2CCOCC2)cc1)c1nnc(Nc2ccccc2)o1,CHEMBL2036568,3.6,Lipophilicity,1,train
O=C(Nc1ccc(N2CCOCC2)cc1)c1nnc(Nc2ccccc2)o1,O=C(Nc1ccc(N2CCOCC2)cc1)c1nnc(Nc2ccccc2)o1,O=C(Nc1ccc(N2CCOCC2)cc1)c1nnc(Nc2ccccc2)o1,CHEMBL2036746,3.15,Lipophilicity,1,train
O=C(Nc1ccc(N2CCOCC2)cc1)c1nnc(Nc2ccccc2F)o1,O=C(Nc1ccc(N2CCOCC2)cc1)c1nnc(Nc2ccccc2F)o1,O=C(Nc1ccc(N2CCOCC2)cc1)c1nnc(Nc2ccccc2)o1,CHEMBL2036567,3.05,Lipophilicity,1,train
COCc1ccoc1C(=O)N(c1ccc(OC)cc1OC)C(C(=O)NC[C@@H](C)O)c1ccccc1F,COCc1ccoc1C(=O)N(c1ccc(OC)cc1OC)C(C(=O)NCC(C)O)c1ccccc1F,O=C(c1ccco1)N(Cc1ccccc1)c1ccccc1,CHEMBL469727,1.98,Lipophilicity,1,train
COc1ccc(N(C(=O)c2occc2C)C(C(=O)NC[C@@H](C)O)c2ccccc2F)c(OC)c1,COc1ccc(N(C(=O)c2occc2C)C(C(=O)NCC(C)O)c2ccccc2F)c(OC)c1,O=C(c1ccco1)N(Cc1ccccc1)c1ccccc1,CHEMBL513412,2.04,Lipophilicity,1,train
COc1ccc(N(C(=O)c2occc2CO)C(C(=O)NC[C@@H](C)O)c2ccccc2F)c(OC)c1,COc1ccc(N(C(=O)c2occc2CO)C(C(=O)NCC(C)O)c2ccccc2F)c(OC)c1,O=C(c1ccco1)N(Cc1ccccc1)c1ccccc1,CHEMBL459353,1.37,Lipophilicity,1,train
COc1ccc(N(C(=O)c2occc2Cl)C(C(=O)NC[C@@H](C)O)c2ccccc2F)c(OC)c1,COc1ccc(N(C(=O)c2occc2Cl)C(C(=O)NCC(C)O)c2ccccc2F)c(OC)c1,O=C(c1ccco1)N(Cc1ccccc1)c1ccccc1,CHEMBL469728,2.18,Lipophilicity,1,train
C[C@H](CN(C)C(=O)CO)Oc1cccc2ncnc(Nc3ccc(OCc4ccccn4)c(Cl)c3)c12,CC(CN(C)C(=O)CO)Oc1cccc2ncnc(Nc3ccc(OCc4ccccn4)c(Cl)c3)c12,c1ccc(COc2ccc(Nc3ncnc4ccccc34)cc2)nc1,CHEMBL250132,3.22,Lipophilicity,1,train
C[C@@H](Oc1cccc2ncnc(Nc3ccc(OCc4ccccn4)c(Cl)c3)c12)C(=O)N(C)C,CC(Oc1cccc2ncnc(Nc3ccc(OCc4ccccn4)c(Cl)c3)c12)C(=O)N(C)C,c1ccc(COc2ccc(Nc3ncnc4ccccc34)cc2)nc1,CHEMBL428777,3.67,Lipophilicity,1,train
C[C@@H](Oc1cccc2ncnc(Nc3ccc(OCc4ccccn4)c(Cl)c3)c12)C(=O)N(C)CCO,CC(Oc1cccc2ncnc(Nc3ccc(OCc4ccccn4)c(Cl)c3)c12)C(=O)N(C)CCO,c1ccc(COc2ccc(Nc3ncnc4ccccc34)cc2)nc1,CHEMBL258313,3.56,Lipophilicity,1,train
COc1cc2ncnc(Nc3ccc(OCc4ccccn4)c(C)c3)c2cc1OC,COc1cc2ncnc(Nc3ccc(OCc4ccccn4)c(C)c3)c2cc1OC,c1ccc(COc2ccc(Nc3ncnc4ccccc34)cc2)nc1,CHEMBL371888,3.6,Lipophilicity,1,train
COC[C@H](C)Oc1cc(Oc2cc(F)cc(F)c2)cc(C(=O)Nc2ccc(C(=O)O)cn2)c1,COCC(C)Oc1cc(Oc2cc(F)cc(F)c2)cc(C(=O)Nc2ccc(C(=O)O)cn2)c1,O=C(Nc1ccccn1)c1cccc(Oc2ccccc2)c1,CHEMBL1778373,1.36,Lipophilicity,1,train
COC[C@H](C)Oc1cc(Oc2ccc(Cl)cc2)cc(C(=O)Nc2ccc(C(=O)O)cn2)c1,COCC(C)Oc1cc(Oc2ccc(Cl)cc2)cc(C(=O)Nc2ccc(C(=O)O)cn2)c1,O=C(Nc1ccccn1)c1cccc(Oc2ccccc2)c1,CHEMBL1778369,1.69,Lipophilicity,1,train
COC[C@H](C)Oc1cc(Oc2ccc(S(C)(=O)=O)cc2)cc(C(=O)Nc2ccc(C(=O)O)cn2)c1,COCC(C)Oc1cc(Oc2ccc(S(C)(=O)=O)cc2)cc(C(=O)Nc2ccc(C(=O)O)cn2)c1,O=C(Nc1ccccn1)c1cccc(Oc2ccccc2)c1,CHEMBL1778372,-0.41,Lipophilicity,1,train
COC[C@H](C)Oc1cc(Oc2ccccc2)cc(C(=O)Nc2ccc(C(=O)O)cn2)c1,COCC(C)Oc1cc(Oc2ccccc2)cc(C(=O)Nc2ccc(C(=O)O)cn2)c1,O=C(Nc1ccccn1)c1cccc(Oc2ccccc2)c1,CHEMBL1778365,0.95,Lipophilicity,1,train
C[C@@H]1CN(c2c(F)c(N)c3c(=O)c(C(=O)O)cn(C4CC4)c3c2F)C[C@H](C)N1,CC1CN(c2c(F)c(N)c3c(=O)c(C(=O)O)cn(C4CC4)c3c2F)CC(C)N1,O=c1ccn(C2CC2)c2cc(N3CCNCC3)ccc12,CHEMBL850,-0.15,Lipophilicity,1,train
COc1c(N2CCNC(C)C2)c(F)cc2c(=O)c(C(=O)O)cn(C3CC3)c12,COc1c(N2CCNC(C)C2)c(F)cc2c(=O)c(C(=O)O)cn(C3CC3)c12,O=c1ccn(C2CC2)c2cc(N3CCNCC3)ccc12,CHEMBL31,-0.82,Lipophilicity,1,train
O=C(O)c1cn(C2CC2)c2cc(N3CCN(C(=O)CC[N+](=O)[O-])CC3)c(F)cc2c1=O,O=C(O)c1cn(C2CC2)c2cc(N3CCN(C(=O)CC[N+](=O)[O-])CC3)c(F)cc2c1=O,O=c1ccn(C2CC2)c2cc(N3CCNCC3)ccc12,CHEMBL1818381,0.22,Lipophilicity,1,train
O=C(O)c1cn(C2CC2)c2cc(N3CCNCC3)c(F)cc2c1=O,O=C(O)c1cn(C2CC2)c2cc(N3CCNCC3)c(F)cc2c1=O,O=c1ccn(C2CC2)c2cc(N3CCNCC3)ccc12,CHEMBL8,-0.96,Lipophilicity,1,train
O=C(O)CC(=O)N[C@@H]1c2ccccc2C[C@H]1NC(=O)c1cc2sc(Cl)c(Cl)c2[nH]1,O=C(O)CC(=O)NC1c2ccccc2CC1NC(=O)c1cc2sc(Cl)c(Cl)c2[nH]1,O=C(NC1Cc2ccccc2C1)c1cc2sccc2[nH]1,CHEMBL1084327,1.18,Lipophilicity,1,train
O=C(O)C[C@@H]1c2ccccc2C[C@H]1NC(=O)c1cc2sc(Cl)c(Cl)c2[nH]1,O=C(O)CC1c2ccccc2CC1NC(=O)c1cc2sc(Cl)c(Cl)c2[nH]1,O=C(NC1Cc2ccccc2C1)c1cc2sccc2[nH]1,CHEMBL1084762,2.53,Lipophilicity,1,train
O=C(O)CC[C@@H]1c2ccccc2C[C@H]1NC(=O)c1cc2sc(Cl)c(Cl)c2[nH]1,O=C(O)CCC1c2ccccc2CC1NC(=O)c1cc2sc(Cl)c(Cl)c2[nH]1,O=C(NC1Cc2ccccc2C1)c1cc2sccc2[nH]1,CHEMBL1082704,2.84,Lipophilicity,1,train
O=C(O)CO[C@@H]1c2ccccc2C[C@H]1NC(=O)c1cc2sc(Cl)c(Cl)c2[nH]1,O=C(O)COC1c2ccccc2CC1NC(=O)c1cc2sc(Cl)c(Cl)c2[nH]1,O=C(NC1Cc2ccccc2C1)c1cc2sccc2[nH]1,CHEMBL1083642,1.38,Lipophilicity,1,train
Cc1ccc(-c2ncc(C)n2C)cc1NC(=O)c1ccc(OCc2ccccn2)cc1,Cc1ccc(-c2ncc(C)n2C)cc1NC(=O)c1ccc(OCc2ccccn2)cc1,O=C(Nc1cccc(-c2ncc[nH]2)c1)c1ccc(OCc2ccccn2)cc1,CHEMBL2059862,2.67,Lipophilicity,1,train
Cc1ccc(-c2ncc[nH]2)cc1NC(=O)c1ccc(OCc2ccccn2)cc1,Cc1ccc(-c2ncc[nH]2)cc1NC(=O)c1ccc(OCc2ccccn2)cc1,O=C(Nc1cccc(-c2ncc[nH]2)c1)c1ccc(OCc2ccccn2)cc1,CHEMBL2059865,3.01,Lipophilicity,1,train
Cc1ccc(-c2nccn2C)cc1NC(=O)c1ccc(OCc2ccccn2)cc1,Cc1ccc(-c2nccn2C)cc1NC(=O)c1ccc(OCc2ccccn2)cc1,O=C(Nc1cccc(-c2ncc[nH]2)c1)c1ccc(OCc2ccccn2)cc1,CHEMBL2059861,2.83,Lipophilicity,1,train
Cc1cnc(-c2ccc(C)c(NC(=O)c3ccc(OCc4ccccn4)cc3)c2)[nH]1,Cc1cnc(-c2ccc(C)c(NC(=O)c3ccc(OCc4ccccn4)cc3)c2)[nH]1,O=C(Nc1cccc(-c2ncc[nH]2)c1)c1ccc(OCc2ccccn2)cc1,CHEMBL2059864,3.19,Lipophilicity,1,train
COc1cccc(C(=O)Nc2ccc(C)c(-n3cnc4ccc(N5CCN(C)CC5)cc4c3=O)c2)c1,COc1cccc(C(=O)Nc2ccc(C)c(-n3cnc4ccc(N5CCN(C)CC5)cc4c3=O)c2)c1,O=C(Nc1cccc(-n2cnc3ccc(N4CCNCC4)cc3c2=O)c1)c1ccccc1,CHEMBL2031225,3.08,Lipophilicity,1,train
COc1ccccc1C(=O)Nc1ccc(C)c(-n2cnc3ccc(N4CCN(C)CC4)cc3c2=O)c1,COc1ccccc1C(=O)Nc1ccc(C)c(-n2cnc3ccc(N4CCN(C)CC4)cc3c2=O)c1,O=C(Nc1cccc(-n2cnc3ccc(N4CCNCC4)cc3c2=O)c1)c1ccccc1,CHEMBL2031224,2.93,Lipophilicity,1,train
Cc1ccc(NC(=O)c2ccc(C#N)cc2)cc1-n1cnc2ccc(N3CCN(C)CC3)cc2c1=O,Cc1ccc(NC(=O)c2ccc(C#N)cc2)cc1-n1cnc2ccc(N3CCN(C)CC3)cc2c1=O,O=C(Nc1cccc(-n2cnc3ccc(N4CCNCC4)cc3c2=O)c1)c1ccccc1,CHEMBL2031227,2.73,Lipophilicity,1,train
Cc1ccc(NC(=O)c2ccccc2F)cc1-n1cnc2ccc(N3CCN(C)CC3)cc2c1=O,Cc1ccc(NC(=O)c2ccccc2F)cc1-n1cnc2ccc(N3CCN(C)CC3)cc2c1=O,O=C(Nc1cccc(-n2cnc3ccc(N4CCNCC4)cc3c2=O)c1)c1ccccc1,CHEMBL2031229,2.75,Lipophilicity,1,train
CCN(CC)C(=O)c1ccc(C(=C2CCNCC2)c2ccc(Cl)c(Cl)c2)cc1,CCN(CC)C(=O)c1ccc(C(=C2CCNCC2)c2ccc(Cl)c(Cl)c2)cc1,c1ccc(C(=C2CCNCC2)c2ccccc2)cc1,CHEMBL126857,2.4,Lipophilicity,1,train
CCN(CC)C(=O)c1ccc(C(=C2CCNCC2)c2cccc(C(F)(F)F)c2)cc1,CCN(CC)C(=O)c1ccc(C(=C2CCNCC2)c2cccc(C(F)(F)F)c2)cc1,c1ccc(C(=C2CCNCC2)c2ccccc2)cc1,CHEMBL339898,1.9,Lipophilicity,1,train
CCN(CC)C(=O)c1ccc(C(=C2CCNCC2)c2ccccc2)cc1,CCN(CC)C(=O)c1ccc(C(=C2CCNCC2)c2ccccc2)cc1,c1ccc(C(=C2CCNCC2)c2ccccc2)cc1,CHEMBL415521,1.2,Lipophilicity,1,train
CCN(CC)C(=O)c1ccc(C(=C2CCNCC2)c2ccccc2OC)cc1,CCN(CC)C(=O)c1ccc(C(=C2CCNCC2)c2ccccc2OC)cc1,c1ccc(C(=C2CCNCC2)c2ccccc2)cc1,CHEMBL278078,1.0,Lipophilicity,1,train
CO[C@H]1CN(CCn2c(=O)ccc3ccc(C#N)cc32)CC[C@@H]1NCc1cc2c(cn1)OCCO2,COC1CN(CCn2c(=O)ccc3ccc(C#N)cc32)CCC1NCc1cc2c(cn1)OCCO2,O=c1ccc2ccccc2n1CCN1CCC(NCc2cc3c(cn2)OCCO3)CC1,CHEMBL2165058,0.8400000000000001,Lipophilicity,2,train
COc1ccc2c(C)cc(=O)n(CCN3CCC(NCc4cc5c(cn4)OCCO5)CC3)c2c1,COc1ccc2c(C)cc(=O)n(CCN3CCC(NCc4cc5c(cn4)OCCO5)CC3)c2c1,O=c1ccc2ccccc2n1CCN1CCC(NCc2cc3c(cn2)OCCO3)CC1,CHEMBL1916540,1.72,Lipophilicity,1,train
COc1ccc2ccc(=O)n(CCN3CCC(NCc4cc5c(cn4)OCCO5)CC3)c2c1,COc1ccc2ccc(=O)n(CCN3CCC(NCc4cc5c(cn4)OCCO5)CC3)c2c1,O=c1ccc2ccccc2n1CCN1CCC(NCc2cc3c(cn2)OCCO3)CC1,CHEMBL1916539,1.31,Lipophilicity,1,train
N#Cc1ccc2ccc(=O)n(CCN3CC[C@@H](NCc4cc5c(cn4)OCCO5)[C@@H](O)C3)c2c1,N#Cc1ccc2ccc(=O)n(CCN3CCC(NCc4cc5c(cn4)OCCO5)C(O)C3)c2c1,O=c1ccc2ccccc2n1CCN1CCC(NCc2cc3c(cn2)OCCO3)CC1,CHEMBL2164741,0.455,Lipophilicity,2,train
CCn1c2ccccc2c2cc(NC(=O)C(C)C)ccc21,CCn1c2ccccc2c2cc(NC(=O)C(C)C)ccc21,c1ccc2c(c1)[nH]c1ccccc12,CHEMBL1547746,4.2,Lipophilicity,1,train
CCn1c2ccccc2c2cc(NC(=O)CN(C)C)ccc21,CCn1c2ccccc2c2cc(NC(=O)CN(C)C)ccc21,c1ccc2c(c1)[nH]c1ccccc12,CHEMBL294286,3.2,Lipophilicity,1,train
CCn1c2ccccc2c2cc(NC(C)=O)ccc21,CCn1c2ccccc2c2cc(NC(C)=O)ccc21,c1ccc2c(c1)[nH]c1ccccc12,CHEMBL1570112,3.5,Lipophilicity,1,train
O=C(O)CCn1c2ccccc2c2ccccc21,O=C(O)CCn1c2ccccc2c2ccccc21,c1ccc2c(c1)[nH]c1ccccc12,CHEMBL184817,0.6,Lipophilicity,1,train
CC(=O)[C@H]1CC[C@H]2[C@@H]3C[C@H](C)C4=CC(=O)CC[C@]4(C)[C@H]3[C@@H](O)C[C@]12C,CC(=O)C1CCC2C3CC(C)C4=CC(=O)CCC4(C)C3C(O)CC12C,O=C1C=C2CCC3C4CCCC4CCC3C2CC1,CHEMBL1201173,3.25,Lipophilicity,1,train
CC(=O)[C@H]1CC[C@H]2[C@@H]3CCC4=CC(=O)CC[C@]4(C)[C@H]3CC[C@]12C,CC(=O)C1CCC2C3CCC4=CC(=O)CCC4(C)C3CCC12C,O=C1C=C2CCC3C4CCCC4CCC3C2CC1,CHEMBL103,3.94,Lipophilicity,1,train
CC12CCC(=O)C=C1CCC1C2CCC2(C)C(O)CCC12,CC12CCC(=O)C=C1CCC1C2CCC2(C)C(O)CCC12,O=C1C=C2CCC3C4CCCC4CCC3C2CC1,CHEMBL268313,3.3,Lipophilicity,1,train
CCC(=O)O[C@H]1CC[C@H]2[C@@H]3CCC4=CC(=O)CC[C@]4(C)[C@H]3CC[C@]12C,CCC(=O)OC1CCC2C3CCC4=CC(=O)CCC4(C)C3CCC12C,O=C1C=C2CCC3C4CCCC4CCC3C2CC1,CHEMBL1170,3.3,Lipophilicity,1,train
Cc1ccc(-c2c[nH]cn2)cc1NC(=O)c1ccc(OCc2ccccn2)cc1,Cc1ccc(-c2c[nH]cn2)cc1NC(=O)c1ccc(OCc2ccccn2)cc1,O=C(Nc1cccc(-c2c[nH]cn2)c1)c1ccc(OCc2ccccn2)cc1,CHEMBL2059860,2.81,Lipophilicity,1,train
Cc1ccc(-c2cn(C)c(C)n2)cc1NC(=O)c1ccc(OCc2ccccn2)cc1,Cc1ccc(-c2cn(C)c(C)n2)cc1NC(=O)c1ccc(OCc2ccccn2)cc1,O=C(Nc1cccc(-c2c[nH]cn2)c1)c1ccc(OCc2ccccn2)cc1,CHEMBL2059869,2.71,Lipophilicity,1,train
Cc1ccc(-c2cn(C)cn2)cc1NC(=O)c1ccc(OCc2ccccn2)cc1,Cc1ccc(-c2cn(C)cn2)cc1NC(=O)c1ccc(OCc2ccccn2)cc1,O=C(Nc1cccc(-c2c[nH]cn2)c1)c1ccc(OCc2ccccn2)cc1,CHEMBL2059866,2.54,Lipophilicity,1,train
Cc1nc(-c2ccc(C)c(NC(=O)c3ccc(OCc4ccccn4)cc3)c2)c[nH]1,Cc1nc(-c2ccc(C)c(NC(=O)c3ccc(OCc4ccccn4)cc3)c2)c[nH]1,O=C(Nc1cccc(-c2c[nH]cn2)c1)c1ccc(OCc2ccccn2)cc1,CHEMBL2059867,2.97,Lipophilicity,1,train
C[C@H]1O[C@@H](n2cnc3c(N)nc(OC4CCCC4)nc32)[C@H](O)[C@H]1Cl,CC1OC(n2cnc3c(N)nc(OC4CCCC4)nc32)C(O)C1Cl,c1nc(OC2CCCC2)nc2c1ncn2C1CCCO1,CHEMBL1807856,3.18,Lipophilicity,1,train
Nc1nc(OC2CCCC2)nc2c1ncn2[C@@H]1O[C@H](CF)[C@@H](O)[C@H]1O,Nc1nc(OC2CCCC2)nc2c1ncn2C1OC(CF)C(O)C1O,c1nc(OC2CCCC2)nc2c1ncn2C1CCCO1,CHEMBL1807816,1.5,Lipophilicity,1,train
Nc1nc(OC2CCCC2)nc2c1ncn2[C@@H]1O[C@H](CO)[C@H](Cl)[C@H]1O,Nc1nc(OC2CCCC2)nc2c1ncn2C1OC(CO)C(Cl)C1O,c1nc(OC2CCCC2)nc2c1ncn2C1CCCO1,CHEMBL1807858,2.16,Lipophilicity,1,train
Nc1nc(OC2CCCC2)nc2c1ncn2[C@@H]1O[C@H](CO)[C@@H](O)[C@H]1O,Nc1nc(OC2CCCC2)nc2c1ncn2C1OC(CO)C(O)C1O,c1nc(OC2CCCC2)nc2c1ncn2C1CCCO1,CHEMBL1807815,0.79,Lipophilicity,1,train
CN1CC=CCC(c2ccc(Cl)c(Cl)c2)C1,CN1CC=CCC(c2ccc(Cl)c(Cl)c2)C1,C1=CCC(c2ccccc2)CNC1,CHEMBL2321995,3.32,Lipophilicity,1,train
Clc1ccc(C2CC=CCNC2)cc1Cl,Clc1ccc(C2CC=CCNC2)cc1Cl,C1=CCC(c2ccccc2)CNC1,CHEMBL2321998,1.905,Lipophilicity,2,train
Fc1ccc(C2CC=CCNC2)cc1Cl,Fc1ccc(C2CC=CCNC2)cc1Cl,C1=CCC(c2ccccc2)CNC1,CHEMBL2326686,1.33,Lipophilicity,1,train
OCCN1CC=CC[C@H](c2ccc(Cl)c(Cl)c2)C1,OCCN1CC=CCC(c2ccc(Cl)c(Cl)c2)C1,C1=CCC(c2ccccc2)CNC1,CHEMBL2326693,2.37,Lipophilicity,1,train
CCOc1ccccc1-c1ccc(-c2nc3ccncc3c(O)c2C#N)cc1,CCOc1ccccc1-c1ccc(-c2nc3ccncc3c(O)c2C#N)cc1,c1ccc(-c2ccc(-c3ccc4cnccc4n3)cc2)cc1,CHEMBL1957361,3.0,Lipophilicity,1,train
CCc1ccccc1-c1ccc(-c2nc3ccncc3c(O)c2C#N)cc1,CCc1ccccc1-c1ccc(-c2nc3ccncc3c(O)c2C#N)cc1,c1ccc(-c2ccc(-c3ccc4cnccc4n3)cc2)cc1,CHEMBL1957374,3.5,Lipophilicity,1,train
N#Cc1c(-c2ccc(-c3ccccc3C(F)(F)F)cc2)nc2ccncc2c1O,N#Cc1c(-c2ccc(-c3ccccc3C(F)(F)F)cc2)nc2ccncc2c1O,c1ccc(-c2ccc(-c3ccc4cnccc4n3)cc2)cc1,CHEMBL1955881,3.3,Lipophilicity,1,train
N#Cc1c(-c2ccc(-c3ccccc3OC(F)(F)F)cc2)nc2ccncc2c1O,N#Cc1c(-c2ccc(-c3ccccc3OC(F)(F)F)cc2)nc2ccncc2c1O,c1ccc(-c2ccc(-c3ccc4cnccc4n3)cc2)cc1,CHEMBL1957366,3.45,Lipophilicity,1,train
CC(C)(C)CNc1nc(C#N)nc(N2CCOCC2)c1N,CC(C)(C)CNc1nc(C#N)nc(N2CCOCC2)c1N,c1cc(N2CCOCC2)ncn1,CHEMBL471757,3.08,Lipophilicity,1,train
CC(C)CNc1nc(C#N)nc(N2CCOCC2)c1N,CC(C)CNc1nc(C#N)nc(N2CCOCC2)c1N,c1cc(N2CCOCC2)ncn1,CHEMBL450061,2.79,Lipophilicity,1,train
CC(C)Nc1nc(C#N)nc(N2CCOCC2)c1N,CC(C)Nc1nc(C#N)nc(N2CCOCC2)c1N,c1cc(N2CCOCC2)ncn1,CHEMBL471579,2.04,Lipophilicity,1,train
CCC(C)Nc1nc(C#N)nc(N2CCOCC2)c1N,CCC(C)Nc1nc(C#N)nc(N2CCOCC2)c1N,c1cc(N2CCOCC2)ncn1,CHEMBL470897,2.8,Lipophilicity,1,train
C[C@@H](COCCCS(=O)(=O)CCNCCc1ccc(O)c2nc(O)sc12)c1ccccc1,CC(COCCCS(=O)(=O)CCNCCc1ccc(O)c2nc(O)sc12)c1ccccc1,O=S(=O)(CCCOCCc1ccccc1)CCNCCc1cccc2ncsc12,CHEMBL109614,2.32,Lipophilicity,1,train
CS(=O)(=O)Nc1ccc(CCOCCCS(=O)(=O)CCNCCc2ccc(O)c3nc(O)sc23)cc1,CS(=O)(=O)Nc1ccc(CCOCCCS(=O)(=O)CCNCCc2ccc(O)c3nc(O)sc23)cc1,O=S(=O)(CCCOCCc1ccccc1)CCNCCc1cccc2ncsc12,CHEMBL421604,1.34,Lipophilicity,1,train
Cc1ccccc1CCOCCCS(=O)(=O)CCNCCc1ccc(O)c2nc(O)sc12,Cc1ccccc1CCOCCCS(=O)(=O)CCNCCc1ccc(O)c2nc(O)sc12,O=S(=O)(CCCOCCc1ccccc1)CCNCCc1cccc2ncsc12,CHEMBL108246,2.84,Lipophilicity,1,train
O=S(=O)(CCCOCCc1ccccc1)CCNCCc1ccc(O)c2nc(O)sc12,O=S(=O)(CCCOCCc1ccccc1)CCNCCc1ccc(O)c2nc(O)sc12,O=S(=O)(CCCOCCc1ccccc1)CCNCCc1cccc2ncsc12,CHEMBL82663,2.61,Lipophilicity,1,train
CC(Nc1ncnc2ccccc12)c1ccccc1,CC(Nc1ncnc2ccccc12)c1ccccc1,c1ccc(CNc2ncnc3ccccc23)cc1,CHEMBL1550278,3.4,Lipophilicity,1,train
COc1cc2ncnc(NCc3cccc(C)c3)c2cc1OC,COc1cc2ncnc(NCc3cccc(C)c3)c2cc1OC,c1ccc(CNc2ncnc3ccccc23)cc1,CHEMBL93173,3.5,Lipophilicity,1,train
COc1cc2ncnc(NCc3ccccc3)c2cc1OC,COc1cc2ncnc(NCc3ccccc3)c2cc1OC,c1ccc(CNc2ncnc3ccccc23)cc1,CHEMBL325245,3.29,Lipophilicity,1,train
c1ccc(CNc2ncnc3ccccc23)cc1,c1ccc(CNc2ncnc3ccccc23)cc1,c1ccc(CNc2ncnc3ccccc23)cc1,CHEMBL102726,3.21,Lipophilicity,1,train
CCNC(=O)c1ccc(CN2CCC(c3ccc(C(=O)Nc4ccccc4N)cc3)CC2)cc1,CCNC(=O)c1ccc(CN2CCC(c3ccc(C(=O)Nc4ccccc4N)cc3)CC2)cc1,O=C(Nc1ccccc1)c1ccc(C2CCN(Cc3ccccc3)CC2)cc1,CHEMBL412083,2.24,Lipophilicity,1,train
CN(C)C(=O)c1ccc(CN2CCC(c3ccc(C(=O)Nc4ccccc4N)cc3)CC2)cc1,CN(C)C(=O)c1ccc(CN2CCC(c3ccc(C(=O)Nc4ccccc4N)cc3)CC2)cc1,O=C(Nc1ccccc1)c1ccc(C2CCN(Cc3ccccc3)CC2)cc1,CHEMBL260200,1.53,Lipophilicity,1,train
CNC(=O)c1ccc(CN2CCC(c3ccc(C(=O)Nc4ccccc4N)cc3)CC2)cc1,CNC(=O)c1ccc(CN2CCC(c3ccc(C(=O)Nc4ccccc4N)cc3)CC2)cc1,O=C(Nc1ccccc1)c1ccc(C2CCN(Cc3ccccc3)CC2)cc1,CHEMBL264961,1.99,Lipophilicity,1,train
Nc1ccccc1NC(=O)c1ccc(C2CCN(Cc3ccccc3)CC2)cc1,Nc1ccccc1NC(=O)c1ccc(C2CCN(Cc3ccccc3)CC2)cc1,O=C(Nc1ccccc1)c1ccc(C2CCN(Cc3ccccc3)CC2)cc1,CHEMBL254165,2.51,Lipophilicity,1,train
COc1ccccc1CCNCc1ccc(CCNC[C@H](O)c2ccc(O)c3[nH]c(=O)sc23)cc1,COc1ccccc1CCNCc1ccc(CCNCC(O)c2ccc(O)c3[nH]c(=O)sc23)cc1,O=c1[nH]c2cccc(CCNCCc3ccc(CNCCc4ccccc4)cc3)c2s1,CHEMBL1944694,0.8,Lipophilicity,1,train
O=c1[nH]c2c(O)ccc([C@@H](O)CNCCc3ccc(CNCCc4c(Cl)cccc4Cl)cc3)c2s1,O=c1[nH]c2c(O)ccc(C(O)CNCCc3ccc(CNCCc4c(Cl)cccc4Cl)cc3)c2s1,O=c1[nH]c2cccc(CCNCCc3ccc(CNCCc4ccccc4)cc3)c2s1,CHEMBL1944689,2.3,Lipophilicity,1,train
O=c1[nH]c2c(O)ccc([C@@H](O)CNCCc3ccc(CNCCc4ccccc4)cc3)c2s1,O=c1[nH]c2c(O)ccc(C(O)CNCCc3ccc(CNCCc4ccccc4)cc3)c2s1,O=c1[nH]c2cccc(CCNCCc3ccc(CNCCc4ccccc4)cc3)c2s1,CHEMBL1944695,1.11,Lipophilicity,1,train
O=c1[nH]c2c(O)ccc([C@@H](O)CNCCc3ccc(CNCCc4ccccc4F)cc3)c2s1,O=c1[nH]c2c(O)ccc(C(O)CNCCc3ccc(CNCCc4ccccc4F)cc3)c2s1,O=c1[nH]c2cccc(CCNCCc3ccc(CNCCc4ccccc4)cc3)c2s1,CHEMBL1944692,1.3,Lipophilicity,1,train
CCCCOc1nc(N)c2[nH]c(=O)n(Cc3cccc(CC(=O)O)c3)c2n1,CCCCOc1nc(N)c2[nH]c(=O)n(Cc3cccc(CC(=O)O)c3)c2n1,O=c1[nH]c2cncnc2n1Cc1ccccc1,CHEMBL1089518,0.14,Lipophilicity,1,train
CCCCOc1nc(N)c2[nH]c(=O)n(Cc3cccc(CC(=O)OC)c3)c2n1,CCCCOc1nc(N)c2[nH]c(=O)n(Cc3cccc(CC(=O)OC)c3)c2n1,O=c1[nH]c2cncnc2n1Cc1ccccc1,CHEMBL1089224,3.76,Lipophilicity,1,train
COCCOc1nc(N)c2[nH]c(=O)n(Cc3cccc(CC(=O)OC)c3)c2n1,COCCOc1nc(N)c2[nH]c(=O)n(Cc3cccc(CC(=O)OC)c3)c2n1,O=c1[nH]c2cncnc2n1Cc1ccccc1,CHEMBL1089517,1.86,Lipophilicity,1,train
COCCOc1nc(N)c2[nH]c(=O)n(Cc3ccccc3)c2n1,COCCOc1nc(N)c2[nH]c(=O)n(Cc3ccccc3)c2n1,O=c1[nH]c2cncnc2n1Cc1ccccc1,CHEMBL210884,2.26,Lipophilicity,1,train
O=c1cc(-c2ccc(O)cc2)oc2cc(O)ccc12,O=c1cc(-c2ccc(O)cc2)oc2cc(O)ccc12,O=c1cc(-c2ccccc2)oc2ccccc12,CHEMBL294878,3.2,Lipophilicity,1,train
O=c1cc(-c2ccc(O)cc2)oc2ccc(O)cc12,O=c1cc(-c2ccc(O)cc2)oc2ccc(O)cc12,O=c1cc(-c2ccccc2)oc2ccccc12,CHEMBL484663,3.3,Lipophilicity,1,train
O=c1cc(-c2ccccc2)oc2cc(O)cc(O)c12,O=c1cc(-c2ccccc2)oc2cc(O)cc(O)c12,O=c1cc(-c2ccccc2)oc2ccccc12,CHEMBL117,3.83,Lipophilicity,1,train
O=c1cc(-c2ccccc2)oc2ccc(O)cc12,O=c1cc(-c2ccccc2)oc2ccc(O)cc12,O=c1cc(-c2ccccc2)oc2ccccc12,CHEMBL138649,3.6,Lipophilicity,1,train
CCOC(=O)c1c(-c2ccccc2)nc2cc(C)ccn12,CCOC(=O)c1c(-c2ccccc2)nc2cc(C)ccn12,c1ccc(-c2cn3ccccc3n2)cc1,CHEMBL1468936,3.8,Lipophilicity,1,train
Clc1ccc(-c2cn3ccccc3n2)cc1,Clc1ccc(-c2cn3ccccc3n2)cc1,c1ccc(-c2cn3ccccc3n2)cc1,CHEMBL1526499,4.0,Lipophilicity,1,train
Fc1ccc(-c2cn3ccccc3n2)cc1,Fc1ccc(-c2cn3ccccc3n2)cc1,c1ccc(-c2cn3ccccc3n2)cc1,CHEMBL1524763,3.1,Lipophilicity,1,train
c1ccc(-c2cn3ccccc3n2)cc1,c1ccc(-c2cn3ccccc3n2)cc1,c1ccc(-c2cn3ccccc3n2)cc1,CHEMBL1720835,2.9,Lipophilicity,1,train
Cc1c(Cl)ccc(OC2CCN(C[C@H](O)CNC(=O)c3c[nH]c(=O)cc3C(F)(F)F)CC2)c1Cl,Cc1c(Cl)ccc(OC2CCN(CC(O)CNC(=O)c3c[nH]c(=O)cc3C(F)(F)F)CC2)c1Cl,O=C(NCCCN1CCC(Oc2ccccc2)CC1)c1ccc(=O)[nH]c1,CHEMBL2207664,3.14,Lipophilicity,1,train
Cc1cc(Cl)ccc1OC1CCN(C[C@H](O)CNC(=O)c2c[nH]c(=O)cc2C(F)(F)F)CC1,Cc1cc(Cl)ccc1OC1CCN(CC(O)CNC(=O)c2c[nH]c(=O)cc2C(F)(F)F)CC1,O=C(NCCCN1CCC(Oc2ccccc2)CC1)c1ccc(=O)[nH]c1,CHEMBL2207663,2.37,Lipophilicity,1,train
Cn1cc(C(=O)NC[C@@H](O)CN2CCC(Oc3ccc(Cl)c(Cl)c3)CC2)c(C(F)(F)F)cc1=O,Cn1cc(C(=O)NCC(O)CN2CCC(Oc3ccc(Cl)c(Cl)c3)CC2)c(C(F)(F)F)cc1=O,O=C(NCCCN1CCC(Oc2ccccc2)CC1)c1ccc(=O)[nH]c1,CHEMBL2207665,2.76,Lipophilicity,1,train
O=C(NC[C@@H](O)CN1CCC(Oc2ccc(Cl)c(Cl)c2)CC1)c1c[nH]c(=O)cc1C(F)(F)F,O=C(NCC(O)CN1CCC(Oc2ccc(Cl)c(Cl)c2)CC1)c1c[nH]c(=O)cc1C(F)(F)F,O=C(NCCCN1CCC(Oc2ccccc2)CC1)c1ccc(=O)[nH]c1,CHEMBL2207662,2.71,Lipophilicity,1,train
Cc1ccc(NC(=O)N2CCN(C[C@@H]3CCCN(C4CC4)C3)CC2)cc1Cl,Cc1ccc(NC(=O)N2CCN(CC3CCCN(C4CC4)C3)CC2)cc1Cl,O=C(Nc1ccccc1)N1CCN(CC2CCCN(C3CC3)C2)CC1,CHEMBL2036762,3.37,Lipophilicity,1,train
O=C(Nc1ccc(C(F)(F)F)c(Cl)c1)N1CCN(C[C@@H]2CCCN(C3CC3)C2)CC1,O=C(Nc1ccc(C(F)(F)F)c(Cl)c1)N1CCN(CC2CCCN(C3CC3)C2)CC1,O=C(Nc1ccccc1)N1CCN(CC2CCCN(C3CC3)C2)CC1,CHEMBL2036760,4.06,Lipophilicity,1,train
O=C(Nc1ccc(Cl)c(Cl)c1)N1CCN(C[C@@H]2CCCN(C3CC3)C2)CC1,O=C(Nc1ccc(Cl)c(Cl)c1)N1CCN(CC2CCCN(C3CC3)C2)CC1,O=C(Nc1ccccc1)N1CCN(CC2CCCN(C3CC3)C2)CC1,CHEMBL2036757,3.57,Lipophilicity,1,train
O=C(Nc1cccc(Cl)c1)N1CCN(C[C@@H]2CCCN(C3CC3)C2)CC1,O=C(Nc1cccc(Cl)c1)N1CCN(CC2CCCN(C3CC3)C2)CC1,O=C(Nc1ccccc1)N1CCN(CC2CCCN(C3CC3)C2)CC1,CHEMBL2036763,2.74,Lipophilicity,1,train
CC(=O)CCCCn1c(=O)c2c(ncn2C)n(C)c1=O,CC(=O)CCCCn1c(=O)c2c(ncn2C)n(C)c1=O,O=c1[nH]c(=O)c2[nH]cnc2[nH]1,CHEMBL628,0.22,Lipophilicity,1,train
Cn1c(=O)c2[nH]cnc2n(C)c1=O,Cn1c(=O)c2[nH]cnc2n(C)c1=O,O=c1[nH]c(=O)c2[nH]cnc2[nH]1,CHEMBL190,-0.09,Lipophilicity,1,train
Cn1c(=O)c2c(ncn2C)n(C)c1=O,Cn1c(=O)c2c(ncn2C)n(C)c1=O,O=c1[nH]c(=O)c2[nH]cnc2[nH]1,CHEMBL113,-0.03,Lipophilicity,1,train
Cn1c(=O)c2c(ncn2CC(O)CO)n(C)c1=O,Cn1c(=O)c2c(ncn2CC(O)CO)n(C)c1=O,O=c1[nH]c(=O)c2[nH]cnc2[nH]1,CHEMBL1752,-1.25,Lipophilicity,1,train
Cc1ccc(CCOCCNS(=O)(=O)CCCNCCc2ccc(O)c3nc(O)sc23)cc1,Cc1ccc(CCOCCNS(=O)(=O)CCCNCCc2ccc(O)c3nc(O)sc23)cc1,O=S(=O)(CCCNCCc1cccc2ncsc12)NCCOCCc1ccccc1,CHEMBL324875,2.07,Lipophilicity,1,train
O=S(=O)(CCCNCCc1ccc(O)c2nc(O)sc12)NCCOCCc1ccc(F)cc1,O=S(=O)(CCCNCCc1ccc(O)c2nc(O)sc12)NCCOCCc1ccc(F)cc1,O=S(=O)(CCCNCCc1cccc2ncsc12)NCCOCCc1ccccc1,CHEMBL108249,1.57,Lipophilicity,1,train
O=S(=O)(CCCNCCc1ccc(O)c2nc(O)sc12)NCCOCCc1cccc(C(F)(F)F)c1,O=S(=O)(CCCNCCc1ccc(O)c2nc(O)sc12)NCCOCCc1cccc(C(F)(F)F)c1,O=S(=O)(CCCNCCc1cccc2ncsc12)NCCOCCc1ccccc1,CHEMBL321467,2.62,Lipophilicity,1,train
O=S(=O)(CCCNCCc1ccc(O)c2nc(O)sc12)NCCOCCc1cccc(Cl)c1,O=S(=O)(CCCNCCc1ccc(O)c2nc(O)sc12)NCCOCCc1cccc(Cl)c1,O=S(=O)(CCCNCCc1cccc2ncsc12)NCCOCCc1ccccc1,CHEMBL322271,1.92,Lipophilicity,1,train
CC(C)Cn1c(=O)n(C)c(=O)c2c(C(=O)N(C)C)c(Cc3ccccc3C(F)(F)F)sc21,CC(C)Cn1c(=O)n(C)c(=O)c2c(C(=O)N(C)C)c(Cc3ccccc3C(F)(F)F)sc21,O=c1[nH]c(=O)c2cc(Cc3ccccc3)sc2[nH]1,CHEMBL208330,2.9,Lipophilicity,1,train
CC(C)Cn1c(=O)n(C)c(=O)c2c(SC(C)C)c(Cc3ccccc3C(F)(F)F)sc21,CC(C)Cn1c(=O)n(C)c(=O)c2c(SC(C)C)c(Cc3ccccc3C(F)(F)F)sc21,O=c1[nH]c(=O)c2cc(Cc3ccccc3)sc2[nH]1,CHEMBL206229,4.42,Lipophilicity,1,train
CC(C)Cn1c(=O)n(C)c(=O)c2c(SCCCO)c(Cc3ccccc3C(F)(F)F)sc21,CC(C)Cn1c(=O)n(C)c(=O)c2c(SCCCO)c(Cc3ccccc3C(F)(F)F)sc21,O=c1[nH]c(=O)c2cc(Cc3ccccc3)sc2[nH]1,CHEMBL204887,4.05,Lipophilicity,1,train
CCSc1c(Cc2ccccc2C(F)(F)F)sc2c1c(=O)n(C)c(=O)n2CC(C)C,CCSc1c(Cc2ccccc2C(F)(F)F)sc2c1c(=O)n(C)c(=O)n2CC(C)C,O=c1[nH]c(=O)c2cc(Cc3ccccc3)sc2[nH]1,CHEMBL381098,4.49,Lipophilicity,1,train
CCN1CCC[C@H]1CNC(=O)c1c(O)c(Cl)cc(Cl)c1OC,CCN1CCCC1CNC(=O)c1c(O)c(Cl)cc(Cl)c1OC,O=C(NCC1CCCN1)c1ccccc1,CHEMBL8809,1.09,Lipophilicity,1,train
CCN1CCC[C@H]1CNC(=O)c1c(OC)ccc(Br)c1OC,CCN1CCCC1CNC(=O)c1c(OC)ccc(Br)c1OC,O=C(NCC1CCCN1)c1ccccc1,CHEMBL22242,0.05,Lipophilicity,1,train
CCN1CCC[C@H]1CNC(=O)c1cc(Br)cc(OC)c1OC,CCN1CCCC1CNC(=O)c1cc(Br)cc(OC)c1OC,O=C(NCC1CCCN1)c1ccccc1,CHEMBL289330,1.2,Lipophilicity,1,train
CCN1CCCC1CNC(=O)c1cc(S(N)(=O)=O)ccc1OC,CCN1CCCC1CNC(=O)c1cc(S(N)(=O)=O)ccc1OC,O=C(NCC1CCCN1)c1ccccc1,CHEMBL26,-1.02,Lipophilicity,2,train
C[C@H](CO)Nc1nc(SCc2cccc(F)c2F)nc2nc(N)cnc12,CC(CO)Nc1nc(SCc2cccc(F)c2F)nc2nc(N)cnc12,c1ccc(CSc2ncc3nccnc3n2)cc1,CHEMBL271703,2.89,Lipophilicity,1,train
C[C@H](CO)Nc1nc(SCc2cccc(F)c2F)nc2nccnc12,CC(CO)Nc1nc(SCc2cccc(F)c2F)nc2nccnc12,c1ccc(CSc2ncc3nccnc3n2)cc1,CHEMBL404057,3.15,Lipophilicity,1,train
Cc1cnc2c(N[C@H](C)CO)nc(SCc3cccc(F)c3F)nc2n1,Cc1cnc2c(NC(C)CO)nc(SCc3cccc(F)c3F)nc2n1,c1ccc(CSc2ncc3nccnc3n2)cc1,CHEMBL257659,3.55,Lipophilicity,1,train
Cc1cnc2nc(SCc3cccc(F)c3F)nc(N[C@H](C)CO)c2n1,Cc1cnc2nc(SCc3cccc(F)c3F)nc(NC(C)CO)c2n1,c1ccc(CSc2ncc3nccnc3n2)cc1,CHEMBL403702,3.5,Lipophilicity,1,train
COc1cc(Nc2cc(Oc3cc(C)c(C)nc3-c3ccccn3)ccn2)cc(OC)c1OC,COc1cc(Nc2cc(Oc3cc(C)c(C)nc3-c3ccccn3)ccn2)cc(OC)c1OC,c1ccc(Nc2cc(Oc3cccnc3-c3ccccn3)ccn2)cc1,CHEMBL575099,3.22,Lipophilicity,1,train
COc1ccc(Nc2cc(Oc3cc(C)c(C)nc3-c3ccccn3)ccn2)cc1,COc1ccc(Nc2cc(Oc3cc(C)c(C)nc3-c3ccccn3)ccn2)cc1,c1ccc(Nc2cc(Oc3cccnc3-c3ccccn3)ccn2)cc1,CHEMBL573287,3.51,Lipophilicity,1,train
COc1ccccc1Nc1cc(Oc2cc(C)c(C)nc2-c2ccccn2)ccn1,COc1ccccc1Nc1cc(Oc2cc(C)c(C)nc2-c2ccccn2)ccn1,c1ccc(Nc2cc(Oc3cccnc3-c3ccccn3)ccn2)cc1,CHEMBL575492,3.37,Lipophilicity,1,train
Cc1cc(Oc2ccnc(Nc3ccc(S(N)(=O)=O)cc3)c2)c(-c2ccccn2)nc1C,Cc1cc(Oc2ccnc(Nc3ccc(S(N)(=O)=O)cc3)c2)c(-c2ccccn2)nc1C,c1ccc(Nc2cc(Oc3cccnc3-c3ccccn3)ccn2)cc1,CHEMBL578235,2.34,Lipophilicity,1,train
O=C(O)C(c1ccccc1)N1CCC(CN2CCC(Oc3ccc(Cl)c(Cl)c3)CC2)CC1,O=C(O)C(c1ccccc1)N1CCC(CN2CCC(Oc3ccc(Cl)c(Cl)c3)CC2)CC1,c1ccc(CN2CCC(CN3CCC(Oc4ccccc4)CC3)CC2)cc1,CHEMBL2158819,2.1550000000000002,Lipophilicity,2,train
O=C(O)c1ccc(CN2CCC(CN3CCC(Oc4ccc(Cl)c(Cl)c4)CC3)CC2)cc1,O=C(O)c1ccc(CN2CCC(CN3CCC(Oc4ccc(Cl)c(Cl)c4)CC3)CC2)cc1,c1ccc(CN2CCC(CN3CCC(Oc4ccccc4)CC3)CC2)cc1,CHEMBL2158833,1.1,Lipophilicity,1,train
O=C(O)c1cccc(CN2CCC(CN3CCC(Oc4ccc(Cl)c(Cl)c4)CC3)CC2)c1,O=C(O)c1cccc(CN2CCC(CN3CCC(Oc4ccc(Cl)c(Cl)c4)CC3)CC2)c1,c1ccc(CN2CCC(CN3CCC(Oc4ccccc4)CC3)CC2)cc1,CHEMBL2158832,1.26,Lipophilicity,1,train
O=C(O)c1ccccc1CN1CCC(CN2CCC(Oc3ccc(Cl)c(Cl)c3)CC2)CC1,O=C(O)c1ccccc1CN1CCC(CN2CCC(Oc3ccc(Cl)c(Cl)c3)CC2)CC1,c1ccc(CN2CCC(CN3CCC(Oc4ccccc4)CC3)CC2)cc1,CHEMBL2158831,2.48,Lipophilicity,1,train
CNc1c(Br)cnc2[nH]c(-c3ccc(O)cc3)nc12,CNc1c(Br)cnc2[nH]c(-c3ccc(O)cc3)nc12,c1ccc(-c2nc3cccnc3[nH]2)cc1,CHEMBL2011906,2.47,Lipophilicity,1,train
CNc1c(Br)cnc2[nH]c(-c3ccc(S(C)(=O)=O)cc3)nc12,CNc1c(Br)cnc2[nH]c(-c3ccc(S(C)(=O)=O)cc3)nc12,c1ccc(-c2nc3cccnc3[nH]2)cc1,CHEMBL2011908,2.88,Lipophilicity,1,train
CNc1c(Br)cnc2[nH]c(-c3cccc(N)c3)nc12,CNc1c(Br)cnc2[nH]c(-c3cccc(N)c3)nc12,c1ccc(-c2nc3cccnc3[nH]2)cc1,CHEMBL2011910,2.96,Lipophilicity,1,train
COc1ccc(-c2nc3c(NCCCNC(C)=O)c(Br)cnc3[nH]2)cc1,COc1ccc(-c2nc3c(NCCCNC(C)=O)c(Br)cnc3[nH]2)cc1,c1ccc(-c2nc3cccnc3[nH]2)cc1,CHEMBL2011928,3.28,Lipophilicity,1,train
CS(=O)(=O)Cc1cc(N2CCOCC2)nc(-c2ccc(NS(C)(=O)=O)cc2)n1,CS(=O)(=O)Cc1cc(N2CCOCC2)nc(-c2ccc(NS(C)(=O)=O)cc2)n1,c1ccc(-c2nccc(N3CCOCC3)n2)cc1,CHEMBL2030449,0.85,Lipophilicity,1,train
CS(=O)(=O)Cc1cc(N2CCOCC2)nc(-c2cccc(CO)c2)n1,CS(=O)(=O)Cc1cc(N2CCOCC2)nc(-c2cccc(CO)c2)n1,c1ccc(-c2nccc(N3CCOCC3)n2)cc1,CHEMBL2030443,1.0,Lipophilicity,1,train
CS(=O)(=O)Cc1cc(N2CCOCC2)nc(-c2ccccc2)n1,CS(=O)(=O)Cc1cc(N2CCOCC2)nc(-c2ccccc2)n1,c1ccc(-c2nccc(N3CCOCC3)n2)cc1,CHEMBL2030440,1.94,Lipophilicity,1,train
CSCc1cc(N2CCOCC2)nc(-c2ccccc2)n1,CSCc1cc(N2CCOCC2)nc(-c2ccccc2)n1,c1ccc(-c2nccc(N3CCOCC3)n2)cc1,CHEMBL1299619,3.26,Lipophilicity,1,train
CC(C)n1c2ccccc2c2cc(NC(=O)N3CCOCC3)ccc21,CC(C)n1c2ccccc2c2cc(NC(=O)N3CCOCC3)ccc21,O=C(Nc1ccc2[nH]c3ccccc3c2c1)N1CCOCC1,CHEMBL419951,3.55,Lipophilicity,1,train
CCn1c2ccccc2c2cc(NC(=O)N3CCOCC3)ccc21,CCn1c2ccccc2c2cc(NC(=O)N3CCOCC3)ccc21,O=C(Nc1ccc2[nH]c3ccccc3c2c1)N1CCOCC1,CHEMBL119247,3.2,Lipophilicity,1,train
CS(=O)(=O)n1c2ccccc2c2cc(NC(=O)N3CCOCC3)ccc21,CS(=O)(=O)n1c2ccccc2c2cc(NC(=O)N3CCOCC3)ccc21,O=C(Nc1ccc2[nH]c3ccccc3c2c1)N1CCOCC1,CHEMBL443809,2.7,Lipophilicity,1,train
Cc1c(NC(=O)N2CCOCC2)ccc2c1c1ccccc1n2C(C)C,Cc1c(NC(=O)N2CCOCC2)ccc2c1c1ccccc1n2C(C)C,O=C(Nc1ccc2[nH]c3ccccc3c2c1)N1CCOCC1,CHEMBL325226,3.5,Lipophilicity,1,train
CC(C)c1nc(N2CCN(c3ncc(OCc4ccncc4C#N)cn3)[C@H](C)C2)no1,CC(C)c1nc(N2CCN(c3ncc(OCc4ccncc4C#N)cn3)C(C)C2)no1,c1cc(COc2cnc(N3CCN(c4ncon4)CC3)nc2)ccn1,CHEMBL2086690,3.3,Lipophilicity,1,train
C[C@@H]1CN(c2noc(C(F)(F)F)n2)CCN1c1ncc(OCc2ccncc2C#N)cn1,CC1CN(c2noc(C(F)(F)F)n2)CCN1c1ncc(OCc2ccncc2C#N)cn1,c1cc(COc2cnc(N3CCN(c4ncon4)CC3)nc2)ccn1,CHEMBL2086693,3.95,Lipophilicity,1,train
C[C@@H]1CN(c2noc(C(F)F)n2)CCN1c1ncc(OCc2ccncc2C#N)cn1,CC1CN(c2noc(C(F)F)n2)CCN1c1ncc(OCc2ccncc2C#N)cn1,c1cc(COc2cnc(N3CCN(c4ncon4)CC3)nc2)ccn1,CHEMBL2086694,2.85,Lipophilicity,1,train
Cc1nc(N2CCN(c3ncc(OCc4ccncc4C#N)cn3)[C@H](C)C2)no1,Cc1nc(N2CCN(c3ncc(OCc4ccncc4C#N)cn3)C(C)C2)no1,c1cc(COc2cnc(N3CCN(c4ncon4)CC3)nc2)ccn1,CHEMBL2086692,2.6,Lipophilicity,1,train
CCn1cc(NC(=O)Cc2ccc(Oc3ccnc4cc(F)ccc34)cc2OC)cn1,CCn1cc(NC(=O)Cc2ccc(Oc3ccnc4cc(F)ccc34)cc2OC)cn1,O=C(Cc1ccc(Oc2ccnc3ccccc23)cc1)Nc1cn[nH]c1,CHEMBL2023474,3.93,Lipophilicity,1,train
CCn1cc(NC(=O)Cc2ccc(Oc3ccnc4cc(OC)c(OC)cc34)cc2OC)cn1,CCn1cc(NC(=O)Cc2ccc(Oc3ccnc4cc(OC)c(OC)cc34)cc2OC)cn1,O=C(Cc1ccc(Oc2ccnc3ccccc23)cc1)Nc1cn[nH]c1,CHEMBL2023117,3.42,Lipophilicity,1,train
CCn1cc(NC(=O)Cc2ccc(Oc3ccnc4ccc(F)cc34)cc2OC)cn1,CCn1cc(NC(=O)Cc2ccc(Oc3ccnc4ccc(F)cc34)cc2OC)cn1,O=C(Cc1ccc(Oc2ccnc3ccccc23)cc1)Nc1cn[nH]c1,CHEMBL2023475,3.88,Lipophilicity,1,train
COc1ccc2c(Oc3ccc(CC(=O)Nc4cn(C)nc4C)c(OC)c3)ccnc2c1,COc1ccc2c(Oc3ccc(CC(=O)Nc4cn(C)nc4C)c(OC)c3)ccnc2c1,O=C(Cc1ccc(Oc2ccnc3ccccc23)cc1)Nc1cn[nH]c1,CHEMBL2023489,3.5,Lipophilicity,1,train
CCOc1ccccc1-c1ccc(-c2nc3ccc(F)cc3c(C(=O)NCCOCCN)c2C)cc1,CCOc1ccccc1-c1ccc(-c2nc3ccc(F)cc3c(C(=O)NCCOCCN)c2C)cc1,c1ccc(-c2ccc(-c3ccc4ccccc4n3)cc2)cc1,CHEMBL2335123,2.46,Lipophilicity,1,train
CCOc1ccccc1-c1ccc(-c2nc3ccc(F)cc3c(C(=O)O)c2C)cc1,CCOc1ccccc1-c1ccc(-c2nc3ccc(F)cc3c(C(=O)O)c2C)cc1,c1ccc(-c2ccc(-c3ccc4ccccc4n3)cc2)cc1,CHEMBL2335121,1.18,Lipophilicity,1,train
CCOc1ccccc1-c1ccc(-c2nc3ccc(F)cc3c(N[C@H](C)C(=O)O)c2C#N)cc1,CCOc1ccccc1-c1ccc(-c2nc3ccc(F)cc3c(NC(C)C(=O)O)c2C#N)cc1,c1ccc(-c2ccc(-c3ccc4ccccc4n3)cc2)cc1,CHEMBL248380,2.5,Lipophilicity,1,train
COc1ccc2ncc(=O)n(CCN3CC[C@@H](NCc4cc5c(cn4)OCCO5)[C@@H](O)C3)c2c1,COc1ccc2ncc(=O)n(CCN3CCC(NCc4cc5c(cn4)OCCO5)C(O)C3)c2c1,O=c1cnc2ccccc2n1CCN1CCC(NCc2cc3c(cn2)OCCO3)CC1,CHEMBL2164745,0.78,Lipophilicity,3,train
COc1ccc2ncc(=O)n(CCN3CC[C@H](NCc4cc5c(cn4)OCCO5)[C@@H](OC)C3)c2c1,COc1ccc2ncc(=O)n(CCN3CCC(NCc4cc5c(cn4)OCCO5)C(OC)C3)c2c1,O=c1cnc2ccccc2n1CCN1CCC(NCc2cc3c(cn2)OCCO3)CC1,CHEMBL2165060,1.25,Lipophilicity,1,train
COc1ccc2ncc(=O)n(CCN3CCC(NCc4cc5c(cn4)OCCO5)CC3)c2c1,COc1ccc2ncc(=O)n(CCN3CCC(NCc4cc5c(cn4)OCCO5)CC3)c2c1,O=c1cnc2ccccc2n1CCN1CCC(NCc2cc3c(cn2)OCCO3)CC1,CHEMBL1916542,0.93,Lipophilicity,1,train
Cc1cc(C#N)oc1-c1c2c(=O)n(C)c(=O)n(CC3CC3)c2nn1Cc1ccnc2ccc(Cl)cc12,Cc1cc(C#N)oc1-c1c2c(=O)n(C)c(=O)n(CC3CC3)c2nn1Cc1ccnc2ccc(Cl)cc12,O=c1[nH]c(=O)n(CC2CC2)c2nn(Cc3ccnc4ccccc34)c(-c3ccco3)c12,CHEMBL2087622,4.34,Lipophilicity,1,train
Cn1c(=O)c2c(-c3ccc(S(C)(=O)=O)o3)n(Cc3ccnc4ccc(Cl)cc34)nc2n(CC2CC2)c1=O,Cn1c(=O)c2c(-c3ccc(S(C)(=O)=O)o3)n(Cc3ccnc4ccc(Cl)cc34)nc2n(CC2CC2)c1=O,O=c1[nH]c(=O)n(CC2CC2)c2nn(Cc3ccnc4ccccc34)c(-c3ccco3)c12,CHEMBL513533,2.71,Lipophilicity,1,train
Cn1c(=O)c2c(-c3oc(S(C)(=O)=O)cc3Cl)n(Cc3ccnc4ccc(Cl)cc34)nc2n(CC2CC2)c1=O,Cn1c(=O)c2c(-c3oc(S(C)(=O)=O)cc3Cl)n(Cc3ccnc4ccc(Cl)cc34)nc2n(CC2CC2)c1=O,O=c1[nH]c(=O)n(CC2CC2)c2nn(Cc3ccnc4ccccc34)c(-c3ccco3)c12,CHEMBL469007,3.97,Lipophilicity,1,train
CC(=O)[C@@]1(O)CC[C@H]2[C@@H]3C[C@H](C)C4=CC(=O)C=C[C@]4(C)[C@@]3(F)[C@@H](O)C[C@@]21C,CC(=O)C1(O)CCC2C3CC(C)C4=CC(=O)C=CC4(C)C3(F)C(O)CC21C,O=C1C=CC2C(=C1)CCC1C3CCCC3CCC21,CHEMBL1200600,2.65,Lipophilicity,1,train
C[C@H]1C[C@@H]2[C@H]([C@@H](O)C[C@@]3(C)[C@H]2CC[C@]3(O)C(=O)CO)[C@@]2(C)C=CC(=O)C=C12,CC1CC2C(C(O)CC3(C)C2CCC3(O)C(=O)CO)C2(C)C=CC(=O)C=C12,O=C1C=CC2C(=C1)CCC1C3CCCC3CCC21,CHEMBL650,2.12,Lipophilicity,1,train
C[C@@H]1C[C@H]2[C@@H]3CCC4=CC(=O)C=C[C@]4(C)[C@@]3(F)[C@@H](O)C[C@]2(C)[C@@]1(O)C(=O)CO,CC1CC2C3CCC4=CC(=O)C=CC4(C)C3(F)C(O)CC2(C)C1(O)C(=O)CO,O=C1C=CC2C(=C1)CCC1C3CCCC3CCC21,CHEMBL384467,1.87,Lipophilicity,1,train
Cn1c(CN2CCN(c3ccc(Cl)cc3)CC2)nc2ccccc21,Cn1c(CN2CCN(c3ccc(Cl)cc3)CC2)nc2ccccc21,c1ccc(N2CCN(Cc3nc4ccccc4[nH]3)CC2)cc1,CHEMBL596271,3.54,Lipophilicity,1,train
Cn1c(CN2CCN(c3cccc(Cl)c3)CC2)nc2ccccc21,Cn1c(CN2CCN(c3cccc(Cl)c3)CC2)nc2ccccc21,c1ccc(N2CCN(Cc3nc4ccccc4[nH]3)CC2)cc1,CHEMBL1440652,3.75,Lipophilicity,1,train
Cn1c(CN2CCN(c3ccccc3)CC2)nc2ccccc21,Cn1c(CN2CCN(c3ccccc3)CC2)nc2ccccc21,c1ccc(N2CCN(Cc3nc4ccccc4[nH]3)CC2)cc1,CHEMBL593300,3.11,Lipophilicity,1,train
CC(=O)c1ccc(N2CCN(S(=O)(=O)C[C@]34CC[C@H](CC3=O)C4(C)C)CC2)nc1,CC(=O)c1ccc(N2CCN(S(=O)(=O)CC34CCC(CC3=O)C4(C)C)CC2)nc1,O=C1CC2CCC1(CS(=O)(=O)N1CCN(c3ccccn3)CC1)C2,CHEMBL465305,2.21,Lipophilicity,1,train
CC1(C)[C@@H]2CC[C@@]1(CS(=O)(=O)N1CCN(c3ccc(C#N)cn3)CC1)C(=O)C2,CC1(C)C2CCC1(CS(=O)(=O)N1CCN(c3ccc(C#N)cn3)CC1)C(=O)C2,O=C1CC2CCC1(CS(=O)(=O)N1CCN(c3ccccn3)CC1)C2,CHEMBL480208,2.46,Lipophilicity,1,train
CC1(C)[C@@H]2CC[C@@]1(CS(=O)(=O)N1CCN(c3ccc(C(F)(F)F)cn3)CC1)C(=O)C2,CC1(C)C2CCC1(CS(=O)(=O)N1CCN(c3ccc(C(F)(F)F)cn3)CC1)C(=O)C2,O=C1CC2CCC1(CS(=O)(=O)N1CCN(c3ccccn3)CC1)C2,CHEMBL464081,3.8,Lipophilicity,1,train
OC1(c2ccc(-c3ccccc3)cc2)CN2CCC1CC2,OC1(c2ccc(-c3ccccc3)cc2)CN2CCC1CC2,c1ccc(-c2ccc(C3CN4CCC3CC4)cc2)cc1,CHEMBL279261,1.5,Lipophilicity,1,train
Oc1ccc(-c2ccc(C3(O)CN4CCC3CC4)cc2)cc1,Oc1ccc(-c2ccc(C3(O)CN4CCC3CC4)cc2)cc1,c1ccc(-c2ccc(C3CN4CCC3CC4)cc2)cc1,CHEMBL100913,0.95,Lipophilicity,1,train
c1ccc(-c2ccc(C3CN4CCC3CC4)cc2)cc1,c1ccc(-c2ccc(C3CN4CCC3CC4)cc2)cc1,c1ccc(-c2ccc(C3CN4CCC3CC4)cc2)cc1,CHEMBL319077,1.76,Lipophilicity,1,train
Cc1cc(Oc2ccc3c(c2)OCO3)nc(Oc2ccc(-n3ccnc3)cc2)n1,Cc1cc(Oc2ccc3c(c2)OCO3)nc(Oc2ccc(-n3ccnc3)cc2)n1,c1cn(-c2ccc(Oc3nccc(Oc4ccc5c(c4)OCO5)n3)cc2)cn1,CHEMBL390674,3.47,Lipophilicity,1,train
Cc1cnc(Oc2ccc(-n3ccnc3)cc2)nc1Oc1ccc2c(c1)OCO2,Cc1cnc(Oc2ccc(-n3ccnc3)cc2)nc1Oc1ccc2c(c1)OCO2,c1cn(-c2ccc(Oc3nccc(Oc4ccc5c(c4)OCO5)n3)cc2)cn1,CHEMBL244184,3.56,Lipophilicity,1,train
c1cn(-c2ccc(Oc3nccc(Oc4ccc5c(c4)OCO5)n3)cc2)cn1,c1cn(-c2ccc(Oc3nccc(Oc4ccc5c(c4)OCO5)n3)cc2)cn1,c1cn(-c2ccc(Oc3nccc(Oc4ccc5c(c4)OCO5)n3)cc2)cn1,CHEMBL243978,3.27,Lipophilicity,1,train
CONC(=O)c1cnc(N2CCC(NC(=O)c3[nH]c(C)c(Cl)c3Cl)CC2)s1,CONC(=O)c1cnc(N2CCC(NC(=O)c3[nH]c(C)c(Cl)c3Cl)CC2)s1,O=C(NC1CCN(c2nccs2)CC1)c1ccc[nH]1,CHEMBL1923435,3.1,Lipophilicity,1,train
Cc1[nH]c(C(=O)NC2CCN(c3nc(C(=O)O)cs3)CC2)c(Cl)c1Cl,Cc1[nH]c(C(=O)NC2CCN(c3nc(C(=O)O)cs3)CC2)c(Cl)c1Cl,O=C(NC1CCN(c2nccs2)CC1)c1ccc[nH]1,CHEMBL1923434,0.14,Lipophilicity,1,train
Cc1[nH]c(C(=O)NC2CCN(c3ncc(C(=O)O)s3)CC2)c(Cl)c1Cl,Cc1[nH]c(C(=O)NC2CCN(c3ncc(C(=O)O)s3)CC2)c(Cl)c1Cl,O=C(NC1CCN(c2nccs2)CC1)c1ccc[nH]1,CHEMBL1923433,0.02,Lipophilicity,1,train
Cc1cc2n[nH]c(=O)n2c2cc(-c3ccc[nH]3)ccc12,Cc1cc2n[nH]c(=O)n2c2cc(-c3ccc[nH]3)ccc12,O=c1[nH]nc2ccc3ccc(-c4ccc[nH]4)cc3n12,CHEMBL1223526,3.29,Lipophilicity,1,train
Nc1cc2n[nH]c(=O)n2c2cc(-c3ccc[nH]3)ccc12,Nc1cc2n[nH]c(=O)n2c2cc(-c3ccc[nH]3)ccc12,O=c1[nH]nc2ccc3ccc(-c4ccc[nH]4)cc3n12,CHEMBL2012861,2.3,Lipophilicity,1,train
O=c1[nH]nc2cc(CO)c3ccc(-c4ccc[nH]4)cc3n12,O=c1[nH]nc2cc(CO)c3ccc(-c4ccc[nH]4)cc3n12,O=c1[nH]nc2ccc3ccc(-c4ccc[nH]4)cc3n12,CHEMBL2012881,2.19,Lipophilicity,1,train
Cc1cc(CN2CCC2)cnc1-c1ccc(C(=O)Nc2ccccc2N)cc1,Cc1cc(CN2CCC2)cnc1-c1ccc(C(=O)Nc2ccccc2N)cc1,O=C(Nc1ccccc1)c1ccc(-c2ccc(CN3CCC3)cn2)cc1,CHEMBL402208,1.18,Lipophilicity,1,train
N#Cc1cc(CN2CCC2)cnc1-c1ccc(C(=O)Nc2ccccc2N)cc1,N#Cc1cc(CN2CCC2)cnc1-c1ccc(C(=O)Nc2ccccc2N)cc1,O=C(Nc1ccccc1)c1ccc(-c2ccc(CN3CCC3)cn2)cc1,CHEMBL403813,1.22,Lipophilicity,1,train
Nc1ccccc1NC(=O)c1ccc(-c2ncc(CN3CCC3)cc2F)cc1,Nc1ccccc1NC(=O)c1ccc(-c2ncc(CN3CCC3)cc2F)cc1,O=C(Nc1ccccc1)c1ccc(-c2ccc(CN3CCC3)cn2)cc1,CHEMBL403812,1.69,Lipophilicity,1,train
Cc1ncc(-c2ccnc(Nc3ccc(C(=O)NC4CCN(C)CC4)cc3)n2)n1C(C)C,Cc1ncc(-c2ccnc(Nc3ccc(C(=O)NC4CCN(C)CC4)cc3)n2)n1C(C)C,O=C(NC1CCNCC1)c1ccc(Nc2nccc(-c3cnc[nH]3)n2)cc1,CHEMBL455468,1.87,Lipophilicity,1,train
Cc1ncc(-c2nc(Nc3ccc(C(=O)NC4CCN(C)CC4)c(F)c3)ncc2F)n1C(C)C,Cc1ncc(-c2nc(Nc3ccc(C(=O)NC4CCN(C)CC4)c(F)c3)ncc2F)n1C(C)C,O=C(NC1CCNCC1)c1ccc(Nc2nccc(-c3cnc[nH]3)n2)cc1,CHEMBL509406,2.41,Lipophilicity,1,train
Cc1ncc(-c2nc(Nc3ccc(C(=O)NC4CCN(C)CC4)cc3)ncc2F)n1C(C)C,Cc1ncc(-c2nc(Nc3ccc(C(=O)NC4CCN(C)CC4)cc3)ncc2F)n1C(C)C,O=C(NC1CCNCC1)c1ccc(Nc2nccc(-c3cnc[nH]3)n2)cc1,CHEMBL507722,2.13,Lipophilicity,1,train
CN(C)CCCNS(=O)(=O)c1ccc(Nc2nccc(-c3cnc4cccnn34)n2)cc1,CN(C)CCCNS(=O)(=O)c1ccc(Nc2nccc(-c3cnc4cccnn34)n2)cc1,c1ccc(Nc2nccc(-c3cnc4cccnn34)n2)cc1,CHEMBL515515,1.4,Lipophilicity,1,train
CNS(=O)(=O)c1ccc(Nc2nccc(-c3cnc4cccnn34)n2)cc1,CNS(=O)(=O)c1ccc(Nc2nccc(-c3cnc4cccnn34)n2)cc1,c1ccc(Nc2nccc(-c3cnc4cccnn34)n2)cc1,CHEMBL520003,2.8,Lipophilicity,1,train
COCCNS(=O)(=O)c1ccc(Nc2nccc(-c3cnc4cccnn34)n2)cc1,COCCNS(=O)(=O)c1ccc(Nc2nccc(-c3cnc4cccnn34)n2)cc1,c1ccc(Nc2nccc(-c3cnc4cccnn34)n2)cc1,CHEMBL457016,2.8,Lipophilicity,1,train
C[C@H](Nc1nc(Nc2ncc(C#N)s2)cc(N2CCOCC2)n1)c1ncc(F)cn1,CC(Nc1nc(Nc2ncc(C#N)s2)cc(N2CCOCC2)n1)c1ncc(F)cn1,c1cnc(CNc2nc(Nc3nccs3)cc(N3CCOCC3)n2)nc1,CHEMBL1087399,2.26,Lipophilicity,1,train
Cc1cnc(Nc2cc(N3CCOCC3)nc(N[C@@H](C)c3ncc(F)cn3)n2)s1,Cc1cnc(Nc2cc(N3CCOCC3)nc(NC(C)c3ncc(F)cn3)n2)s1,c1cnc(CNc2nc(Nc3nccs3)cc(N3CCOCC3)n2)nc1,CHEMBL1088030,2.68,Lipophilicity,1,train
Cc1cnc(Nc2nc(N[C@@H](C)c3ncc(F)cn3)nc(N3CCOCC3)c2F)s1,Cc1cnc(Nc2nc(NC(C)c3ncc(F)cn3)nc(N3CCOCC3)c2F)s1,c1cnc(CNc2nc(Nc3nccs3)cc(N3CCOCC3)n2)nc1,CHEMBL1080151,3.27,Lipophilicity,1,train
C#CCn1c(=O)c2c(-c3nc(C#N)cn3C)n(Cc3ccnc4ccc(Cl)cc34)nc2n(CC2CC2)c1=O,C#CCn1c(=O)c2c(-c3nc(C#N)cn3C)n(Cc3ccnc4ccc(Cl)cc34)nc2n(CC2CC2)c1=O,O=c1[nH]c(=O)n(CC2CC2)c2nn(Cc3ccnc4ccccc34)c(-c3ncc[nH]3)c12,CHEMBL2088115,3.4,Lipophilicity,1,train
C=CCn1c(=O)c2c(-c3nc(C#N)cn3C)n(Cc3ccnc4ccc(Cl)cc34)nc2n(CC2CC2)c1=O,C=CCn1c(=O)c2c(-c3nc(C#N)cn3C)n(Cc3ccnc4ccc(Cl)cc34)nc2n(CC2CC2)c1=O,O=c1[nH]c(=O)n(CC2CC2)c2nn(Cc3ccnc4ccccc34)c(-c3ncc[nH]3)c12,CHEMBL2088118,3.92,Lipophilicity,1,train
Cn1cc(S(C)(=O)=O)nc1-c1c2c(=O)n(C)c(=O)n(CC3CC3)c2nn1Cc1ccnc2ccc(Cl)cc12,Cn1cc(S(C)(=O)=O)nc1-c1c2c(=O)n(C)c(=O)n(CC3CC3)c2nn1Cc1ccnc2ccc(Cl)cc12,O=c1[nH]c(=O)n(CC2CC2)c2nn(Cc3ccnc4ccccc34)c(-c3ncc[nH]3)c12,CHEMBL467148,2.64,Lipophilicity,1,train
CC(C)[C@@H](CO)NS(=O)(=O)c1ccc(Cl)s1,CC(C)C(CO)NS(=O)(=O)c1ccc(Cl)s1,c1ccsc1,CHEMBL447426,2.3,Lipophilicity,1,train
CC(C)C[C@@H](CO)NS(=O)(=O)c1ccc(Cl)s1,CC(C)CC(CO)NS(=O)(=O)c1ccc(Cl)s1,c1ccsc1,CHEMBL452464,2.8,Lipophilicity,1,train
CC[C@H](C)[C@@H](CO)NS(=O)(=O)c1ccc(Cl)s1,CCC(C)C(CO)NS(=O)(=O)c1ccc(Cl)s1,c1ccsc1,CHEMBL472151,2.7,Lipophilicity,1,train
COc1ccc(COC(=O)N2CCC(CNc3ncccn3)CC2)cc1,COc1ccc(COC(=O)N2CCC(CNc3ncccn3)CC2)cc1,O=C(OCc1ccccc1)N1CCC(CNc2ncccn2)CC1,CHEMBL217904,3.14,Lipophilicity,1,train
Cc1ccc(COC(=O)N2CC[C@H](CNc3ncccn3)[C@H](F)C2)cc1,Cc1ccc(COC(=O)N2CCC(CNc3ncccn3)C(F)C2)cc1,O=C(OCc1ccccc1)N1CCC(CNc2ncccn2)CC1,CHEMBL2068839,3.21,Lipophilicity,1,train
Cc1ccc(COC(=O)N2CCC(CNc3ncccn3)CC2)cc1,Cc1ccc(COC(=O)N2CCC(CNc3ncccn3)CC2)cc1,O=C(OCc1ccccc1)N1CCC(CNc2ncccn2)CC1,CHEMBL218713,3.6,Lipophilicity,1,train
O=C(Nc1cccc(-c2nnn[nH]2)c1)c1cc(C(F)(F)F)cc2[nH]cnc12,O=C(Nc1cccc(-c2nnn[nH]2)c1)c1cc(C(F)(F)F)cc2[nH]cnc12,O=C(Nc1cccc(-c2nnn[nH]2)c1)c1cccc2[nH]cnc12,CHEMBL2031559,1.1,Lipophilicity,1,train
O=C(Nc1cccc(-c2nnn[nH]2)c1)c1cc(F)cc2[nH]cnc12,O=C(Nc1cccc(-c2nnn[nH]2)c1)c1cc(F)cc2[nH]cnc12,O=C(Nc1cccc(-c2nnn[nH]2)c1)c1cccc2[nH]cnc12,CHEMBL2031563,0.29,Lipophilicity,1,train
O=C(Nc1cccc(-c2nnn[nH]2)c1)c1cccc2[nH]cnc12,O=C(Nc1cccc(-c2nnn[nH]2)c1)c1cccc2[nH]cnc12,O=C(Nc1cccc(-c2nnn[nH]2)c1)c1cccc2[nH]cnc12,CHEMBL2031556,-0.05,Lipophilicity,1,train
CCCSc1ncccc1C(=O)N(C)C1CCCCC1,CCCSc1ncccc1C(=O)N(C)C1CCCCC1,O=C(NC1CCCCC1)c1cccnc1,CHEMBL2153175,3.36,Lipophilicity,1,train
CCCSc1ncccc1C(=O)NC1CCC(F)(F)CC1,CCCSc1ncccc1C(=O)NC1CCC(F)(F)CC1,O=C(NC1CCCCC1)c1cccnc1,CHEMBL2153176,2.85,Lipophilicity,1,train
CCCSc1ncccc1C(=O)NC1CCCCC1,CCCSc1ncccc1C(=O)NC1CCCCC1,O=C(NC1CCCCC1)c1cccnc1,CHEMBL2153173,3.24,Lipophilicity,1,train
Cc1[nH]c2nc(NCc3ccc(Cl)cc3)nn2c(=O)c1Cc1ccccc1,Cc1[nH]c2nc(NCc3ccc(Cl)cc3)nn2c(=O)c1Cc1ccccc1,O=c1c(Cc2ccccc2)c[nH]c2nc(NCc3ccccc3)nn12,CHEMBL1718949,3.7,Lipophilicity,1,train
Cc1[nH]c2nc(NCc3cccc(Br)c3)nn2c(=O)c1Cc1ccccc1,Cc1[nH]c2nc(NCc3cccc(Br)c3)nn2c(=O)c1Cc1ccccc1,O=c1c(Cc2ccccc2)c[nH]c2nc(NCc3ccccc3)nn12,CHEMBL1397672,3.68,Lipophilicity,1,train
Cc1[nH]c2nc(NCc3cccc(Cl)c3)nn2c(=O)c1Cc1ccccc1,Cc1[nH]c2nc(NCc3cccc(Cl)c3)nn2c(=O)c1Cc1ccccc1,O=c1c(Cc2ccccc2)c[nH]c2nc(NCc3ccccc3)nn12,CHEMBL1567398,3.6,Lipophilicity,1,train
CC(C)(C)OC(=O)NCCCSC[C@H]1O[C@@H](n2cnc3c(N)ncnc32)[C@H](O)[C@@H]1O,CC(C)(C)OC(=O)NCCCSCC1OC(n2cnc3c(N)ncnc32)C(O)C1O,c1ncc2ncn(C3CCCO3)c2n1,CHEMBL2170975,1.2,Lipophilicity,1,train
CCCCSc1nc(N)c2ncn([C@@H]3O[C@H](CO)[C@@H](O)[C@H]3O)c2n1,CCCCSc1nc(N)c2ncn(C3OC(CO)C(O)C3O)c2n1,c1ncc2ncn(C3CCCO3)c2n1,CHEMBL1233689,1.51,Lipophilicity,1,train
COc1nc(N)nc2c1ncn2[C@@H]1O[C@H](CO)[C@@H](O)[C@H]1O,COc1nc(N)nc2c1ncn2C1OC(CO)C(O)C1O,c1ncc2ncn(C3CCCO3)c2n1,CHEMBL406852,-0.58,Lipophilicity,1,train
CC(C)C(NC(=O)Cn1c(-c2cccc(C(=O)O)c2)ccc(NC(=O)OCc2ccccc2)c1=O)C(=O)C(F)(F)F,CC(C)C(NC(=O)Cn1c(-c2cccc(C(=O)O)c2)ccc(NC(=O)OCc2ccccc2)c1=O)C(=O)C(F)(F)F,O=C(Nc1ccc(-c2ccccc2)[nH]c1=O)OCc1ccccc1,CHEMBL325873,1.2,Lipophilicity,1,train
CC(C)C(NC(=O)Cn1c(-c2ccccc2)ccc(NC(=O)OCc2ccc(C(=O)O)cc2)c1=O)C(=O)C(F)(F)F,CC(C)C(NC(=O)Cn1c(-c2ccccc2)ccc(NC(=O)OCc2ccc(C(=O)O)cc2)c1=O)C(=O)C(F)(F)F,O=C(Nc1ccc(-c2ccccc2)[nH]c1=O)OCc1ccccc1,CHEMBL280916,0.84,Lipophilicity,1,train
COc1cc(OC)cc(-c2ccc(NC(=O)OCc3ccccc3)c(=O)n2CC(=O)NC(C(=O)C(F)(F)F)C(C)C)c1,COc1cc(OC)cc(-c2ccc(NC(=O)OCc3ccccc3)c(=O)n2CC(=O)NC(C(=O)C(F)(F)F)C(C)C)c1,O=C(Nc1ccc(-c2ccccc2)[nH]c1=O)OCc1ccccc1,CHEMBL112880,2.26,Lipophilicity,1,train
CCN(C(=O)Nc1ccccc1)c1ccccc1,CCN(C(=O)Nc1ccccc1)c1ccccc1,O=C(Nc1ccccc1)Nc1ccccc1,CHEMBL1393651,3.1,Lipophilicity,1,train
O=C(Nc1ccc([N+](=O)[O-])cc1O)Nc1ccccc1Br,O=C(Nc1ccc([N+](=O)[O-])cc1O)Nc1ccccc1Br,O=C(Nc1ccccc1)Nc1ccccc1,CHEMBL239767,3.9,Lipophilicity,1,train
O=C(Nc1ccccc1)Nc1ccccc1C(=O)O,O=C(Nc1ccccc1)Nc1ccccc1C(=O)O,O=C(Nc1ccccc1)Nc1ccccc1,CHEMBL157063,-0.12,Lipophilicity,1,train
COc1ccnc(NC2CCN(C(=O)c3ccc(C#N)cc3)CC2)c1,COc1ccnc(NC2CCN(C(=O)c3ccc(C#N)cc3)CC2)c1,O=C(c1ccccc1)N1CCC(Nc2ccccn2)CC1,CHEMBL114500,1.73,Lipophilicity,1,train
COc1ccnc(NC2CCN(C(=O)c3ccc(Cl)cc3)CC2)c1,COc1ccnc(NC2CCN(C(=O)c3ccc(Cl)cc3)CC2)c1,O=C(c1ccccc1)N1CCC(Nc2ccccn2)CC1,CHEMBL112866,2.82,Lipophilicity,1,train
COc1ccnc(NC2CCN(C(=O)c3ccccc3)CC2)c1,COc1ccnc(NC2CCN(C(=O)c3ccccc3)CC2)c1,O=C(c1ccccc1)N1CCC(Nc2ccccn2)CC1,CHEMBL112747,2.06,Lipophilicity,1,train
CCN(C(=O)Cc1ccc(S(C)(=O)=O)cc1)C1CCN(CC[C@@H](c2cc(F)cc(F)c2)N2CCN(S(C)(=O)=O)CC2)CC1,CCN(C(=O)Cc1ccc(S(C)(=O)=O)cc1)C1CCN(CCC(c2cc(F)cc(F)c2)N2CCN(S(C)(=O)=O)CC2)CC1,O=C(Cc1ccccc1)NC1CCN(CCC(c2ccccc2)N2CCNCC2)CC1,CHEMBL1951909,1.25,Lipophilicity,1,train
CCN(C(=O)Cc1ccc(S(C)(=O)=O)cc1)C1CCN(CC[C@@H](c2ccccc2)N2CCN(S(=O)(=O)C(F)(F)F)CC2)CC1,CCN(C(=O)Cc1ccc(S(C)(=O)=O)cc1)C1CCN(CCC(c2ccccc2)N2CCN(S(=O)(=O)C(F)(F)F)CC2)CC1,O=C(Cc1ccccc1)NC1CCN(CCC(c2ccccc2)N2CCNCC2)CC1,CHEMBL1951898,2.86,Lipophilicity,1,train
CCN(C(=O)Cc1ccc(S(C)(=O)=O)cc1)C1CCN(CC[C@@H](c2ccccc2)N2CCN(S(=O)(=O)CC(F)(F)F)CC2)CC1,CCN(C(=O)Cc1ccc(S(C)(=O)=O)cc1)C1CCN(CCC(c2ccccc2)N2CCN(S(=O)(=O)CC(F)(F)F)CC2)CC1,O=C(Cc1ccccc1)NC1CCN(CCC(c2ccccc2)N2CCNCC2)CC1,CHEMBL1951899,1.8,Lipophilicity,1,train
CCc1c(C)nc2sc(C(N)=O)c(N)c2c1C,CCc1c(C)nc2sc(C(N)=O)c(N)c2c1C,c1cnc2sccc2c1,CHEMBL1688537,2.62,Lipophilicity,1,train
CN(C)c1ccnc2sc(C(N)=O)c(N)c12,CN(C)c1ccnc2sc(C(N)=O)c(N)c12,c1cnc2sccc2c1,CHEMBL1409708,1.7,Lipophilicity,1,train
Cc1ccc2c(N)c(C#N)sc2n1,Cc1ccc2c(N)c(C#N)sc2n1,c1cnc2sccc2c1,CHEMBL1575581,2.23,Lipophilicity,1,train
COCCOc1cc(Nc2nccc(N(C)c3cc(CO)ccc3C)n2)cc(N2CCOCC2)c1,COCCOc1cc(Nc2nccc(N(C)c3cc(CO)ccc3C)n2)cc(N2CCOCC2)c1,c1ccc(Nc2ccnc(Nc3cccc(N4CCOCC4)c3)n2)cc1,CHEMBL1762544,3.3,Lipophilicity,1,train
COc1cc(Nc2nccc(N(C)c3cc(CO)ccc3C)n2)cc(N2CCOCC2)c1,COc1cc(Nc2nccc(N(C)c3cc(CO)ccc3C)n2)cc(N2CCOCC2)c1,c1ccc(Nc2ccnc(Nc3cccc(N4CCOCC4)c3)n2)cc1,CHEMBL1762545,3.9,Lipophilicity,1,train
Cc1ccc(CO)cc1N(C)c1ccnc(Nc2cc(N3CCOCC3)cc(S(C)(=O)=O)c2)n1,Cc1ccc(CO)cc1N(C)c1ccnc(Nc2cc(N3CCOCC3)cc(S(C)(=O)=O)c2)n1,c1ccc(Nc2ccnc(Nc3cccc(N4CCOCC4)c3)n2)cc1,CHEMBL1762546,2.9,Lipophilicity,1,train
CO[C@@H]1CN(CCn2c(=O)ccc3ccc(C#N)cc32)CC[C@H]1NCc1ccc2c(n1)NC(=O)CO2,COC1CN(CCn2c(=O)ccc3ccc(C#N)cc32)CCC1NCc1ccc2c(n1)NC(=O)CO2,O=C1COc2ccc(CNC3CCN(CCn4c(=O)ccc5ccccc54)CC3)nc2N1,CHEMBL2165059,0.5650000000000001,Lipophilicity,2,train
N#Cc1ccc2ccc(=O)n(CCN3CC[C@@H](NCc4ccc5c(n4)NC(=O)CO5)[C@@H](F)C3)c2c1,N#Cc1ccc2ccc(=O)n(CCN3CCC(NCc4ccc5c(n4)NC(=O)CO5)C(F)C3)c2c1,O=C1COc2ccc(CNC3CCN(CCn4c(=O)ccc5ccccc54)CC3)nc2N1,CHEMBL2165066,0.66,Lipophilicity,1,train
N#Cc1ccc2ccc(=O)n(CCN3CC[C@H](NCc4ccc5c(n4)NC(=O)CO5)[C@H](O)C3)c2c1,N#Cc1ccc2ccc(=O)n(CCN3CCC(NCc4ccc5c(n4)NC(=O)CO5)C(O)C3)c2c1,O=C1COc2ccc(CNC3CCN(CCn4c(=O)ccc5ccccc54)CC3)nc2N1,CHEMBL2164742,0.11,Lipophilicity,1,train
CC(=O)Nc1cccc(S(=O)(=O)Nc2ccc(-c3ccccc3)n(CC(=O)NC(C(=O)C(F)(F)F)C(C)C)c2=O)c1,CC(=O)Nc1cccc(S(=O)(=O)Nc2ccc(-c3ccccc3)n(CC(=O)NC(C(=O)C(F)(F)F)C(C)C)c2=O)c1,O=c1[nH]c(-c2ccccc2)ccc1NS(=O)(=O)c1ccccc1,CHEMBL114868,2.43,Lipophilicity,1,train
CC(C)C(NC(=O)Cn1c(-c2ccccc2)ccc(NS(=O)(=O)c2ccccc2)c1=O)C(=O)C(F)(F)F,CC(C)C(NC(=O)Cn1c(-c2ccccc2)ccc(NS(=O)(=O)c2ccccc2)c1=O)C(=O)C(F)(F)F,O=c1[nH]c(-c2ccccc2)ccc1NS(=O)(=O)c1ccccc1,CHEMBL304354,2.26,Lipophilicity,1,train
COc1ccc(S(=O)(=O)Nc2ccc(-c3ccccc3)n(CC(=O)NC(C(=O)C(F)(F)F)C(C)C)c2=O)cc1,COc1ccc(S(=O)(=O)Nc2ccc(-c3ccccc3)n(CC(=O)NC(C(=O)C(F)(F)F)C(C)C)c2=O)cc1,O=c1[nH]c(-c2ccccc2)ccc1NS(=O)(=O)c1ccccc1,CHEMBL303165,2.5,Lipophilicity,1,train
COc1ccc2c(C)cc(N[C@H]3CCC[C@H](NCc4ccsc4)C3)nc2c1,COc1ccc2c(C)cc(NC3CCCC(NCc4ccsc4)C3)nc2c1,c1ccc2nc(NC3CCCC(NCc4ccsc4)C3)ccc2c1,CHEMBL250516,2.46,Lipophilicity,1,train
COc1ccc2nc(N[C@H]3CCC[C@H](NCc4ccsc4)C3)cc(C)c2c1,COc1ccc2nc(NC3CCCC(NCc4ccsc4)C3)cc(C)c2c1,c1ccc2nc(NC3CCCC(NCc4ccsc4)C3)ccc2c1,CHEMBL400883,2.41,Lipophilicity,1,train
COc1ccc2nc(N[C@H]3CCC[C@H](NCc4ccsc4)C3)ccc2c1,COc1ccc2nc(NC3CCCC(NCc4ccsc4)C3)ccc2c1,c1ccc2nc(NC3CCCC(NCc4ccsc4)C3)ccc2c1,CHEMBL250540,2.43,Lipophilicity,1,train
CC(C)CC(c1ccccn1)n1[nH]c(=O)c2nc3cc(Cl)ccc3c(O)c2c1=O,CC(C)CC(c1ccccn1)n1[nH]c(=O)c2nc3cc(Cl)ccc3c(O)c2c1=O,O=c1[nH]n(Cc2ccccn2)c(=O)c2cc3ccccc3nc12,CHEMBL1184124,1.83,Lipophilicity,1,train
CC(c1ccccn1)n1[nH]c(=O)c2nc3cc(Cl)ccc3c(O)c2c1=O,CC(c1ccccn1)n1[nH]c(=O)c2nc3cc(Cl)ccc3c(O)c2c1=O,O=c1[nH]n(Cc2ccccn2)c(=O)c2cc3ccccc3nc12,CHEMBL1180267,0.51,Lipophilicity,1,train
CCC(c1ccccn1)n1[nH]c(=O)c2nc3cc(Cl)ccc3c(O)c2c1=O,CCC(c1ccccn1)n1[nH]c(=O)c2nc3cc(Cl)ccc3c(O)c2c1=O,O=c1[nH]n(Cc2ccccn2)c(=O)c2cc3ccccc3nc12,CHEMBL1180194,0.8,Lipophilicity,1,train
Cc1ccc2nc(CCNCCCO)ccc2c1NC(=O)CC12CC3CC(CC(C3)C1)C2,Cc1ccc2nc(CCNCCCO)ccc2c1NC(=O)CC12CC3CC(CC(C3)C1)C2,O=C(CC12CC3CC(CC(C3)C1)C2)Nc1cccc2ncccc12,CHEMBL564366,1.18,Lipophilicity,1,train
O=C(CC12CC3CC(CC(C3)C1)C2)Nc1cccc2nc(NCCNCCO)ccc12,O=C(CC12CC3CC(CC(C3)C1)C2)Nc1cccc2nc(NCCNCCO)ccc12,O=C(CC12CC3CC(CC(C3)C1)C2)Nc1cccc2ncccc12,CHEMBL562308,1.79,Lipophilicity,1,train
O=C(CC12CC3CC(CC(C3)C1)C2)Nc1cccc2ncccc12,O=C(CC12CC3CC(CC(C3)C1)C2)Nc1cccc2ncccc12,O=C(CC12CC3CC(CC(C3)C1)C2)Nc1cccc2ncccc12,CHEMBL1372682,3.83,Lipophilicity,1,train
COc1ccnc(CCc2nc3c(C)ccnc3[nH]2)c1,COc1ccnc(CCc2nc3c(C)ccnc3[nH]2)c1,c1ccc(CCc2nc3cccnc3[nH]2)nc1,CHEMBL1800528,2.1,Lipophilicity,1,train
COc1ccnc(CCc2nc3cc(Br)cnc3[nH]2)c1,COc1ccnc(CCc2nc3cc(Br)cnc3[nH]2)c1,c1ccc(CCc2nc3cccnc3[nH]2)nc1,CHEMBL1800526,2.92,Lipophilicity,1,train
COc1ccnc(CCc2nc3cccnc3[nH]2)c1,COc1ccnc(CCc2nc3cccnc3[nH]2)c1,c1ccc(CCc2nc3cccnc3[nH]2)nc1,CHEMBL1738840,1.69,Lipophilicity,1,train
CN(C)C(=O)[C@H](Cc1ccccc1)NC(=O)c1cc2cc(F)ccc2[nH]1,CN(C)C(=O)C(Cc1ccccc1)NC(=O)c1cc2cc(F)ccc2[nH]1,O=C(NCCc1ccccc1)c1cc2ccccc2[nH]1,CHEMBL327504,3.5,Lipophilicity,1,train
CN(C)C(=O)[C@H](Cc1ccccc1)NC(=O)c1cc2ccccc2[nH]1,CN(C)C(=O)C(Cc1ccccc1)NC(=O)c1cc2ccccc2[nH]1,O=C(NCCc1ccccc1)c1cc2ccccc2[nH]1,CHEMBL319165,3.4,Lipophilicity,1,train
CN(C)C(=O)[C@H](O)[C@H](Cc1ccccc1)NC(=O)c1cc2cc(Cl)ccc2[nH]1,CN(C)C(=O)C(O)C(Cc1ccccc1)NC(=O)c1cc2cc(Cl)ccc2[nH]1,O=C(NCCc1ccccc1)c1cc2ccccc2[nH]1,CHEMBL319136,3.6,Lipophilicity,1,train
CCNC(=O)c1cc2c(-n3ccc(C(F)(F)F)n3)c(-c3cc(-c4n[nH]c(=O)o4)cnc3OC)cnc2[nH]1,CCNC(=O)c1cc2c(-n3ccc(C(F)(F)F)n3)c(-c3cc(-c4n[nH]c(=O)o4)cnc3OC)cnc2[nH]1,O=c1[nH]nc(-c2cncc(-c3cnc4[nH]ccc4c3-n3cccn3)c2)o1,CHEMBL2059380,2.91,Lipophilicity,1,train
CCNC(=O)c1cc2c(-n3ccc(C(F)(F)F)n3)c(-c3cnc(OC)c(-c4n[nH]c(=O)o4)c3)cnc2[nH]1,CCNC(=O)c1cc2c(-n3ccc(C(F)(F)F)n3)c(-c3cnc(OC)c(-c4n[nH]c(=O)o4)c3)cnc2[nH]1,O=c1[nH]nc(-c2cncc(-c3cnc4[nH]ccc4c3-n3cccn3)c2)o1,CHEMBL2059379,2.32,Lipophilicity,1,train
CCNC(=O)c1cc2c(-n3ccc(C(F)(F)F)n3)c(-c3cncc(-c4n[nH]c(=O)o4)c3)cnc2[nH]1,CCNC(=O)c1cc2c(-n3ccc(C(F)(F)F)n3)c(-c3cncc(-c4n[nH]c(=O)o4)c3)cnc2[nH]1,O=c1[nH]nc(-c2cncc(-c3cnc4[nH]ccc4c3-n3cccn3)c2)o1,CHEMBL2059378,1.65,Lipophilicity,1,train
Cc1cc(Nc2cnc(C#N)c(N[C@@H](C)c3ccc(F)cn3)n2)n[nH]1,Cc1cc(Nc2cnc(C#N)c(NC(C)c3ccc(F)cn3)n2)n[nH]1,c1ccc(CNc2cncc(Nc3cc[nH]n3)n2)nc1,CHEMBL576257,2.51,Lipophilicity,1,train
Cc1cc(Nc2nc(N[C@@H](C)c3ccc(F)cn3)c(C#N)nc2C)n[nH]1,Cc1cc(Nc2nc(NC(C)c3ccc(F)cn3)c(C#N)nc2C)n[nH]1,c1ccc(CNc2cncc(Nc3cc[nH]n3)n2)nc1,CHEMBL578201,2.61,Lipophilicity,1,train
Cc1cc(Nc2nc(N[C@@H](C)c3ccc(F)cn3)cnc2C)n[nH]1,Cc1cc(Nc2nc(NC(C)c3ccc(F)cn3)cnc2C)n[nH]1,c1ccc(CNc2cncc(Nc3cc[nH]n3)n2)nc1,CHEMBL576068,1.73,Lipophilicity,1,train
COC(=O)COc1ccc(OCCNCC(O)COc2ccccc2)cc1,COC(=O)COc1ccc(OCCNCC(O)COc2ccccc2)cc1,c1ccc(OCCCNCCOc2ccccc2)cc1,CHEMBL48190,1.54,Lipophilicity,1,train
NC(=O)COc1ccc(OCCNCC(O)COc2ccccc2)cc1,NC(=O)COc1ccc(OCCNCC(O)COc2ccccc2)cc1,c1ccc(OCCCNCCOc2ccccc2)cc1,CHEMBL49739,0.63,Lipophilicity,1,train
O=C(COc1ccc(OCCNCC(O)COc2ccccc2)cc1)NCCO,O=C(COc1ccc(OCCNCC(O)COc2ccccc2)cc1)NCCO,c1ccc(OCCCNCCOc2ccccc2)cc1,CHEMBL49722,0.42,Lipophilicity,1,train
Cc1cccc(-c2nc3cc(Cl)ccc3[nH]2)n1,Cc1cccc(-c2nc3cc(Cl)ccc3[nH]2)n1,c1ccc(-c2nc3ccccc3[nH]2)nc1,CHEMBL162203,4.1,Lipophilicity,1,train
O=[N+]([O-])c1ccc2[nH]c(-c3ccccn3)nc2c1,O=[N+]([O-])c1ccc2[nH]c(-c3ccccn3)nc2c1,c1ccc(-c2nc3ccccc3[nH]2)nc1,CHEMBL380979,2.8,Lipophilicity,1,train
c1ccc(-c2nc3ccccc3[nH]2)nc1,c1ccc(-c2nc3ccccc3[nH]2)nc1,c1ccc(-c2nc3ccccc3[nH]2)nc1,CHEMBL72683,2.5,Lipophilicity,1,train
CC(C)Nc1nc(NCc2ccccc2)c2sccc2n1,CC(C)Nc1nc(NCc2ccccc2)c2sccc2n1,c1ccc(CNc2ncnc3ccsc23)cc1,CHEMBL1890087,3.9,Lipophilicity,1,train
COCCNc1nc(NCc2ccccc2F)c2sccc2n1,COCCNc1nc(NCc2ccccc2F)c2sccc2n1,c1ccc(CNc2ncnc3ccsc23)cc1,CHEMBL1868114,3.4,Lipophilicity,1,train
COc1cccc(CNc2nc(NC(C)C)nc3ccsc23)c1OC,COc1cccc(CNc2nc(NC(C)C)nc3ccsc23)c1OC,c1ccc(CNc2ncnc3ccsc23)cc1,CHEMBL1891338,3.7,Lipophilicity,1,train
C[C@@H](Oc1ccc(S(C)(=O)=O)cc1C(=O)N1CCN(c2ncc(C(F)(F)F)cc2F)CC1)C(F)(F)F,CC(Oc1ccc(S(C)(=O)=O)cc1C(=O)N1CCN(c2ncc(C(F)(F)F)cc2F)CC1)C(F)(F)F,O=C(c1ccccc1)N1CCN(c2ccccn2)CC1,CHEMBL1169880,3.49,Lipophilicity,1,train
Cc1ccccc1C(=O)N1CCN(c2ccccn2)CC1,Cc1ccccc1C(=O)N1CCN(c2ccccn2)CC1,O=C(c1ccccc1)N1CCN(c2ccccn2)CC1,CHEMBL1448915,2.18,Lipophilicity,1,train
O=C(c1cccc(Cl)c1Cl)N1CCN(c2ccccn2)CC1,O=C(c1cccc(Cl)c1Cl)N1CCN(c2ccccn2)CC1,O=C(c1ccccc1)N1CCN(c2ccccn2)CC1,CHEMBL1458496,2.98,Lipophilicity,1,train
CC1(C)CCC(NC(=O)[C@@H](N)CCC(=O)O)CC1,CC1(C)CCC(NC(=O)C(N)CCC(=O)O)CC1,C1CCCCC1,CHEMBL1255840,-0.27,Lipophilicity,1,train
CC1CC(CN)CC(CO)C1,CC1CC(CN)CC(CO)C1,C1CCCCC1,CHEMBL1715893,-1.4,Lipophilicity,1,train
NC(=O)C1CCCCC1,NC(=O)C1CCCCC1,C1CCCCC1,CHEMBL366975,0.9,Lipophilicity,1,train
CC(C)Cn1c(=O)n(C)c(=O)c2c(C(=O)N3C[C@@H](O)[C@@H](O)C3)c(Cc3ccnc4ccccc34)sc21,CC(C)Cn1c(=O)n(C)c(=O)c2c(C(=O)N3CC(O)C(O)C3)c(Cc3ccnc4ccccc34)sc21,O=C(c1c(Cc2ccnc3ccccc23)sc2[nH]c(=O)[nH]c(=O)c12)N1CCCC1,CHEMBL373974,1.18,Lipophilicity,1,train
CC(C)Cn1c(=O)n(C)c(=O)c2c(C(=O)N3CC[C@@H](O)C3)c(Cc3ccnc4ccc(F)cc34)sc21,CC(C)Cn1c(=O)n(C)c(=O)c2c(C(=O)N3CCC(O)C3)c(Cc3ccnc4ccc(F)cc34)sc21,O=C(c1c(Cc2ccnc3ccccc23)sc2[nH]c(=O)[nH]c(=O)c12)N1CCCC1,CHEMBL218468,1.95,Lipophilicity,1,train
CC(C)Cn1c(=O)n(C)c(=O)c2c(C(=O)N3CC[C@@H](O)C3)c(Cc3ccnc4ccccc34)sc21,CC(C)Cn1c(=O)n(C)c(=O)c2c(C(=O)N3CCC(O)C3)c(Cc3ccnc4ccccc34)sc21,O=C(c1c(Cc2ccnc3ccccc23)sc2[nH]c(=O)[nH]c(=O)c12)N1CCCC1,CHEMBL205742,1.65,Lipophilicity,1,train
CC(C)Cn1cnc(-c2ccccc2)c1-c1nc2c(N)ncnc2s1,CC(C)Cn1cnc(-c2ccccc2)c1-c1nc2c(N)ncnc2s1,c1ccc(-c2nc[nH]c2-c2nc3cncnc3s2)cc1,CHEMBL1079590,3.72,Lipophilicity,1,train
CCn1cnc(-c2ccccc2)c1-c1nc2c(N)ncnc2s1,CCn1cnc(-c2ccccc2)c1-c1nc2c(N)ncnc2s1,c1ccc(-c2nc[nH]c2-c2nc3cncnc3s2)cc1,CHEMBL1079588,2.97,Lipophilicity,1,train
Cn1cnc(-c2ccccc2)c1-c1nc2c(N)ncnc2s1,Cn1cnc(-c2ccccc2)c1-c1nc2c(N)ncnc2s1,c1ccc(-c2nc[nH]c2-c2nc3cncnc3s2)cc1,CHEMBL1076330,2.69,Lipophilicity,1,train
CS(=O)(=O)NC(=O)CCCc1c(-c2ccc(F)cc2)[nH]c2ccc(C#N)cc12,CS(=O)(=O)NC(=O)CCCc1c(-c2ccc(F)cc2)[nH]c2ccc(C#N)cc12,c1ccc(-c2cc3ccccc3[nH]2)cc1,CHEMBL440405,1.5,Lipophilicity,1,train
Cc1c(-c2ccc(O)cc2)n(C)c2ccc(O)cc12,Cc1c(-c2ccc(O)cc2)n(C)c2ccc(O)cc12,c1ccc(-c2cc3ccccc3[nH]2)cc1,CHEMBL442995,3.8,Lipophilicity,1,train
N#Cc1ccc2[nH]c(-c3ccc(F)cc3)c(CCCC(=O)NS(N)(=O)=O)c2c1,N#Cc1ccc2[nH]c(-c3ccc(F)cc3)c(CCCC(=O)NS(N)(=O)=O)c2c1,c1ccc(-c2cc3ccccc3[nH]2)cc1,CHEMBL257830,1.95,Lipophilicity,1,train
CCN(CC)CC(=O)Nc1c(C#N)cnn1-c1ccccc1,CCN(CC)CC(=O)Nc1c(C#N)cnn1-c1ccccc1,c1ccc(-n2cccn2)cc1,CHEMBL1543041,0.4,Lipophilicity,1,train
Cc1cc(C)n(-c2cccc(Cl)c2C#N)n1,Cc1cc(C)n(-c2cccc(Cl)c2C#N)n1,c1ccc(-n2cccn2)cc1,CHEMBL1441229,3.0,Lipophilicity,1,train
Cc1cc(N)n(-c2ccccc2)n1,Cc1cc(N)n(-c2ccccc2)n1,c1ccc(-n2cccn2)cc1,CHEMBL1604278,1.25,Lipophilicity,1,train
CN(C(=O)Cc1ccc(-n2cnnn2)cc1)C1CCN(Cc2ccc(C(F)(F)F)cc2)CC1,CN(C(=O)Cc1ccc(-n2cnnn2)cc1)C1CCN(Cc2ccc(C(F)(F)F)cc2)CC1,O=C(Cc1ccc(-n2cnnn2)cc1)NC1CCN(Cc2ccccc2)CC1,CHEMBL2010836,3.0,Lipophilicity,1,train
CN(C(=O)Cc1ccc(-n2cnnn2)cc1)[C@@H]1CCN(Cc2ccc(C(F)(F)F)cc2)C[C@@H]1F,CN(C(=O)Cc1ccc(-n2cnnn2)cc1)C1CCN(Cc2ccc(C(F)(F)F)cc2)CC1F,O=C(Cc1ccc(-n2cnnn2)cc1)NC1CCN(Cc2ccccc2)CC1,CHEMBL2010845,3.3,Lipophilicity,2,train
CO[C@@H]1CN(Cc2ccc(C(F)(F)F)cc2)CC[C@@H]1N(C)C(=O)Cc1ccc(-n2cnnn2)cc1,COC1CN(Cc2ccc(C(F)(F)F)cc2)CCC1N(C)C(=O)Cc1ccc(-n2cnnn2)cc1,O=C(Cc1ccc(-n2cnnn2)cc1)NC1CCN(Cc2ccccc2)CC1,CHEMBL2010846,3.05,Lipophilicity,2,train
CCCSc1c(C(=O)N(C)C2CCCCC2)cnn1-c1ccc(C(=O)O)cc1,CCCSc1c(C(=O)N(C)C2CCCCC2)cnn1-c1ccc(C(=O)O)cc1,O=C(NC1CCCCC1)c1cnn(-c2ccccc2)c1,CHEMBL2177614,0.59,Lipophilicity,1,train
CCCSc1c(C(=O)NC2CCCCC2)cnn1-c1ccc(C(=O)O)cc1,CCCSc1c(C(=O)NC2CCCCC2)cnn1-c1ccc(C(=O)O)cc1,O=C(NC1CCCCC1)c1cnn(-c2ccccc2)c1,CHEMBL2177613,0.64,Lipophilicity,1,train
CCCSc1c(C(=O)NC2CCCCC2)cnn1-c1cccc(C(=O)O)c1,CCCSc1c(C(=O)NC2CCCCC2)cnn1-c1cccc(C(=O)O)c1,O=C(NC1CCCCC1)c1cnn(-c2ccccc2)c1,CHEMBL2177110,0.7,Lipophilicity,1,train
CCNC(=O)C[C@@H]1N=C(c2ccc(Cl)cc2)c2cc(OC)ccc2-n2c(C)nnc21,CCNC(=O)CC1N=C(c2ccc(Cl)cc2)c2cc(OC)ccc2-n2c(C)nnc21,c1ccc(C2=NCc3nncn3-c3ccccc32)cc1,CHEMBL1232461,2.44,Lipophilicity,2,train
Cc1nnc2n1-c1ccc(Cl)cc1C(c1ccccc1)=NC2,Cc1nnc2n1-c1ccc(Cl)cc1C(c1ccccc1)=NC2,c1ccc(C2=NCc3nncn3-c3ccccc32)cc1,CHEMBL661,1.98,Lipophilicity,1,train
Cc1nnc2n1-c1ccc(Cl)cc1C(c1ccccc1Cl)=NC2,Cc1nnc2n1-c1ccc(Cl)cc1C(c1ccccc1Cl)=NC2,c1ccc(C2=NCc3nncn3-c3ccccc32)cc1,CHEMBL646,2.34,Lipophilicity,1,train
Fc1ccc(CN2CCN(c3ccc4nnc(C(F)(F)F)n4n3)CC2)cc1,Fc1ccc(CN2CCN(c3ccc4nnc(C(F)(F)F)n4n3)CC2)cc1,c1ccc(CN2CCN(c3ccc4nncn4n3)CC2)cc1,CHEMBL2346968,3.46,Lipophilicity,1,train
Fc1cccc(CN2CCN(c3ccc4nnc(C(F)(F)F)n4n3)CC2)c1F,Fc1cccc(CN2CCN(c3ccc4nnc(C(F)(F)F)n4n3)CC2)c1F,c1ccc(CN2CCN(c3ccc4nncn4n3)CC2)cc1,CHEMBL2346969,3.6,Lipophilicity,1,train
N#Cc1ccc(CN2CCN(c3ccc4nnc(C(F)(F)F)n4n3)CC2)cc1,N#Cc1ccc(CN2CCN(c3ccc4nnc(C(F)(F)F)n4n3)CC2)cc1,c1ccc(CN2CCN(c3ccc4nncn4n3)CC2)cc1,CHEMBL2346967,2.9,Lipophilicity,1,train
CN1CCN(S(=O)(=O)c2ccc(-c3cnc(N)c(C(=O)Nc4cccnc4)n3)c(C(F)(F)F)c2)CC1,CN1CCN(S(=O)(=O)c2ccc(-c3cnc(N)c(C(=O)Nc4cccnc4)n3)c(C(F)(F)F)c2)CC1,O=C(Nc1cccnc1)c1cncc(-c2ccc(S(=O)(=O)N3CCNCC3)cc2)n1,CHEMBL2177155,3.25,Lipophilicity,1,train
CN1CCN(S(=O)(=O)c2ccc(-c3cnc(N)c(C(=O)Nc4cccnc4)n3)cc2F)CC1,CN1CCN(S(=O)(=O)c2ccc(-c3cnc(N)c(C(=O)Nc4cccnc4)n3)cc2F)CC1,O=C(Nc1cccnc1)c1cncc(-c2ccc(S(=O)(=O)N3CCNCC3)cc2)n1,CHEMBL2177157,2.66,Lipophilicity,1,train
Cc1cc(S(=O)(=O)N2CCN(C)CC2)ccc1-c1cnc(N)c(C(=O)Nc2cccnc2)n1,Cc1cc(S(=O)(=O)N2CCN(C)CC2)ccc1-c1cnc(N)c(C(=O)Nc2cccnc2)n1,O=C(Nc1cccnc1)c1cncc(-c2ccc(S(=O)(=O)N3CCNCC3)cc2)n1,CHEMBL2182002,2.6,Lipophilicity,1,train
O=c1[nH]c2c(O)ccc([C@@H](O)CNCCCSCCNCCc3cccc(Cl)c3)c2s1,O=c1[nH]c2c(O)ccc(C(O)CNCCCSCCNCCc3cccc(Cl)c3)c2s1,O=c1[nH]c2cccc(CCNCCCSCCNCCc3ccccc3)c2s1,CHEMBL1807869,1.06,Lipophilicity,1,train
O=c1[nH]c2c(O)ccc([C@@H](O)CNCCCSCCNCCc3cccc(Cl)c3Cl)c2s1,O=c1[nH]c2c(O)ccc(C(O)CNCCCSCCNCCc3cccc(Cl)c3Cl)c2s1,O=c1[nH]c2cccc(CCNCCCSCCNCCc3ccccc3)c2s1,CHEMBL1807871,1.74,Lipophilicity,1,train
O=c1[nH]c2c(O)ccc([C@@H](O)CNCCCSCCNCCc3ccccc3Cl)c2s1,O=c1[nH]c2c(O)ccc(C(O)CNCCCSCCNCCc3ccccc3Cl)c2s1,O=c1[nH]c2cccc(CCNCCCSCCNCCc3ccccc3)c2s1,CHEMBL1807870,0.99,Lipophilicity,1,train
CN(C)c1cccc2c(S(=O)(=O)Nc3cnccn3)cccc12,CN(C)c1cccc2c(S(=O)(=O)Nc3cnccn3)cccc12,O=S(=O)(Nc1cnccn1)c1cccc2ccccc12,CHEMBL6399,0.9,Lipophilicity,1,train
COc1nc(Br)cnc1NS(=O)(=O)c1cccc2c(N(C)C)cccc12,COc1nc(Br)cnc1NS(=O)(=O)c1cccc2c(N(C)C)cccc12,O=S(=O)(Nc1cnccn1)c1cccc2ccccc12,CHEMBL6800,1.9,Lipophilicity,1,train
COc1nc(Cl)cnc1NS(=O)(=O)c1cccc2c(N(C)C)cccc12,COc1nc(Cl)cnc1NS(=O)(=O)c1cccc2c(N(C)C)cccc12,O=S(=O)(Nc1cnccn1)c1cccc2ccccc12,CHEMBL6412,1.74,Lipophilicity,1,train
CC(=O)Nc1ccc(S(=O)(=O)Nc2ccccn2)cc1,CC(=O)Nc1ccc(S(=O)(=O)Nc2ccccn2)cc1,O=S(=O)(Nc1ccccn1)c1ccccc1,CHEMBL1507581,0.24,Lipophilicity,1,train
COc1ccc(S(=O)(=O)Nc2ccccn2)cc1,COc1ccc(S(=O)(=O)Nc2ccccn2)cc1,O=S(=O)(Nc1ccccn1)c1ccccc1,CHEMBL1422545,0.87,Lipophilicity,1,train
Nc1ccc(S(=O)(=O)Nc2ccccn2)cc1,Nc1ccc(S(=O)(=O)Nc2ccccn2)cc1,O=S(=O)(Nc1ccccn1)c1ccccc1,CHEMBL700,-0.01,Lipophilicity,1,train
Cc1cccc(Cn2ccn3c(=O)cc(N4CCOCC4)nc23)c1,Cc1cccc(Cn2ccn3c(=O)cc(N4CCOCC4)nc23)c1,O=c1cc(N2CCOCC2)nc2n(Cc3ccccc3)ccn12,CHEMBL1957851,2.8,Lipophilicity,1,train
Cc1ccccc1Cn1ccn2c(=O)cc(N3CCOCC3)nc12,Cc1ccccc1Cn1ccn2c(=O)cc(N3CCOCC3)nc12,O=c1cc(N2CCOCC2)nc2n(Cc3ccccc3)ccn12,CHEMBL1957850,2.3,Lipophilicity,1,train
O=c1cc(N2CCOCC2)nc2n(Cc3cccc(Cl)c3Cl)ccn12,O=c1cc(N2CCOCC2)nc2n(Cc3cccc(Cl)c3Cl)ccn12,O=c1cc(N2CCOCC2)nc2n(Cc3ccccc3)ccn12,CHEMBL1957840,3.3,Lipophilicity,1,train
CCCNCc1cnc(-c2ccc(C(=O)Nc3ccccc3N)cc2)s1,CCCNCc1cnc(-c2ccc(C(=O)Nc3ccccc3N)cc2)s1,O=C(Nc1ccccc1)c1ccc(-c2nccs2)cc1,CHEMBL256115,1.75,Lipophilicity,1,train
CCNCc1cnc(-c2ccc(C(=O)Nc3ccccc3N)cc2)s1,CCNCc1cnc(-c2ccc(C(=O)Nc3ccccc3N)cc2)s1,O=C(Nc1ccccc1)c1ccc(-c2nccs2)cc1,CHEMBL256322,0.95,Lipophilicity,1,train
Nc1ccccc1NC(=O)c1ccc(-c2nccs2)cc1,Nc1ccccc1NC(=O)c1ccc(-c2nccs2)cc1,O=C(Nc1ccccc1)c1ccc(-c2nccs2)cc1,CHEMBL256711,2.3,Lipophilicity,1,train
CC(C)Cn1c(=O)n(C)c(=O)c2c(SCCCO)n(Cc3cccc4ccccc34)cc21,CC(C)Cn1c(=O)n(C)c(=O)c2c(SCCCO)n(Cc3cccc4ccccc34)cc21,O=c1[nH]c(=O)c2cn(Cc3cccc4ccccc34)cc2[nH]1,CHEMBL85752,4.36,Lipophilicity,1,train
CC(C)Cn1c(=O)n(C)c(=O)c2cn(Cc3cccc4ccccc34)cc21,CC(C)Cn1c(=O)n(C)c(=O)c2cn(Cc3cccc4ccccc34)cc21,O=c1[nH]c(=O)c2cn(Cc3cccc4ccccc34)cc2[nH]1,CHEMBL315970,4.41,Lipophilicity,1,train
CC(C)n1c(=O)n(C)c(=O)c2cn(Cc3cccc4ccccc34)cc21,CC(C)n1c(=O)n(C)c(=O)c2cn(Cc3cccc4ccccc34)cc21,O=c1[nH]c(=O)c2cn(Cc3cccc4ccccc34)cc2[nH]1,CHEMBL84597,3.97,Lipophilicity,1,train
CC(C)C(NC(=O)Cn1c(-c2ccccc2)ccc(NC(=O)Cc2ccc(C(=O)O)cc2)c1=O)C(=O)C(F)(F)F,CC(C)C(NC(=O)Cn1c(-c2ccccc2)ccc(NC(=O)Cc2ccc(C(=O)O)cc2)c1=O)C(=O)C(F)(F)F,O=C(Cc1ccccc1)Nc1ccc(-c2ccccc2)[nH]c1=O,CHEMBL113725,0.35,Lipophilicity,1,train
CC(C)C(NC(=O)Cn1c(-c2ccccc2)ccc(NC(=O)Cc2cccc(C(=O)O)c2)c1=O)C(=O)C(F)(F)F,CC(C)C(NC(=O)Cn1c(-c2ccccc2)ccc(NC(=O)Cc2cccc(C(=O)O)c2)c1=O)C(=O)C(F)(F)F,O=C(Cc1ccccc1)Nc1ccc(-c2ccccc2)[nH]c1=O,CHEMBL424620,0.68,Lipophilicity,1,train
CC(C)C(NC(=O)Cn1c(-c2ccccc2)ccc(NC(=O)Cc2ccccc2C(=O)O)c1=O)C(=O)C(F)(F)F,CC(C)C(NC(=O)Cn1c(-c2ccccc2)ccc(NC(=O)Cc2ccccc2C(=O)O)c1=O)C(=O)C(F)(F)F,O=C(Cc1ccccc1)Nc1ccc(-c2ccccc2)[nH]c1=O,CHEMBL324343,1.14,Lipophilicity,1,train
CN(c1ccnc(Nc2cccc(S(C)(=O)=O)c2)n1)c1cccc2[nH]ncc12,CN(c1ccnc(Nc2cccc(S(C)(=O)=O)c2)n1)c1cccc2[nH]ncc12,c1ccc(Nc2nccc(Nc3cccc4[nH]ncc34)n2)cc1,CHEMBL1271394,3.21,Lipophilicity,1,train
CS(=O)(=O)c1cccc(Nc2nccc(Nc3cccc4[nH]ncc34)n2)c1,CS(=O)(=O)c1cccc(Nc2nccc(Nc3cccc4[nH]ncc34)n2)c1,c1ccc(Nc2nccc(Nc3cccc4[nH]ncc34)n2)cc1,CHEMBL1236772,2.91,Lipophilicity,1,train
NS(=O)(=O)c1cccc(Nc2nccc(Nc3cccc4[nH]ncc34)n2)c1,NS(=O)(=O)c1cccc(Nc2nccc(Nc3cccc4[nH]ncc34)n2)c1,c1ccc(Nc2nccc(Nc3cccc4[nH]ncc34)n2)cc1,CHEMBL398894,2.6,Lipophilicity,1,train
CC(C)N1CCC[C@@H](CN2CCN(C(=O)Nc3ccc(Cl)c(Cl)c3)CC2)C1,CC(C)N1CCCC(CN2CCN(C(=O)Nc3ccc(Cl)c(Cl)c3)CC2)C1,O=C(Nc1ccccc1)N1CCN(CC2CCCNC2)CC1,CHEMBL2036758,1.62,Lipophilicity,1,train
CCN1CCC[C@@H](CN2CCN(C(=O)Nc3ccc(Cl)c(Cl)c3)CC2)C1,CCN1CCCC(CN2CCN(C(=O)Nc3ccc(Cl)c(Cl)c3)CC2)C1,O=C(Nc1ccccc1)N1CCN(CC2CCCNC2)CC1,CHEMBL2036751,1.9,Lipophilicity,2,train
CN1CCCC(CN2CCN(C(=O)Nc3ccc(Cl)c(Cl)c3)CC2)C1,CN1CCCC(CN2CCN(C(=O)Nc3ccc(Cl)c(Cl)c3)CC2)C1,O=C(Nc1ccccc1)N1CCN(CC2CCCNC2)CC1,CHEMBL2036748,1.98,Lipophilicity,1,train
CN(C)C(=O)N[C@H]1CC[C@H](CCN2CCN(c3ccc(Cl)c(Cl)c3)CC2)CC1,CN(C)C(=O)NC1CCC(CCN2CCN(c3ccc(Cl)c(Cl)c3)CC2)CC1,c1ccc(N2CCN(CCC3CCCCC3)CC2)cc1,CHEMBL2024676,3.15,Lipophilicity,1,train
CN(C)C(=O)N[C@H]1CC[C@H](CCN2CCN(c3ccc(Cl)cc3)CC2)CC1,CN(C)C(=O)NC1CCC(CCN2CCN(c3ccc(Cl)cc3)CC2)CC1,c1ccc(N2CCN(CCC3CCCCC3)CC2)cc1,CHEMBL2024524,2.81,Lipophilicity,1,train
CN(C)C(=O)N[C@H]1CC[C@H](CCN2CCN(c3cccc(Cl)c3Cl)CC2)CC1,CN(C)C(=O)NC1CCC(CCN2CCN(c3cccc(Cl)c3Cl)CC2)CC1,c1ccc(N2CCN(CCC3CCCCC3)CC2)cc1,CHEMBL2028019,3.6,Lipophilicity,1,train
CCC(=O)N1CCN(C(=O)c2cc(Cc3n[nH]c(=O)c4ccccc34)ccc2F)CC1,CCC(=O)N1CCN(C(=O)c2cc(Cc3n[nH]c(=O)c4ccccc34)ccc2F)CC1,O=C(c1cccc(Cc2n[nH]c(=O)c3ccccc23)c1)N1CCNCC1,CHEMBL494505,1.22,Lipophilicity,1,train
CN1CCN(C(=O)c2cc(Cc3n[nH]c(=O)c4ccccc34)ccc2F)CC1,CN1CCN(C(=O)c2cc(Cc3n[nH]c(=O)c4ccccc34)ccc2F)CC1,O=C(c1cccc(Cc2n[nH]c(=O)c3ccccc23)c1)N1CCNCC1,CHEMBL521815,1.03,Lipophilicity,1,train
CN1CCN(C(=O)c2cccc(Cc3n[nH]c(=O)c4ccccc34)c2)CC1,CN1CCN(C(=O)c2cccc(Cc3n[nH]c(=O)c4ccccc34)c2)CC1,O=C(c1cccc(Cc2n[nH]c(=O)c3ccccc23)c1)N1CCNCC1,CHEMBL523829,0.92,Lipophilicity,1,train
CC1(c2ccc(Cl)c(Cl)c2)CC(=O)NC(N)=N1,CC1(c2ccc(Cl)c(Cl)c2)CC(=O)NC(N)=N1,O=C1CC(c2ccccc2)N=CN1,CHEMBL397162,1.59,Lipophilicity,1,train
CC1(c2ccccc2)CC(=O)NC(N)=N1,CC1(c2ccccc2)CC(=O)NC(N)=N1,O=C1CC(c2ccccc2)N=CN1,CHEMBL238087,0.62,Lipophilicity,1,train
NC1=NC(c2ccc(Cl)c(Cl)c2)CC(=O)N1,NC1=NC(c2ccc(Cl)c(Cl)c2)CC(=O)N1,O=C1CC(c2ccccc2)N=CN1,CHEMBL235763,1.46,Lipophilicity,1,train
CC(=O)Nc1ccc(CNc2[nH]nc3cccc(Oc4ccc(F)cc4)c23)cc1,CC(=O)Nc1ccc(CNc2[nH]nc3cccc(Oc4ccc(F)cc4)c23)cc1,c1ccc(CNc2[nH]nc3cccc(Oc4ccccc4)c23)cc1,CHEMBL189181,4.28,Lipophilicity,1,train
CC(=O)Nc1ccc(CNc2[nH]nc3cccc(Oc4ccc(S(C)(=O)=O)cc4)c23)cc1,CC(=O)Nc1ccc(CNc2[nH]nc3cccc(Oc4ccc(S(C)(=O)=O)cc4)c23)cc1,c1ccc(CNc2[nH]nc3cccc(Oc4ccccc4)c23)cc1,CHEMBL185658,2.63,Lipophilicity,1,train
COc1ccc(OC)c(CNc2[nH]nc3cccc(Oc4ccc(S(C)(=O)=O)cc4)c23)c1,COc1ccc(OC)c(CNc2[nH]nc3cccc(Oc4ccc(S(C)(=O)=O)cc4)c23)c1,c1ccc(CNc2[nH]nc3cccc(Oc4ccccc4)c23)cc1,CHEMBL188705,3.71,Lipophilicity,1,train
CCC(C)(C)C(=O)O[C@H]1C[C@@H](C)C=C2C=C[C@H](C)[C@H](CC[C@@H](O)C[C@@H](O)CC(=O)O)[C@H]21,CCC(C)(C)C(=O)OC1CC(C)C=C2C=CC(C)C(CCC(O)CC(O)CC(=O)O)C21,C1=CC2=CCCCC2CC1,CHEMBL1201391,1.55,Lipophilicity,1,train
CC[C@H](C)C(=O)O[C@H]1C[C@@H](C)C=C2C=C[C@H](C)[C@H](CC[C@@H](O)C[C@@H](O)CC(=O)O)[C@H]21,CCC(C)C(=O)OC1CC(C)C=C2C=CC(C)C(CCC(O)CC(O)CC(=O)O)C21,C1=CC2=CCCCC2CC1,CHEMBL1201373,1.07,Lipophilicity,1,train
CC[C@H](C)C(=O)O[C@H]1C[C@H](O)C=C2C=C[C@H](C)[C@H](CC[C@@H](O)C[C@@H](O)CC(=O)O)[C@H]21,CCC(C)C(=O)OC1CC(O)C=C2C=CC(C)C(CCC(O)CC(O)CC(=O)O)C21,C1=CC2=CCCCC2CC1,CHEMBL1144,-0.76,Lipophilicity,1,train
N#Cc1ccc(-c2cc(NC(N)=O)c(C(=O)N[C@H]3CCCNC3)s2)cc1,N#Cc1ccc(-c2cc(NC(N)=O)c(C(=O)NC3CCCNC3)s2)cc1,O=C(NC1CCCNC1)c1ccc(-c2ccccc2)s1,CHEMBL2078762,0.61,Lipophilicity,1,train
NC(=O)Nc1cc(-c2cccc(F)c2F)sc1C(=O)N[C@H]1CCCNC1,NC(=O)Nc1cc(-c2cccc(F)c2F)sc1C(=O)NC1CCCNC1,O=C(NC1CCCNC1)c1ccc(-c2ccccc2)s1,CHEMBL2078873,1.32,Lipophilicity,1,train
NC(=O)Nc1cc(-c2ccccc2)sc1C(=O)N[C@H]1CCCNC1,NC(=O)Nc1cc(-c2ccccc2)sc1C(=O)NC1CCCNC1,O=C(NC1CCCNC1)c1ccc(-c2ccccc2)s1,CHEMBL2079220,1.04,Lipophilicity,1,train
CCn1c2ccccc2c2cc(NC(=O)CCc3ccncc3)ccc21,CCn1c2ccccc2c2cc(NC(=O)CCc3ccncc3)ccc21,O=C(CCc1ccncc1)Nc1ccc2[nH]c3ccccc3c2c1,CHEMBL325475,3.75,Lipophilicity,1,train
CS(=O)(=O)n1c2ccccc2c2cc(NC(=O)CCc3ccncc3)ccc21,CS(=O)(=O)n1c2ccccc2c2cc(NC(=O)CCc3ccncc3)ccc21,O=C(CCc1ccncc1)Nc1ccc2[nH]c3ccccc3c2c1,CHEMBL325486,3.4,Lipophilicity,1,train
Cn1c2ccccc2c2cc(NC(=O)CCc3ccncc3)ccc21,Cn1c2ccccc2c2cc(NC(=O)CCc3ccncc3)ccc21,O=C(CCc1ccncc1)Nc1ccc2[nH]c3ccccc3c2c1,CHEMBL118973,3.8,Lipophilicity,1,train
Cc1c(Cl)ccc(OC2CCN(C[C@H](O)CNC(=O)c3c[nH]nc3C(F)(F)F)CC2)c1Cl,Cc1c(Cl)ccc(OC2CCN(CC(O)CNC(=O)c3c[nH]nc3C(F)(F)F)CC2)c1Cl,O=C(NCCCN1CCC(Oc2ccccc2)CC1)c1cn[nH]c1,CHEMBL2207660,3.66,Lipophilicity,1,train
Cc1cc(Cl)ccc1OC1CCN(C[C@H](O)CNC(=O)c2c[nH]nc2C(F)(F)F)CC1,Cc1cc(Cl)ccc1OC1CCN(CC(O)CNC(=O)c2c[nH]nc2C(F)(F)F)CC1,O=C(NCCCN1CCC(Oc2ccccc2)CC1)c1cn[nH]c1,CHEMBL2207659,3.02,Lipophilicity,1,train
O=C(NC[C@@H](O)CN1CCC(Oc2ccc(Cl)c(Cl)c2)CC1)c1c[nH]nc1C(F)(F)F,O=C(NCC(O)CN1CCC(Oc2ccc(Cl)c(Cl)c2)CC1)c1c[nH]nc1C(F)(F)F,O=C(NCCCN1CCC(Oc2ccccc2)CC1)c1cn[nH]c1,CHEMBL2207658,3.34,Lipophilicity,1,train
CN(c1ccnc(Nc2cc(N3CCOCC3)cc(N3CCOCC3)c2)n1)c1cccc2[nH]ncc12,CN(c1ccnc(Nc2cc(N3CCOCC3)cc(N3CCOCC3)c2)n1)c1cccc2[nH]ncc12,c1cc(Nc2ccnc(Nc3cc(N4CCOCC4)cc(N4CCOCC4)c3)n2)c2cn[nH]c2c1,CHEMBL1269858,3.23,Lipophilicity,1,train
Clc1n[nH]c2cccc(Nc3ccnc(Nc4cc(N5CCOCC5)cc(N5CCOCC5)c4)n3)c12,Clc1n[nH]c2cccc(Nc3ccnc(Nc4cc(N5CCOCC5)cc(N5CCOCC5)c4)n3)c12,c1cc(Nc2ccnc(Nc3cc(N4CCOCC4)cc(N4CCOCC4)c3)n2)c2cn[nH]c2c1,CHEMBL1270279,2.78,Lipophilicity,1,train
c1cc(Nc2ccnc(Nc3cc(N4CCOCC4)cc(N4CCOCC4)c3)n2)c2cn[nH]c2c1,c1cc(Nc2ccnc(Nc3cc(N4CCOCC4)cc(N4CCOCC4)c3)n2)c2cn[nH]c2c1,c1cc(Nc2ccnc(Nc3cc(N4CCOCC4)cc(N4CCOCC4)c3)n2)c2cn[nH]c2c1,CHEMBL1271187,3.05,Lipophilicity,1,train
Cn1c(N)nc(CCc2ccccc2)cc1=O,Cn1c(N)nc(CCc2ccccc2)cc1=O,O=c1cc(CCc2ccccc2)nc[nH]1,CHEMBL237888,2.0,Lipophilicity,1,train
Nc1nc(CCc2cccc(Br)c2)cc(=O)[nH]1,Nc1nc(CCc2cccc(Br)c2)cc(=O)[nH]1,O=c1cc(CCc2ccccc2)nc[nH]1,CHEMBL236779,2.52,Lipophilicity,1,train
Nc1nc(CCc2ccccc2)cc(=O)[nH]1,Nc1nc(CCc2ccccc2)cc(=O)[nH]1,O=c1cc(CCc2ccccc2)nc[nH]1,CHEMBL235821,1.4,Lipophilicity,1,train
COc1cc2ncnc(Nc3cccc(Cl)c3F)c2cc1OC1CCN(C)CC1,COc1cc2ncnc(Nc3cccc(Cl)c3F)c2cc1OC1CCN(C)CC1,c1ccc(Nc2ncnc3ccc(OC4CCNCC4)cc23)cc1,CHEMBL214798,2.72,Lipophilicity,1,train
COc1cc2ncnc(Nc3cccc(Cl)c3F)c2cc1OC1CCN(CC(N)=O)CC1,COc1cc2ncnc(Nc3cccc(Cl)c3F)c2cc1OC1CCN(CC(N)=O)CC1,c1ccc(Nc2ncnc3ccc(OC4CCNCC4)cc23)cc1,CHEMBL218677,3.1,Lipophilicity,1,train
COc1cc2ncnc(Nc3cccc(Cl)c3F)c2cc1OC1CCN(S(C)(=O)=O)CC1,COc1cc2ncnc(Nc3cccc(Cl)c3F)c2cc1OC1CCN(S(C)(=O)=O)CC1,c1ccc(Nc2ncnc3ccc(OC4CCNCC4)cc23)cc1,CHEMBL387265,2.82,Lipophilicity,1,train
CN(C)C(=O)C1(N2CCCCC2=O)CCN(CC[C@H](CN(C)C(=O)c2cc(C#N)cc3ccccc23)c2ccc(Cl)c(Cl)c2)CC1,CN(C)C(=O)C1(N2CCCCC2=O)CCN(CCC(CN(C)C(=O)c2cc(C#N)cc3ccccc23)c2ccc(Cl)c(Cl)c2)CC1,O=C(NCC(CCN1CCC(N2CCCCC2=O)CC1)c1ccccc1)c1cccc2ccccc12,CHEMBL341175,2.52,Lipophilicity,1,train
CNC(=O)C1(N2CCCCC2=O)CCN(CC[C@H](CN(C)C(=O)c2c(OC)c(C#N)cc3ccccc23)c2ccc(Cl)c(Cl)c2)CC1,CNC(=O)C1(N2CCCCC2=O)CCN(CCC(CN(C)C(=O)c2c(OC)c(C#N)cc3ccccc23)c2ccc(Cl)c(Cl)c2)CC1,O=C(NCC(CCN1CCC(N2CCCCC2=O)CC1)c1ccccc1)c1cccc2ccccc12,CHEMBL339051,2.78,Lipophilicity,1,train
CNC(=O)C1(N2CCCCC2=O)CCN(CC[C@H](CN(C)C(=O)c2cc(C#N)cc3ccccc23)c2ccc(Cl)c(Cl)c2)CC1,CNC(=O)C1(N2CCCCC2=O)CCN(CCC(CN(C)C(=O)c2cc(C#N)cc3ccccc23)c2ccc(Cl)c(Cl)c2)CC1,O=C(NCC(CCN1CCC(N2CCCCC2=O)CC1)c1ccccc1)c1cccc2ccccc12,CHEMBL339212,2.5,Lipophilicity,1,train
CCCN(CCCOCCOCCc1ccccc1)CCc1ccc(O)c2nc(O)sc12,CCCN(CCCOCCOCCc1ccccc1)CCc1ccc(O)c2nc(O)sc12,c1ccc(CCOCCOCCCNCCc2cccc3ncsc23)cc1,CHEMBL110940,2.74,Lipophilicity,1,train
CCN(CCCOCCOCCc1ccccc1)CCc1ccc(O)c2nc(O)sc12,CCN(CCCOCCOCCc1ccccc1)CCc1ccc(O)c2nc(O)sc12,c1ccc(CCOCCOCCCNCCc2cccc3ncsc23)cc1,CHEMBL110855,2.45,Lipophilicity,1,train
CN(CCCOCCOCCc1ccccc1)CCc1ccc(O)c2nc(O)sc12,CN(CCCOCCOCCc1ccccc1)CCc1ccc(O)c2nc(O)sc12,c1ccc(CCOCCOCCCNCCc2cccc3ncsc23)cc1,CHEMBL110999,2.44,Lipophilicity,1,train
N=C(N)Nc1ccc(C(=O)Oc2ccc(Cl)cc2)cc1,N=C(N)Nc1ccc(C(=O)Oc2ccc(Cl)cc2)cc1,O=C(Oc1ccccc1)c1ccccc1,CHEMBL1184584,0.7,Lipophilicity,1,train
N=C(N)Nc1ccc(C(=O)Oc2ccc([N+](=O)[O-])cc2)cc1,N=C(N)Nc1ccc(C(=O)Oc2ccc([N+](=O)[O-])cc2)cc1,O=C(Oc1ccccc1)c1ccccc1,CHEMBL550687,0.5,Lipophilicity,1,train
N=C(N)Nc1ccc(C(=O)Oc2ccccc2)cc1,N=C(N)Nc1ccc(C(=O)Oc2ccccc2)cc1,O=C(Oc1ccccc1)c1ccccc1,CHEMBL149324,-0.21,Lipophilicity,1,train
Cc1cc(CN2Cc3ccccc3C2C(=O)Nc2cc(Cl)ccc2Cl)ccc1OCC(=O)O,Cc1cc(CN2Cc3ccccc3C2C(=O)Nc2cc(Cl)ccc2Cl)ccc1OCC(=O)O,O=C(Nc1ccccc1)C1c2ccccc2CN1Cc1ccccc1,CHEMBL1643195,2.19,Lipophilicity,1,train
Cc1cc(CN2Cc3ccccc3C2C(=O)Nc2ccc(Cl)cc2)ccc1OCC(=O)O,Cc1cc(CN2Cc3ccccc3C2C(=O)Nc2ccc(Cl)cc2)ccc1OCC(=O)O,O=C(Nc1ccccc1)C1c2ccccc2CN1Cc1ccccc1,CHEMBL1643196,1.38,Lipophilicity,1,train
Cc1cc(CN2Cc3ccccc3C2C(=O)Nc2ccc(Cl)cc2Cl)ccc1OCC(=O)O,Cc1cc(CN2Cc3ccccc3C2C(=O)Nc2ccc(Cl)cc2Cl)ccc1OCC(=O)O,O=C(Nc1ccccc1)C1c2ccccc2CN1Cc1ccccc1,CHEMBL1643194,2.62,Lipophilicity,1,train
CNc1cc(C(=O)Nc2ccc(N3CCOCC3)cc2)nc2c(N3CCN(C)CC3)cc(OC)cc12,CNc1cc(C(=O)Nc2ccc(N3CCOCC3)cc2)nc2c(N3CCN(C)CC3)cc(OC)cc12,O=C(Nc1ccc(N2CCOCC2)cc1)c1ccc2cccc(N3CCNCC3)c2n1,CHEMBL225364,2.93,Lipophilicity,1,train
COc1cc(C(=O)Nc2ccc(N3CCOCC3)cc2)nc2c(N3CCN(C)CC3)cc(F)cc12,COc1cc(C(=O)Nc2ccc(N3CCOCC3)cc2)nc2c(N3CCN(C)CC3)cc(F)cc12,O=C(Nc1ccc(N2CCOCC2)cc1)c1ccc2cccc(N3CCNCC3)c2n1,CHEMBL224267,3.85,Lipophilicity,1,train
COc1cc(N2CCN(C)CC2)c2nc(C(=O)Nc3ccc(N4CCOCC4)cc3)cc(N(C)C)c2c1,COc1cc(N2CCN(C)CC2)c2nc(C(=O)Nc3ccc(N4CCOCC4)cc3)cc(N(C)C)c2c1,O=C(Nc1ccc(N2CCOCC2)cc1)c1ccc2cccc(N3CCNCC3)c2n1,CHEMBL387545,3.3,Lipophilicity,1,train
C[C@@](N)(Cc1ccccc1)c1ccccc1,CC(N)(Cc1ccccc1)c1ccccc1,c1ccc(CCc2ccccc2)cc1,CHEMBL451286,1.7,Lipophilicity,2,train
NC(Cc1ccccc1)c1ccccc1,NC(Cc1ccccc1)c1ccccc1,c1ccc(CCc2ccccc2)cc1,CHEMBL351811,1.32,Lipophilicity,1,train
Oc1ccc(CCc2ccc(O)cc2)cc1,Oc1ccc(CCc2ccc(O)cc2)cc1,c1ccc(CCc2ccccc2)cc1,CHEMBL577241,3.3,Lipophilicity,1,train
Cc1ccc(NC(=O)c2ccnc(N3CCOCC3)c2)cc1Nc1ccnc(Cl)n1,Cc1ccc(NC(=O)c2ccnc(N3CCOCC3)c2)cc1Nc1ccnc(Cl)n1,O=C(Nc1cccc(Nc2ccncn2)c1)c1ccnc(N2CCOCC2)c1,CHEMBL185328,3.1,Lipophilicity,1,train
Cc1ccc(NC(=O)c2ccnc(N3CCOCC3)c2)cc1Nc1ccnc(OCC(C)(C)CN(C)C)n1,Cc1ccc(NC(=O)c2ccnc(N3CCOCC3)c2)cc1Nc1ccnc(OCC(C)(C)CN(C)C)n1,O=C(Nc1cccc(Nc2ccncn2)c1)c1ccnc(N2CCOCC2)c1,CHEMBL362902,2.2,Lipophilicity,1,train
Cc1ccc(NC(=O)c2ccnc(N3CCOCC3)c2)cc1Nc1ccnc(OCCCN(C)C)n1,Cc1ccc(NC(=O)c2ccnc(N3CCOCC3)c2)cc1Nc1ccnc(OCCCN(C)C)n1,O=C(Nc1cccc(Nc2ccncn2)c1)c1ccnc(N2CCOCC2)c1,CHEMBL186665,1.3,Lipophilicity,1,train
CC(C(=O)O)c1cccc(C(=O)c2ccccc2)c1,CC(C(=O)O)c1cccc(C(=O)c2ccccc2)c1,O=C(c1ccccc1)c1ccccc1,CHEMBL571,-0.09,Lipophilicity,2,train
COc1cc(C(=O)c2cc(Cl)ccc2N)cc(OC)c1OC,COc1cc(C(=O)c2cc(Cl)ccc2N)cc(OC)c1OC,O=C(c1ccccc1)c1ccccc1,CHEMBL8953,3.38,Lipophilicity,1,train
Cc1ccc(C(=O)c2cc(O)c(O)c([N+](=O)[O-])c2)cc1,Cc1ccc(C(=O)c2cc(O)c(O)c([N+](=O)[O-])c2)cc1,O=C(c1ccccc1)c1ccccc1,CHEMBL1324,0.74,Lipophilicity,1,train
CC(=O)Nc1nnc(S(N)(=O)=O)s1,CC(=O)Nc1nnc(S(N)(=O)=O)s1,c1nncs1,CHEMBL20,-0.78,Lipophilicity,1,train
CC(C)N(c1nnc(N)s1)C(C)C,CC(C)N(c1nnc(N)s1)C(C)C,c1nncs1,CHEMBL1418512,1.49,Lipophilicity,1,train
Cc1nnc(N)s1,Cc1nnc(N)s1,c1nncs1,CHEMBL1288960,-0.4,Lipophilicity,1,train
CN1CCc2cc(Cl)c(O)cc2[C@@H](c2ccccc2)C1,CN1CCc2cc(Cl)c(O)cc2C(c2ccccc2)C1,c1ccc(C2CNCCc3ccccc32)cc1,CHEMBL62,2.5,Lipophilicity,1,train
OC1(c2ccccc2)CNCCc2ccccc21,OC1(c2ccccc2)CNCCc2ccccc21,c1ccc(C2CNCCc3ccccc32)cc1,CHEMBL1907194,1.38,Lipophilicity,1,train
Oc1ccc(C2CNCCc3c2cc(O)c(O)c3Cl)cc1,Oc1ccc(C2CNCCc3c2cc(O)c(O)c3Cl)cc1,c1ccc(C2CNCCc3ccccc32)cc1,CHEMBL588,0.87,Lipophilicity,1,train
CSc1nc(N)nc(-c2ccccc2)n1,CSc1nc(N)nc(-c2ccccc2)n1,c1ccc(-c2ncncn2)cc1,CHEMBL561426,2.98,Lipophilicity,1,train
Nc1nc(N)nc(-c2ccc(Cl)cc2)n1,Nc1nc(N)nc(-c2ccc(Cl)cc2)n1,c1ccc(-c2ncncn2)cc1,CHEMBL139250,2.12,Lipophilicity,1,train
Nc1nc(N)nc(-c2cccc(C(F)(F)F)c2)n1,Nc1nc(N)nc(-c2cccc(C(F)(F)F)c2)n1,c1ccc(-c2ncncn2)cc1,CHEMBL139347,2.4,Lipophilicity,1,train
O=C(O)C[C@@H]1c2ccccc2C[C@H]1NC(=O)c1cc2cc(Cl)ccc2[nH]1,O=C(O)CC1c2ccccc2CC1NC(=O)c1cc2cc(Cl)ccc2[nH]1,O=C(NC1Cc2ccccc2C1)c1cc2ccccc2[nH]1,CHEMBL1083942,1.79,Lipophilicity,1,train
O=C(O)C[C@@H]1c2ccccc2C[C@H]1NC(=O)c1cc2cc(F)ccc2[nH]1,O=C(O)CC1c2ccccc2CC1NC(=O)c1cc2cc(F)ccc2[nH]1,O=C(NC1Cc2ccccc2C1)c1cc2ccccc2[nH]1,CHEMBL1083943,1.26,Lipophilicity,1,train
O=C(O)CCC[C@@H]1c2ccccc2C[C@H]1NC(=O)c1cc2cc(F)ccc2[nH]1,O=C(O)CCCC1c2ccccc2CC1NC(=O)c1cc2cc(F)ccc2[nH]1,O=C(NC1Cc2ccccc2C1)c1cc2ccccc2[nH]1,CHEMBL1233652,1.95,Lipophilicity,1,train
CC(C)(c1cc(N2CCOCC2)nc(-c2cccc3[nH]ccc23)n1)S(C)(=O)=O,CC(C)(c1cc(N2CCOCC2)nc(-c2cccc3[nH]ccc23)n1)S(C)(=O)=O,c1cc(-c2nccc(N3CCOCC3)n2)c2cc[nH]c2c1,CHEMBL2325703,2.65,Lipophilicity,1,train
CS(=O)(=O)Cc1cc(N2CCOCC2)nc(-c2cccc3[nH]ccc23)n1,CS(=O)(=O)Cc1cc(N2CCOCC2)nc(-c2cccc3[nH]ccc23)n1,c1cc(-c2nccc(N3CCOCC3)n2)c2cc[nH]c2c1,CHEMBL2030442,1.7,Lipophilicity,1,train
Cn1ccc2c(-c3nc(CS(C)(=O)=O)cc(N4CCOCC4)n3)cccc21,Cn1ccc2c(-c3nc(CS(C)(=O)=O)cc(N4CCOCC4)n3)cccc21,c1cc(-c2nccc(N3CCOCC3)n2)c2cc[nH]c2c1,CHEMBL2325702,2.0,Lipophilicity,1,train
CC(=O)c1noc(C)c1C(=O)Nc1nccs1,CC(=O)c1noc(C)c1C(=O)Nc1nccs1,O=C(Nc1nccs1)c1cnoc1,CHEMBL1307677,1.94,Lipophilicity,1,train
Cc1onc(C(N)=O)c1C(=O)Nc1nccs1,Cc1onc(C(N)=O)c1C(=O)Nc1nccs1,O=C(Nc1nccs1)c1cnoc1,CHEMBL1213071,1.63,Lipophilicity,1,train
Cc1onc(CO)c1C(=O)Nc1nccs1,Cc1onc(CO)c1C(=O)Nc1nccs1,O=C(Nc1nccs1)c1cnoc1,CHEMBL1389402,1.53,Lipophilicity,1,train
COc1ccc(Cl)cc1C(=O)Nc1nc2ccccc2[nH]1,COc1ccc(Cl)cc1C(=O)Nc1nc2ccccc2[nH]1,O=C(Nc1nc2ccccc2[nH]1)c1ccccc1,CHEMBL1595582,4.05,Lipophilicity,1,train
COc1ccccc1C(=O)Nc1nc2ccccc2[nH]1,COc1ccccc1C(=O)Nc1nc2ccccc2[nH]1,O=C(Nc1nc2ccccc2[nH]1)c1ccccc1,CHEMBL1459468,2.9,Lipophilicity,1,train
O=C(Nc1nc2ccccc2n1CCCO)c1cccc([N+](=O)[O-])c1,O=C(Nc1nc2ccccc2n1CCCO)c1cccc([N+](=O)[O-])c1,O=C(Nc1nc2ccccc2[nH]1)c1ccccc1,CHEMBL210887,3.0,Lipophilicity,1,train
COC(=O)C1=C(C)NC(C)=C(C(=O)OC)C1c1ccccc1[N+](=O)[O-],COC(=O)C1=C(C)NC(C)=C(C(=O)OC)C1c1ccccc1[N+](=O)[O-],C1=CC(c2ccccc2)C=CN1,CHEMBL193,3.29,Lipophilicity,1,train
COC(=O)C1=C(C)NC(C)=C(C(=O)OCC(C)C)C1c1ccccc1[N+](=O)[O-],COC(=O)C1=C(C)NC(C)=C(C(=O)OCC(C)C)C1c1ccccc1[N+](=O)[O-],C1=CC(c2ccccc2)C=CN1,CHEMBL1726,3.59,Lipophilicity,1,train
COCCOC(=O)C1=C(C)NC(C)=C(C(=O)OC(C)C)C1c1cccc([N+](=O)[O-])c1,COCCOC(=O)C1=C(C)NC(C)=C(C(=O)OC(C)C)C1c1cccc([N+](=O)[O-])c1,C1=CC(c2ccccc2)C=CN1,CHEMBL1428,3.8,Lipophilicity,1,train
CCCSc1nc(NC)ccc1C(=O)N[C@H]1C2CC3CC1C[C@](O)(C3)C2,CCCSc1nc(NC)ccc1C(=O)NC1C2CC3CC1CC(O)(C3)C2,O=C(NC1C2CC3CC(C2)CC1C3)c1cccnc1,CHEMBL2158466,3.27,Lipophilicity,1,train
CCCSc1ncccc1C(=O)N(C)[C@@H]1[C@@H]2CC3C[C@H]1C[C@@](O)(C3)C2,CCCSc1ncccc1C(=O)N(C)C1C2CC3CC1CC(O)(C3)C2,O=C(NC1C2CC3CC(C2)CC1C3)c1cccnc1,CHEMBL2153179,2.4850000000000003,Lipophilicity,2,train
CCCSc1ncccc1C(=O)N[C@@H]1[C@@H]2CC3C[C@H]1C[C@@](O)(C3)C2,CCCSc1ncccc1C(=O)NC1C2CC3CC1CC(O)(C3)C2,O=C(NC1C2CC3CC(C2)CC1C3)c1cccnc1,CHEMBL2153178,2.27,Lipophilicity,1,train
CC(C)Cn1c(=O)[nH]c(=O)c2c(C(=O)N3CCC3)c(Cc3ccccc3C(F)(F)F)sc21,CC(C)Cn1c(=O)[nH]c(=O)c2c(C(=O)N3CCC3)c(Cc3ccccc3C(F)(F)F)sc21,O=C(c1c(Cc2ccccc2)sc2[nH]c(=O)[nH]c(=O)c12)N1CCC1,CHEMBL1221510,3.0,Lipophilicity,1,train
CC(C)Cn1c(=O)n(C)c(=O)c2c(C(=O)N3CC(C)(O)C3)c(Cc3ccccc3C(F)(F)F)sc21,CC(C)Cn1c(=O)n(C)c(=O)c2c(C(=O)N3CC(C)(O)C3)c(Cc3ccccc3C(F)(F)F)sc21,O=C(c1c(Cc2ccccc2)sc2[nH]c(=O)[nH]c(=O)c12)N1CCC1,CHEMBL439871,3.18,Lipophilicity,1,train
CC(C)Cn1c(=O)n(C)c(=O)c2c(C(=O)N3CCC3)c(Cc3ccccc3C(F)(F)F)sc21,CC(C)Cn1c(=O)n(C)c(=O)c2c(C(=O)N3CCC3)c(Cc3ccccc3C(F)(F)F)sc21,O=C(c1c(Cc2ccccc2)sc2[nH]c(=O)[nH]c(=O)c12)N1CCC1,CHEMBL380673,3.46,Lipophilicity,1,train
COc1ccc2ncc(=O)n(CCN3CC[C@@H](NCc4ccc5c(n4)NC(=O)CO5)[C@@H](F)C3)c2c1,COc1ccc2ncc(=O)n(CCN3CCC(NCc4ccc5c(n4)NC(=O)CO5)C(F)C3)c2c1,O=C1COc2ccc(CNC3CCN(CCn4c(=O)cnc5ccccc54)CC3)nc2N1,CHEMBL2165067,0.83,Lipophilicity,1,train
COc1ccc2ncc(=O)n(CCN3CC[C@@H](NCc4ccc5c(n4)NC(=O)CO5)[C@@H](O)C3)c2c1,COc1ccc2ncc(=O)n(CCN3CCC(NCc4ccc5c(n4)NC(=O)CO5)C(O)C3)c2c1,O=C1COc2ccc(CNC3CCN(CCn4c(=O)cnc5ccccc54)CC3)nc2N1,CHEMBL2164747,0.38,Lipophilicity,2,train
COc1ccc2ncc(=O)n(CCN3CC[C@@H](NCc4ccc5c(n4)NC(=O)CO5)[C@@H](OC)C3)c2c1,COc1ccc2ncc(=O)n(CCN3CCC(NCc4ccc5c(n4)NC(=O)CO5)C(OC)C3)c2c1,O=C1COc2ccc(CNC3CCN(CCn4c(=O)cnc5ccccc54)CC3)nc2N1,CHEMBL2165057,0.74,Lipophilicity,2,train
COc1cc(C(=O)NC[C@@H](O)CN2CCC(Oc3ccc(Cl)c(Cl)c3)CC2)ccc1N,COc1cc(C(=O)NCC(O)CN2CCC(Oc3ccc(Cl)c(Cl)c3)CC2)ccc1N,O=C(NCCCN1CCC(Oc2ccccc2)CC1)c1ccccc1,CHEMBL2208427,3.12,Lipophilicity,1,train
CS(=O)(=O)c1ccccc1C(=O)NC[C@@H](O)CN1CCC(Oc2ccc(Cl)c(Cl)c2)CC1,CS(=O)(=O)c1ccccc1C(=O)NCC(O)CN1CCC(Oc2ccc(Cl)c(Cl)c2)CC1,O=C(NCCCN1CCC(Oc2ccccc2)CC1)c1ccccc1,CHEMBL2208428,2.34,Lipophilicity,1,train
N#Cc1cccc(C(=O)NC[C@@H](O)CN2CCC(Oc3ccc(Cl)c(Cl)c3)CC2)c1,N#Cc1cccc(C(=O)NCC(O)CN2CCC(Oc3ccc(Cl)c(Cl)c3)CC2)c1,O=C(NCCCN1CCC(Oc2ccccc2)CC1)c1ccccc1,CHEMBL2208423,3.48,Lipophilicity,1,train
CN(C)C(=O)c1ccc(CN2CCc3cc4nc(N)sc4cc3CC2)cc1,CN(C)C(=O)c1ccc(CN2CCc3cc4nc(N)sc4cc3CC2)cc1,c1ccc(CN2CCc3cc4ncsc4cc3CC2)cc1,CHEMBL2326481,1.72,Lipophilicity,1,train
Nc1nc2cc3c(cc2s1)CCN(Cc1cccc(F)c1)CC3,Nc1nc2cc3c(cc2s1)CCN(Cc1cccc(F)c1)CC3,c1ccc(CN2CCc3cc4ncsc4cc3CC2)cc1,CHEMBL2326478,3.3,Lipophilicity,1,train
Nc1nc2cc3c(cc2s1)CCN(Cc1ccccc1)CC3,Nc1nc2cc3c(cc2s1)CCN(Cc1ccccc1)CC3,c1ccc(CN2CCc3cc4ncsc4cc3CC2)cc1,CHEMBL2326476,2.66,Lipophilicity,1,train
CC(C)c1ccc(NC(=O)NCCCSC[C@H]2O[C@@H](n3cnc4c(N)ncnc43)[C@H](O)[C@@H]2O)cc1,CC(C)c1ccc(NC(=O)NCCCSCC2OC(n3cnc4c(N)ncnc43)C(O)C2O)cc1,O=C(NCCCSCC1CCC(n2cnc3cncnc32)O1)Nc1ccccc1,CHEMBL2170992,2.5,Lipophilicity,1,train
Nc1ncnc2c1ncn2[C@@H]1O[C@H](CSCCCNC(=O)Nc2ccc(Cl)cc2)[C@@H](O)[C@H]1O,Nc1ncnc2c1ncn2C1OC(CSCCCNC(=O)Nc2ccc(Cl)cc2)C(O)C1O,O=C(NCCCSCC1CCC(n2cnc3cncnc32)O1)Nc1ccccc1,CHEMBL2170994,2.5,Lipophilicity,1,train
Nc1ncnc2c1ncn2[C@@H]1O[C@H](CSCCCNC(=O)Nc2ccccc2)[C@@H](O)[C@H]1O,Nc1ncnc2c1ncn2C1OC(CSCCCNC(=O)Nc2ccccc2)C(O)C1O,O=C(NCCCSCC1CCC(n2cnc3cncnc32)O1)Nc1ccccc1,CHEMBL2170989,1.9,Lipophilicity,1,train
CCOc1cccc(/C=C2\SC(=O)NC2=O)c1N1CCC[C@@H](N)C1,CCOc1cccc(C=C2SC(=O)NC2=O)c1N1CCCC(N)C1,O=C1NC(=O)C(=Cc2ccccc2N2CCCCC2)S1,CHEMBL2048869,1.86,Lipophilicity,1,train
COc1cccc(/C=C2\SC(=O)NC2=O)c1N1CCC[C@@H](N)C1,COc1cccc(C=C2SC(=O)NC2=O)c1N1CCCC(N)C1,O=C1NC(=O)C(=Cc2ccccc2N2CCCCC2)S1,CHEMBL2048868,1.27,Lipophilicity,1,train
N[C@@H]1CCCN(c2c(Cl)cccc2/C=C2\SC(=O)NC2=O)C1,NC1CCCN(c2c(Cl)cccc2C=C2SC(=O)NC2=O)C1,O=C1NC(=O)C(=Cc2ccccc2N2CCCCC2)S1,CHEMBL2048866,1.97,Lipophilicity,1,train
Cc1ccc(Oc2ccc(C(=O)NCc3ccncc3)cc2)cc1,Cc1ccc(Oc2ccc(C(=O)NCc3ccncc3)cc2)cc1,O=C(NCc1ccncc1)c1ccc(Oc2ccccc2)cc1,CHEMBL1427458,3.65,Lipophilicity,1,train
N#Cc1ccccc1Oc1ccc(C(=O)NCc2ccncc2)cc1,N#Cc1ccccc1Oc1ccc(C(=O)NCc2ccncc2)cc1,O=C(NCc1ccncc1)c1ccc(Oc2ccccc2)cc1,CHEMBL1796293,2.57,Lipophilicity,1,train
O=C(NCc1ccncc1)c1ccc(Oc2ccccc2)cc1,O=C(NCc1ccncc1)c1ccc(Oc2ccccc2)cc1,O=C(NCc1ccncc1)c1ccc(Oc2ccccc2)cc1,CHEMBL1607077,3.26,Lipophilicity,1,train
Cc1cc2n[nH]c(=O)n2c2cc(-c3ccc(CO)cc3)ccc12,Cc1cc2n[nH]c(=O)n2c2cc(-c3ccc(CO)cc3)ccc12,O=c1[nH]nc2ccc3ccc(-c4ccccc4)cc3n12,CHEMBL1223456,2.86,Lipophilicity,1,train
Cc1cc2n[nH]c(=O)n2c2cc(-c3cccc(CO)c3)ccc12,Cc1cc2n[nH]c(=O)n2c2cc(-c3cccc(CO)c3)ccc12,O=c1[nH]nc2ccc3ccc(-c4ccccc4)cc3n12,CHEMBL1223455,3.36,Lipophilicity,1,train
Cc1cc2n[nH]c(=O)n2c2cc(-c3ccccc3CO)ccc12,Cc1cc2n[nH]c(=O)n2c2cc(-c3ccccc3CO)ccc12,O=c1[nH]nc2ccc3ccc(-c4ccccc4)cc3n12,CHEMBL1223457,3.18,Lipophilicity,1,train
Clc1ccc(C(c2ccccc2)N2CCNCC2)cc1,Clc1ccc(C(c2ccccc2)N2CCNCC2)cc1,c1ccc(C(c2ccccc2)N2CCNCC2)cc1,CHEMBL81324,1.94,Lipophilicity,1,train
O=C(O)COCCN1CCN(C(c2ccccc2)c2ccc(Cl)cc2)CC1,O=C(O)COCCN1CCN(C(c2ccccc2)c2ccc(Cl)cc2)CC1,c1ccc(C(c2ccccc2)N2CCNCC2)cc1,CHEMBL1000,1.27,Lipophilicity,1,train
OCCOCCN1CCN(C(c2ccccc2)c2ccc(Cl)cc2)CC1,OCCOCCN1CCN(C(c2ccccc2)c2ccc(Cl)cc2)CC1,c1ccc(C(c2ccccc2)N2CCNCC2)cc1,CHEMBL896,3.08,Lipophilicity,1,train
CC(C)NCC(O)COc1nccs1,CC(C)NCC(O)COc1nccs1,c1cscn1,CHEMBL2111158,-0.97,Lipophilicity,1,train
CSc1nc(C(N)=O)c(N)s1,CSc1nc(C(N)=O)c(N)s1,c1cscn1,CHEMBL459219,1.21,Lipophilicity,1,train
N=C(N)Nc1nc(CSCCC(=N)NS(N)(=O)=O)cs1,N=C(N)Nc1nc(CSCCC(=N)NS(N)(=O)=O)cs1,c1cscn1,CHEMBL902,-0.6,Lipophilicity,1,train
COCCCOc1ccnc(C[S+]([O-])c2nc3ccccc3[nH]2)c1C,COCCCOc1ccnc(C[S+]([O-])c2nc3ccccc3[nH]2)c1C,c1ccc(C[SH+]c2nc3ccccc3[nH]2)nc1,CHEMBL1219,-0.69,Lipophilicity,1,train
COc1ccnc(C[S+]([O-])c2nc3cc(OC(F)F)ccc3[nH]2)c1OC,COc1ccnc(C[S+]([O-])c2nc3cc(OC(F)F)ccc3[nH]2)c1OC,c1ccc(C[SH+]c2nc3ccccc3[nH]2)nc1,CHEMBL1502,2.0,Lipophilicity,1,train
Cc1c(OCC(F)(F)F)ccnc1C[S+]([O-])c1nc2ccccc2[nH]1,Cc1c(OCC(F)(F)F)ccnc1C[S+]([O-])c1nc2ccccc2[nH]1,c1ccc(C[SH+]c2nc3ccccc3[nH]2)nc1,CHEMBL480,2.7,Lipophilicity,1,train
CNC(=O)c1ccc(Oc2ccc(C#C[C@]3(O)CN4CCC3CC4)cc2)cc1,CNC(=O)c1ccc(Oc2ccc(C#CC3(O)CN4CCC3CC4)cc2)cc1,C(#CC1CN2CCC1CC2)c1ccc(Oc2ccccc2)cc1,CHEMBL1940296,1.99,Lipophilicity,1,train
CNS(=O)(=O)c1ccc(Oc2ccc(C#C[C@]3(O)CN4CCC3CC4)cc2)cc1,CNS(=O)(=O)c1ccc(Oc2ccc(C#CC3(O)CN4CCC3CC4)cc2)cc1,C(#CC1CN2CCC1CC2)c1ccc(Oc2ccccc2)cc1,CHEMBL1940307,2.03,Lipophilicity,1,train
CS(=O)(=O)c1ccc(Oc2ccc(C#C[C@]3(O)CN4CCC3CC4)cc2)cc1,CS(=O)(=O)c1ccc(Oc2ccc(C#CC3(O)CN4CCC3CC4)cc2)cc1,C(#CC1CN2CCC1CC2)c1ccc(Oc2ccccc2)cc1,CHEMBL1940306,1.51,Lipophilicity,1,train
CC(C)Oc1cc(Nc2nc3c(cc2F)ncn3[C@@H](CO)c2ccc(F)cn2)n[nH]1,CC(C)Oc1cc(Nc2nc3c(cc2F)ncn3C(CO)c2ccc(F)cn2)n[nH]1,c1ccc(Cn2cnc3ccc(Nc4cc[nH]n4)nc32)nc1,CHEMBL2151324,2.97,Lipophilicity,1,train
CCOc1cc(Nc2nc3c(cc2F)ncn3[C@@H](CO)c2ccc(F)cn2)n[nH]1,CCOc1cc(Nc2nc3c(cc2F)ncn3C(CO)c2ccc(F)cn2)n[nH]1,c1ccc(Cn2cnc3ccc(Nc4cc[nH]n4)nc32)nc1,CHEMBL2151325,2.55,Lipophilicity,1,train
COc1cc(Nc2nc3c(cc2F)ncn3[C@@H](CO)c2ccc(F)cn2)n[nH]1,COc1cc(Nc2nc3c(cc2F)ncn3C(CO)c2ccc(F)cn2)n[nH]1,c1ccc(Cn2cnc3ccc(Nc4cc[nH]n4)nc32)nc1,CHEMBL2151326,2.18,Lipophilicity,1,train
CN(C)c1ccnc2sc(C(=O)NCc3ccccc3)c(N)c12,CN(C)c1ccnc2sc(C(=O)NCc3ccccc3)c(N)c12,O=C(NCc1ccccc1)c1cc2cccnc2s1,CHEMBL1557436,3.62,Lipophilicity,1,train
COc1ccc(CNC(=O)c2sc3nc(C)cc(C)c3c2N)cc1,COc1ccc(CNC(=O)c2sc3nc(C)cc(C)c3c2N)cc1,O=C(NCc1ccccc1)c1cc2cccnc2s1,CHEMBL1978713,3.85,Lipophilicity,1,train
Cc1cc(C)c2c(N)c(C(=O)NCc3ccccc3)sc2n1,Cc1cc(C)c2c(N)c(C(=O)NCc3ccccc3)sc2n1,O=C(NCc1ccccc1)c1cc2cccnc2s1,CHEMBL1212983,3.41,Lipophilicity,1,train
CCOC(=O)Nc1cccc([C@@H](c2ccc(C(=O)N(C)CC)cc2)N2CCN(Cc3c[nH]c(C)n3)CC2)c1,CCOC(=O)Nc1cccc(C(c2ccc(C(=O)N(C)CC)cc2)N2CCN(Cc3c[nH]c(C)n3)CC2)c1,c1ccc(C(c2ccccc2)N2CCN(Cc3c[nH]cn3)CC2)cc1,CHEMBL1939750,2.11,Lipophilicity,1,train
CCOC(=O)Nc1cccc([C@@H](c2ccc(C(=O)N(C)CC)cc2)N2CCN(Cc3nc[nH]c3C)CC2)c1,CCOC(=O)Nc1cccc(C(c2ccc(C(=O)N(C)CC)cc2)N2CCN(Cc3nc[nH]c3C)CC2)c1,c1ccc(C(c2ccccc2)N2CCN(Cc3c[nH]cn3)CC2)cc1,CHEMBL1939749,2.32,Lipophilicity,1,train
CC(c1cc2ccccc2s1)N(O)C(N)=O,CC(c1cc2ccccc2s1)N(O)C(N)=O,c1ccc2sccc2c1,CHEMBL93,2.05,Lipophilicity,1,train
N=C(N)c1cc2c(I)cccc2s1,N=C(N)c1cc2c(I)cccc2s1,c1ccc2sccc2c1,CHEMBL60088,0.74,Lipophilicity,1,train
CN[C@H]1CCN(C(=O)c2ccc(Nc3nccc(-c4cnc(C)n4C(C)C)n3)cc2)C1,CNC1CCN(C(=O)c2ccc(Nc3nccc(-c4cnc(C)n4C(C)C)n3)cc2)C1,O=C(c1ccc(Nc2nccc(-c3cnc[nH]3)n2)cc1)N1CCCC1,CHEMBL460087,1.22,Lipophilicity,1,train
Cc1ncc(-c2nc(Nc3ccc(C(=O)N4CC[C@@H](N(C)C)C4)cc3)ncc2F)n1C(C)C,Cc1ncc(-c2nc(Nc3ccc(C(=O)N4CCC(N(C)C)C4)cc3)ncc2F)n1C(C)C,O=C(c1ccc(Nc2nccc(-c3cnc[nH]3)n2)cc1)N1CCCC1,CHEMBL460103,2.26,Lipophilicity,2,train
O=C(O)CCc1nc(-c2ccccc2)c(-c2ccccc2)o1,O=C(O)CCc1nc(-c2ccccc2)c(-c2ccccc2)o1,c1ccc(-c2ncoc2-c2ccccc2)cc1,CHEMBL1071,1.2,Lipophilicity,1,train
Oc1nc(-c2ccccc2)c(-c2ccccc2)o1,Oc1nc(-c2ccccc2)c(-c2ccccc2)o1,c1ccc(-c2ncoc2-c2ccccc2)cc1,CHEMBL1485846,3.42,Lipophilicity,1,train
COc1cc(Nc2ncnc3cccc(O[C@H](C)C(=O)N4CCOCC4)c23)ccc1Oc1ccc(C)nc1,COc1cc(Nc2ncnc3cccc(OC(C)C(=O)N4CCOCC4)c23)ccc1Oc1ccc(C)nc1,O=C(COc1cccc2ncnc(Nc3ccc(Oc4cccnc4)cc3)c12)N1CCOCC1,CHEMBL411799,3.6,Lipophilicity,1,train
Cc1ccc(Oc2ccc(Nc3ncnc4cccc(O[C@H](C)C(=O)N5CCOCC5)c34)cc2C)cn1,Cc1ccc(Oc2ccc(Nc3ncnc4cccc(OC(C)C(=O)N5CCOCC5)c34)cc2C)cn1,O=C(COc1cccc2ncnc(Nc3ccc(Oc4cccnc4)cc3)c12)N1CCOCC1,CHEMBL402507,4.14,Lipophilicity,1,train
CSc1ccc(-c2nc(-c3ccc(F)cc3)c(-c3ccncc3)[nH]2)cc1,CSc1ccc(-c2nc(-c3ccc(F)cc3)c(-c3ccncc3)[nH]2)cc1,c1ccc(-c2nc(-c3ccccc3)c(-c3ccncc3)[nH]2)cc1,CHEMBL17370,2.97,Lipophilicity,1,train
C[S+]([O-])c1ccc(-c2nc(-c3ccc(F)cc3)c(-c3ccncc3)[nH]2)cc1,C[S+]([O-])c1ccc(-c2nc(-c3ccc(F)cc3)c(-c3ccncc3)[nH]2)cc1,c1ccc(-c2nc(-c3ccccc3)c(-c3ccncc3)[nH]2)cc1,CHEMBL10,3.34,Lipophilicity,1,train
Cc1cn(C[C@H]2CN(c3ccc(C4=CCS(=O)(=O)CC4)c(F)c3)C(=O)O2)nn1,Cc1cn(CC2CN(c3ccc(C4=CCS(=O)(=O)CC4)c(F)c3)C(=O)O2)nn1,O=C1OC(Cn2ccnn2)CN1c1ccc(C2=CCS(=O)(=O)CC2)cc1,CHEMBL179128,1.25,Lipophilicity,1,train
O=C1O[C@@H](Cn2nncc2F)CN1c1ccc(C2=CCS(=O)(=O)CC2)c(F)c1,O=C1OC(Cn2nncc2F)CN1c1ccc(C2=CCS(=O)(=O)CC2)c(F)c1,O=C1OC(Cn2ccnn2)CN1c1ccc(C2=CCS(=O)(=O)CC2)cc1,CHEMBL179190,3.54,Lipophilicity,1,train
O=c1c2ccccc2oc2cc(O)cc(O)c12,O=c1c2ccccc2oc2cc(O)cc(O)c12,O=c1c2ccccc2oc2ccccc12,CHEMBL388525,3.39,Lipophilicity,1,train
O=c1c2ccccc2oc2cccc(O)c12,O=c1c2ccccc2oc2cccc(O)c12,O=c1c2ccccc2oc2ccccc12,CHEMBL187368,3.8,Lipophilicity,1,train
CN1C2CCC1CC(OC(=O)C(CO)c1ccccc1)C2,CN1C2CCC1CC(OC(=O)C(CO)c1ccccc1)C2,O=C(Cc1ccccc1)OC1CC2CCC(C1)N2,CHEMBL9751,-0.375,Lipophilicity,2,train
CN1[C@@H]2CC[C@H]1C[C@@H](OC(=O)C(O)c1ccccc1)C2,CN1C2CCC1CC(OC(=O)C(O)c1ccccc1)C2,O=C(Cc1ccccc1)OC1CC2CCC(C1)N2,CHEMBL1618018,-1.29,Lipophilicity,1,train
Cc1ncc(-c2ccnc(Nc3ccc(N4CCOCC4)cc3)n2)n1C(C)C,Cc1ncc(-c2ccnc(Nc3ccc(N4CCOCC4)cc3)n2)n1C(C)C,c1cc(-c2cnc[nH]2)nc(Nc2ccc(N3CCOCC3)cc2)n1,CHEMBL514690,2.88,Lipophilicity,1,train
Cc1ncc(-c2nc(Nc3ccc(N4CCOCC4)cc3)ncc2F)n1C(C)C,Cc1ncc(-c2nc(Nc3ccc(N4CCOCC4)cc3)ncc2F)n1C(C)C,c1cc(-c2cnc[nH]2)nc(Nc2ccc(N3CCOCC3)cc2)n1,CHEMBL515001,3.01,Lipophilicity,1,train
CCOc1ccc(-n2c(CC)nc3ccccc3c2=O)cc1,CCOc1ccc(-n2c(CC)nc3ccccc3c2=O)cc1,O=c1c2ccccc2ncn1-c1ccccc1,CHEMBL2360367,3.27,Lipophilicity,1,train
O=c1c2ccc(O)cc2ncn1-c1ccc(O)cc1,O=c1c2ccc(O)cc2ncn1-c1ccc(O)cc1,O=c1c2ccccc2ncn1-c1ccccc1,CHEMBL203370,1.6,Lipophilicity,1,train
CCOC(=O)[C@H](Cc1ccc(O)cc1)NC(=O)c1cccc2ccccc12,CCOC(=O)C(Cc1ccc(O)cc1)NC(=O)c1cccc2ccccc12,O=C(NCCc1ccccc1)c1cccc2ccccc12,CHEMBL290119,3.12,Lipophilicity,1,train
COC(=O)[C@H](Cc1ccc([N+](=O)[O-])cc1)NC(=O)c1cccc2ccccc12,COC(=O)C(Cc1ccc([N+](=O)[O-])cc1)NC(=O)c1cccc2ccccc12,O=C(NCCc1ccccc1)c1cccc2ccccc12,CHEMBL33227,3.58,Lipophilicity,1,train
COc1c(Nc2ccc(S(C)(=O)=O)nc2C)ncnc1OC1CCN(C(=O)OC(C)C)CC1,COc1c(Nc2ccc(S(C)(=O)=O)nc2C)ncnc1OC1CCN(C(=O)OC(C)C)CC1,c1cncc(Nc2cc(OC3CCNCC3)ncn2)c1,CHEMBL1951032,2.4,Lipophilicity,1,train
Cc1nc(S(C)(=O)=O)ccc1Nc1ncnc(OC2CCN(C(=O)OC(C)C)CC2)c1C,Cc1nc(S(C)(=O)=O)ccc1Nc1ncnc(OC2CCN(C(=O)OC(C)C)CC2)c1C,c1cncc(Nc2cc(OC3CCNCC3)ncn2)c1,CHEMBL1951022,2.8,Lipophilicity,1,train
CCN(C)C(=O)c1ccc(C(=C2CCN(Cc3ccc(F)cc3)CC2)c2ccccc2NC(C)=O)cc1,CCN(C)C(=O)c1ccc(C(=C2CCN(Cc3ccc(F)cc3)CC2)c2ccccc2NC(C)=O)cc1,c1ccc(CN2CCC(=C(c3ccccc3)c3ccccc3)CC2)cc1,CHEMBL1946019,2.79,Lipophilicity,1,train
CCN(CC)C(=O)c1ccc(C(=C2CCN(Cc3ccc(F)cc3)CC2)c2ccc(NC(=O)OC)cc2)cc1,CCN(CC)C(=O)c1ccc(C(=C2CCN(Cc3ccc(F)cc3)CC2)c2ccc(NC(=O)OC)cc2)cc1,c1ccc(CN2CCC(=C(c3ccccc3)c3ccccc3)CC2)cc1,CHEMBL1946024,4.01,Lipophilicity,1,train
COc1cc(F)ccc1-c1cncc(CNCC2CC2)n1,COc1cc(F)ccc1-c1cncc(CNCC2CC2)n1,c1ccc(-c2cncc(CNCC3CC3)n2)cc1,CHEMBL1778865,1.8,Lipophilicity,1,train
Fc1cccc(-c2cncc(CNCC3CC3)n2)c1F,Fc1cccc(-c2cncc(CNCC3CC3)n2)c1F,c1ccc(-c2cncc(CNCC3CC3)n2)cc1,CHEMBL1778995,1.82,Lipophilicity,1,train
C[C@@H](NC(=O)[C@H]1CCCCN1)c1ccc(Nc2ncc3cc(-c4ccncc4)ccc3n2)cc1,CC(NC(=O)C1CCCCN1)c1ccc(Nc2ncc3cc(-c4ccncc4)ccc3n2)cc1,O=C(NCc1ccc(Nc2ncc3cc(-c4ccncc4)ccc3n2)cc1)C1CCCCN1,CHEMBL2335897,2.15,Lipophilicity,1,train
C[C@@H](NC(=O)C1CCCCN1C)c1ccc(Nc2ncc3cc(-c4ccncc4)ccc3n2)cc1,CC(NC(=O)C1CCCCN1C)c1ccc(Nc2ncc3cc(-c4ccncc4)ccc3n2)cc1,O=C(NCc1ccc(Nc2ncc3cc(-c4ccncc4)ccc3n2)cc1)C1CCCCN1,CHEMBL2335898,3.34,Lipophilicity,1,train
CCCc1cc(C2=N[C@@H](C(=O)NO)CO2)cc(OC)c1OC,CCCc1cc(C2=NC(C(=O)NO)CO2)cc(OC)c1OC,c1ccc(C2=NCCO2)cc1,CHEMBL107313,1.69,Lipophilicity,1,train
O=C(NO)C1COC(c2ccc(F)c(C(F)(F)F)c2)=N1,O=C(NO)C1COC(c2ccc(F)c(C(F)(F)F)c2)=N1,c1ccc(C2=NCCO2)cc1,CHEMBL321590,1.53,Lipophilicity,1,train
COc1cccc(N(C)c2ccnc(Nc3cc(N4CCOCC4)cc(N4CCOCC4)c3)n2)n1,COc1cccc(N(C)c2ccnc(Nc3cc(N4CCOCC4)cc(N4CCOCC4)c3)n2)n1,c1ccc(Nc2ccnc(Nc3cc(N4CCOCC4)cc(N4CCOCC4)c3)n2)nc1,CHEMBL1762534,3.37,Lipophilicity,1,train
COc1ccnc(N(C)c2ccnc(Nc3cc(N4CCOCC4)cc(N4CCOCC4)c3)n2)c1,COc1ccnc(N(C)c2ccnc(Nc3cc(N4CCOCC4)cc(N4CCOCC4)c3)n2)c1,c1ccc(Nc2ccnc(Nc3cc(N4CCOCC4)cc(N4CCOCC4)c3)n2)nc1,CHEMBL1762533,2.23,Lipophilicity,1,train
Cc1ccc(-c2ccc(F)cc2COc2ccc(CCC(=O)O)cc2)cc1,Cc1ccc(-c2ccc(F)cc2COc2ccc(CCC(=O)O)cc2)cc1,c1ccc(OCc2ccccc2-c2ccccc2)cc1,CHEMBL2058533,3.24,Lipophilicity,1,train
O=C(O)CCc1ccc(OCc2cc(Cl)ccc2-c2ccccc2)cc1,O=C(O)CCc1ccc(OCc2cc(Cl)ccc2-c2ccccc2)cc1,c1ccc(OCc2ccccc2-c2ccccc2)cc1,CHEMBL2058529,3.22,Lipophilicity,1,train
Oc1c2ncc3ccccc3c2nn1-c1ccc(Cl)cc1,Oc1c2ncc3ccccc3c2nn1-c1ccc(Cl)cc1,c1ccc(-n2cc3ncc4ccccc4c3n2)cc1,CHEMBL445565,1.52,Lipophilicity,1,train
Oc1c2ncc3ccccc3c2nn1-c1ccccc1,Oc1c2ncc3ccccc3c2nn1-c1ccccc1,c1ccc(-n2cc3ncc4ccccc4c3n2)cc1,CHEMBL126048,0.8,Lipophilicity,1,train
C[C@@H](C(=O)NCCN1CCCC1)c1ccc(OS(=O)(=O)C(F)(F)F)cc1,CC(C(=O)NCCN1CCCC1)c1ccc(OS(=O)(=O)C(F)(F)F)cc1,O=C(Cc1ccccc1)NCCN1CCCC1,CHEMBL190243,1.64,Lipophilicity,1,train
CCC[C@@H](CN1CCCC1)N(C)C(=O)Cc1ccc(Cl)c(Cl)c1,CCCC(CN1CCCC1)N(C)C(=O)Cc1ccc(Cl)c(Cl)c1,O=C(Cc1ccccc1)NCCN1CCCC1,CHEMBL105984,2.27,Lipophilicity,1,train
CCCCc1nc2c(N)nc3ccccc3c2n1Cc1ccccc1,CCCCc1nc2c(N)nc3ccccc3c2n1Cc1ccccc1,c1ccc(Cn2cnc3cnc4ccccc4c32)cc1,CHEMBL1086473,4.17,Lipophilicity,1,train
CCc1nc2c(N)nc3ccccc3c2n1Cc1ccccc1,CCc1nc2c(N)nc3ccccc3c2n1Cc1ccccc1,c1ccc(Cn2cnc3cnc4ccccc4c32)cc1,CHEMBL1083637,3.29,Lipophilicity,1,train
CS(=O)(=O)C1(c2cc(N3CCOCC3)nc(-c3cccc(N)c3)n2)CC1,CS(=O)(=O)C1(c2cc(N3CCOCC3)nc(-c3cccc(N)c3)n2)CC1,c1ccc(-c2nc(C3CC3)cc(N3CCOCC3)n2)cc1,CHEMBL2325714,1.35,Lipophilicity,1,train
CS(=O)(=O)C1(c2cc(N3CCOCC3)nc(-c3ccccc3)n2)CC1,CS(=O)(=O)C1(c2cc(N3CCOCC3)nc(-c3ccccc3)n2)CC1,c1ccc(-c2nc(C3CC3)cc(N3CCOCC3)n2)cc1,CHEMBL2325713,2.6,Lipophilicity,1,train
COc1cc(N2CC3CN(CCO)CC(C2)O3)ccc1Nc1ncc(Cl)c(-c2cnc3ccccn23)n1,COc1cc(N2CC3CN(CCO)CC(C2)O3)ccc1Nc1ncc(Cl)c(-c2cnc3ccccn23)n1,c1ccn2c(-c3ccnc(Nc4ccc(N5CC6CNCC(C5)O6)cc4)n3)cnc2c1,CHEMBL1809059,2.5,Lipophilicity,1,train
COc1cc(N2CC3CNCC(C2)O3)ccc1Nc1ncc(Cl)c(-c2cnc3ccccn23)n1,COc1cc(N2CC3CNCC(C2)O3)ccc1Nc1ncc(Cl)c(-c2cnc3ccccn23)n1,c1ccn2c(-c3ccnc(Nc4ccc(N5CC6CNCC(C5)O6)cc4)n3)cnc2c1,CHEMBL1809058,2.3,Lipophilicity,1,train
CCC1(c2ccccc2)NC(=O)N(C)C1=O,CCC1(c2ccccc2)NC(=O)N(C)C1=O,O=C1NC(=O)C(c2ccccc2)N1,CHEMBL861,1.59,Lipophilicity,1,train
CCN1C(=O)NC(c2ccccc2)C1=O,CCN1C(=O)NC(c2ccccc2)C1=O,O=C1NC(=O)C(c2ccccc2)N1,CHEMBL1095,1.0,Lipophilicity,1,train
O=C(c1cc(Cc2n[nH]c(=O)c3ccccc23)ccc1F)N1CCN(c2ccccn2)CC1,O=C(c1cc(Cc2n[nH]c(=O)c3ccccc23)ccc1F)N1CCN(c2ccccn2)CC1,O=C(c1cccc(Cc2n[nH]c(=O)c3ccccc23)c1)N1CCN(c2ccccn2)CC1,CHEMBL523058,2.55,Lipophilicity,1,train
O=C(c1cccc(Cc2n[nH]c(=O)c3ccccc23)c1)N1CCN(c2ccccn2)CC1,O=C(c1cccc(Cc2n[nH]c(=O)c3ccccc23)c1)N1CCN(c2ccccn2)CC1,O=C(c1cccc(Cc2n[nH]c(=O)c3ccccc23)c1)N1CCN(c2ccccn2)CC1,CHEMBL495497,2.36,Lipophilicity,1,train
C=CCC1(CC(C)C)C(=O)NC(=O)NC1=O,C=CCC1(CC(C)C)C(=O)NC(=O)NC1=O,O=C1CC(=O)NC(=O)N1,CHEMBL454,1.48,Lipophilicity,1,train
CCCCC1(CC)C(=O)NC(=O)NC1=O,CCCCC1(CC)C(=O)NC(=O)NC1=O,O=C1CC(=O)NC(=O)N1,CHEMBL404422,1.5,Lipophilicity,1,train
CCn1c(=O)ccc2cc(COc3cc(F)cc(C4(OC)CCOCC4)c3)ccc21,CCn1c(=O)ccc2cc(COc3cc(F)cc(C4(OC)CCOCC4)c3)ccc21,O=c1ccc2cc(COc3cccc(C4CCOCC4)c3)ccc2[nH]1,CHEMBL459236,3.89,Lipophilicity,1,train
COC1(c2cc(F)cc(OCc3ccc4c(ccc(=O)n4C)c3)c2)CCOCC1,COC1(c2cc(F)cc(OCc3ccc4c(ccc(=O)n4C)c3)c2)CCOCC1,O=c1ccc2cc(COc3cccc(C4CCOCC4)c3)ccc2[nH]1,CHEMBL20403,3.52,Lipophilicity,1,train
CC(Cc1ccc(O)cc1)NCC(O)c1cc(O)cc(O)c1,CC(Cc1ccc(O)cc1)NCC(O)c1cc(O)cc(O)c1,c1ccc(CCNCCc2ccccc2)cc1,CHEMBL32800,-0.06,Lipophilicity,1,train
COc1ccc(C[C@@H](C)NC[C@H](O)c2ccc(O)c(NC=O)c2)cc1,COc1ccc(CC(C)NCC(O)c2ccc(O)c(NC=O)c2)cc1,c1ccc(CCNCCc2ccccc2)cc1,CHEMBL1363,0.42,Lipophilicity,1,train
COc1ccc(OC(F)(F)F)cc1CN[C@H]1CCCN[C@H]1c1ccccc1,COc1ccc(OC(F)(F)F)cc1CNC1CCCNC1c1ccccc1,c1ccc(CNC2CCCNC2c2ccccc2)cc1,CHEMBL319118,2.9,Lipophilicity,1,train
COc1ccccc1CN[C@H]1CCCN[C@H]1c1ccccc1,COc1ccccc1CNC1CCCNC1c1ccccc1,c1ccc(CNC2CCCNC2c2ccccc2)cc1,CHEMBL441225,1.5,Lipophilicity,1,train
CC(C)C(NC(=O)Cn1c(-c2ccccc2)ccc(NC(=O)OCc2ccncc2)c1=O)C(=O)C(F)(F)F,CC(C)C(NC(=O)Cn1c(-c2ccccc2)ccc(NC(=O)OCc2ccncc2)c1=O)C(=O)C(F)(F)F,O=C(Nc1ccc(-c2ccccc2)[nH]c1=O)OCc1ccncc1,CHEMBL275043,2.41,Lipophilicity,1,train
Cc1cc(COC(=O)Nc2ccc(-c3ccccc3)n(CC(=O)NC(C(=O)C(F)(F)F)C(C)C)c2=O)cc(C)n1,Cc1cc(COC(=O)Nc2ccc(-c3ccccc3)n(CC(=O)NC(C(=O)C(F)(F)F)C(C)C)c2=O)cc(C)n1,O=C(Nc1ccc(-c2ccccc2)[nH]c1=O)OCc1ccncc1,CHEMBL113187,2.38,Lipophilicity,1,train
C[C@H]1O[C@@H](n2cnc3c(N)nc(OCC4CC45CC5)nc32)[C@H](O)[C@H]1Cl,CC1OC(n2cnc3c(N)nc(OCC4CC45CC5)nc32)C(O)C1Cl,c1nc(OCC2CC23CC3)nc2c1ncn2C1CCCO1,CHEMBL1807860,3.68,Lipophilicity,1,train
C[C@H]1O[C@@H](n2cnc3c(N)nc(OCC4CC45CC5)nc32)[C@H](O)[C@@H]1O,CC1OC(n2cnc3c(N)nc(OCC4CC45CC5)nc32)C(O)C1O,c1nc(OCC2CC23CC3)nc2c1ncn2C1CCCO1,CHEMBL1807851,1.78,Lipophilicity,1,train
O=C(Nc1ncc(F)s1)C(CC1CCOCC1)c1ccc(S(=O)(=O)C2CC2)cc1,O=C(Nc1ncc(F)s1)C(CC1CCOCC1)c1ccc(S(=O)(=O)C2CC2)cc1,O=C(Nc1nccs1)C(CC1CCOCC1)c1ccc(S(=O)(=O)C2CC2)cc1,CHEMBL1164184,3.245,Lipophilicity,2,train
O=C(Nc1nccs1)[C@H](CC1CCOCC1)c1ccc(S(=O)(=O)C2CC2)cc1,O=C(Nc1nccs1)C(CC1CCOCC1)c1ccc(S(=O)(=O)C2CC2)cc1,O=C(Nc1nccs1)C(CC1CCOCC1)c1ccc(S(=O)(=O)C2CC2)cc1,CHEMBL517534,2.55,Lipophilicity,1,train
Cc1ccc(-c2c[nH]nn2)cc1,Cc1ccc(-c2c[nH]nn2)cc1,c1ccc(-c2c[nH]nn2)cc1,CHEMBL193610,2.58,Lipophilicity,1,train
Clc1ccc(-c2c[nH]nn2)cc1,Clc1ccc(-c2c[nH]nn2)cc1,c1ccc(-c2c[nH]nn2)cc1,CHEMBL196516,2.97,Lipophilicity,1,train
CC(COc1ccccc1)NC(C)C(O)c1ccc(O)cc1,CC(COc1ccccc1)NC(C)C(O)c1ccc(O)cc1,c1ccc(CCNCCOc2ccccc2)cc1,CHEMBL1197051,0.56,Lipophilicity,1,train
CN(CCOc1ccc(NS(C)(=O)=O)cc1)CCc1ccc(NS(C)(=O)=O)cc1,CN(CCOc1ccc(NS(C)(=O)=O)cc1)CCc1ccc(NS(C)(=O)=O)cc1,c1ccc(CCNCCOc2ccccc2)cc1,CHEMBL473,0.6,Lipophilicity,1,train
COc1cc2c(Nc3cc(CC(=O)Nc4cccc(F)c4F)[nH]n3)ncnc2cc1OCCCN1CCC[C@@H]1CO,COc1cc2c(Nc3cc(CC(=O)Nc4cccc(F)c4F)[nH]n3)ncnc2cc1OCCCN1CCCC1CO,O=C(Cc1cc(Nc2ncnc3cc(OCCCN4CCCC4)ccc23)n[nH]1)Nc1ccccc1,CHEMBL385049,1.96,Lipophilicity,1,train
O=C(Cc1cc(Nc2ncnc3cc(OCCCN4CCC[C@@H]4CO)ccc23)n[nH]1)Nc1cccc(F)c1F,O=C(Cc1cc(Nc2ncnc3cc(OCCCN4CCCC4CO)ccc23)n[nH]1)Nc1cccc(F)c1F,O=C(Cc1cc(Nc2ncnc3cc(OCCCN4CCCC4)ccc23)n[nH]1)Nc1ccccc1,CHEMBL215022,2.06,Lipophilicity,1,train
C1=CCC(c2cc3ccccc3o2)CNC1,C1=CCC(c2cc3ccccc3o2)CNC1,C1=CCC(c2cc3ccccc3o2)CNC1,CHEMBL2326690,1.94,Lipophilicity,1,train
CN1CC=CCC(c2cc3ccccc3o2)C1,CN1CC=CCC(c2cc3ccccc3o2)C1,C1=CCC(c2cc3ccccc3o2)CNC1,CHEMBL2326689,2.47,Lipophilicity,1,train
CC(C)c1nc2ccc(-c3ccc(F)cc3)cc2c(=O)n1C[C@H]1CCCN(C(C)C)C1,CC(C)c1nc2ccc(-c3ccc(F)cc3)cc2c(=O)n1CC1CCCN(C(C)C)C1,O=c1c2cc(-c3ccccc3)ccc2ncn1CC1CCCNC1,CHEMBL244521,3.6,Lipophilicity,1,train
Cc1nc2ccc(-c3ccc(Cl)cc3)cc2c(=O)n1C[C@H]1CCCN(C(C)C)C1,Cc1nc2ccc(-c3ccc(Cl)cc3)cc2c(=O)n1CC1CCCN(C(C)C)C1,O=c1c2cc(-c3ccccc3)ccc2ncn1CC1CCCNC1,CHEMBL244936,3.3,Lipophilicity,1,train
COc1ccc(-c2cc(=O)c3ccccc3[nH]2)cc1,COc1ccc(-c2cc(=O)c3ccccc3[nH]2)cc1,O=c1cc(-c2ccccc2)[nH]c2ccccc12,CHEMBL1373079,2.71,Lipophilicity,1,train
O=c1cc(-c2ccc(O)cc2)[nH]c2ccccc12,O=c1cc(-c2ccc(O)cc2)[nH]c2ccccc12,O=c1cc(-c2ccccc2)[nH]c2ccccc12,CHEMBL2030006,2.34,Lipophilicity,1,train
CCC(c1ccncc1)n1[nH]c(=O)c2[nH]c3cc(Cl)ccc3c(=O)c2c1=O,CCC(c1ccncc1)n1[nH]c(=O)c2[nH]c3cc(Cl)ccc3c(=O)c2c1=O,O=c1[nH]n(Cc2ccncc2)c(=O)c2c(=O)c3ccccc3[nH]c12,CHEMBL1180257,0.6,Lipophilicity,1,train
O=c1[nH]n(Cc2ccncc2)c(=O)c2c(=O)c3ccc(Cl)cc3[nH]c12,O=c1[nH]n(Cc2ccncc2)c(=O)c2c(=O)c3ccc(Cl)cc3[nH]c12,O=c1[nH]n(Cc2ccncc2)c(=O)c2c(=O)c3ccccc3[nH]c12,CHEMBL118755,-0.16,Lipophilicity,1,train
CC(C)C(C#N)(CCCN(C)CCc1ccccc1)c1ccccc1,CC(C)C(C#N)(CCCN(C)CCc1ccccc1)c1ccccc1,c1ccc(CCCCNCCc2ccccc2)cc1,CHEMBL173809,3.6,Lipophilicity,1,train
COc1ccc(CCN(C)CCCC(C#N)(c2ccc(OC)c(OC)c2)C(C)C)cc1OC,COc1ccc(CCN(C)CCCC(C#N)(c2ccc(OC)c(OC)c2)C(C)C)cc1OC,c1ccc(CCCCNCCc2ccccc2)cc1,CHEMBL6966,2.61,Lipophilicity,1,train
CC(O)C(C)OC(=O)[C@@H]1CC2c3cccc4c3c(cn4C(C)C)CC2N(C)C1,CC(O)C(C)OC(=O)C1CC2c3cccc4c3c(cn4C(C)C)CC2N(C)C1,c1cc2c3c(c[nH]c3c1)CC1NCCCC21,CHEMBL1184160,2.8,Lipophilicity,1,train
CCN(CC)C(=O)N[C@H]1C[C@@H]2c3cccc4[nH]cc(c34)C[C@H]2N(C)C1,CCN(CC)C(=O)NC1CC2c3cccc4[nH]cc(c34)CC2N(C)C1,c1cc2c3c(c[nH]c3c1)CC1NCCCC21,CHEMBL73151,2.73,Lipophilicity,1,train
C[C@H](CO)Nc1nc(SCc2cccc(F)c2F)nc2[nH]c(=O)cnc12,CC(CO)Nc1nc(SCc2cccc(F)c2F)nc2[nH]c(=O)cnc12,O=c1cnc2cnc(SCc3ccccc3)nc2[nH]1,CHEMBL256668,3.1,Lipophilicity,1,train
COC(=O)c1nc2c(N[C@H](C)CO)nc(SCc3cccc(F)c3F)nc2[nH]c1=O,COC(=O)c1nc2c(NC(C)CO)nc(SCc3cccc(F)c3F)nc2[nH]c1=O,O=c1cnc2cnc(SCc3ccccc3)nc2[nH]1,CHEMBL272105,2.49,Lipophilicity,1,train
CCN(CCN(C)C)S(=O)(=O)c1ccc(-c2cnc(N)c(C(=O)Nc3cccnc3)n2)cc1,CCN(CCN(C)C)S(=O)(=O)c1ccc(-c2cnc(N)c(C(=O)Nc3cccnc3)n2)cc1,O=C(Nc1cccnc1)c1cncc(-c2ccccc2)n1,CHEMBL2177167,2.0,Lipophilicity,1,train
COCCNS(=O)(=O)c1ccc(-c2cnc(N)c(C(=O)Nc3cccnc3)n2)cc1,COCCNS(=O)(=O)c1ccc(-c2cnc(N)c(C(=O)Nc3cccnc3)n2)cc1,O=C(Nc1cccnc1)c1cncc(-c2ccccc2)n1,CHEMBL2177159,2.26,Lipophilicity,1,train
CNc1c(C(N)=O)cnc2[nH]c(-c3ccc(OCCN4CCOCC4)cc3)nc12,CNc1c(C(N)=O)cnc2[nH]c(-c3ccc(OCCN4CCOCC4)cc3)nc12,c1cnc2[nH]c(-c3ccc(OCCN4CCOCC4)cc3)nc2c1,CHEMBL2011923,2.14,Lipophilicity,1,train
CNc1c(Cl)cnc2[nH]c(-c3ccc(OCCN4CCOCC4)cc3)nc12,CNc1c(Cl)cnc2[nH]c(-c3ccc(OCCN4CCOCC4)cc3)nc12,c1cnc2[nH]c(-c3ccc(OCCN4CCOCC4)cc3)nc2c1,CHEMBL2011924,2.63,Lipophilicity,1,train
CC(C)c1noc(N2CCN(c3ncc(OCc4ccncc4C#N)cn3)[C@H](C)C2)n1,CC(C)c1noc(N2CCN(c3ncc(OCc4ccncc4C#N)cn3)C(C)C2)n1,c1cc(COc2cnc(N3CCN(c4ncno4)CC3)nc2)ccn1,CHEMBL2087084,3.1,Lipophilicity,1,train
C[C@@H]1CN(c2nc(C(F)(F)F)no2)CCN1c1ncc(OCc2ccncc2C#N)cn1,CC1CN(c2nc(C(F)(F)F)no2)CCN1c1ncc(OCc2ccncc2C#N)cn1,c1cc(COc2cnc(N3CCN(c4ncno4)CC3)nc2)ccn1,CHEMBL2087086,3.1,Lipophilicity,1,train
Cc1cc2[nH]c(=O)c(O)cc(=O)c2cc1C,Cc1cc2[nH]c(=O)c(O)cc(=O)c2cc1C,O=c1ccc(=O)c2ccccc2[nH]1,CHEMBL142653,1.99,Lipophilicity,1,train
O=c1ccc(=O)c2ccccc2[nH]1,O=c1ccc(=O)c2ccccc2[nH]1,O=c1ccc(=O)c2ccccc2[nH]1,CHEMBL358816,1.02,Lipophilicity,1,train
COc1cc(OC)c(S(=O)(=O)N(c2ccc(C)cc2)c2ccc(C)cc2)cc1NC(=O)CCC(=O)O,COc1cc(OC)c(S(=O)(=O)N(c2ccc(C)cc2)c2ccc(C)cc2)cc1NC(=O)CCC(=O)O,O=S(=O)(c1ccccc1)N(c1ccccc1)c1ccccc1,CHEMBL2207600,0.06,Lipophilicity,1,train
COc1cc(OC)c(S(=O)(=O)N(c2ccccc2)c2ccccc2)cc1NC(=O)CCC(=O)O,COc1cc(OC)c(S(=O)(=O)N(c2ccccc2)c2ccccc2)cc1NC(=O)CCC(=O)O,O=S(=O)(c1ccccc1)N(c1ccccc1)c1ccccc1,CHEMBL2207599,-0.8,Lipophilicity,1,train
Cc1cc2cc(C)c3nnc(SCC(=O)N4CCN(C(=O)c5ccco5)CC4)n3c2cc1C,Cc1cc2cc(C)c3nnc(SCC(=O)N4CCN(C(=O)c5ccco5)CC4)n3c2cc1C,O=C(CSc1nnc2ccc3ccccc3n12)N1CCN(C(=O)c2ccco2)CC1,CHEMBL2361579,2.8,Lipophilicity,1,train
Cc1ccc2cc(C)c3nnc(SCC(=O)N4CCN(C(=O)c5ccco5)CC4)n3c2c1,Cc1ccc2cc(C)c3nnc(SCC(=O)N4CCN(C(=O)c5ccco5)CC4)n3c2c1,O=C(CSc1nnc2ccc3ccccc3n12)N1CCN(C(=O)c2ccco2)CC1,CHEMBL1308362,2.3,Lipophilicity,1,train
CC(=O)Nc1ccc(-c2ccnc(Nc3ccc(N4CCOCC4)cc3)n2)cc1,CC(=O)Nc1ccc(-c2ccnc(Nc3ccc(N4CCOCC4)cc3)n2)cc1,c1ccc(-c2ccnc(Nc3ccc(N4CCOCC4)cc3)n2)cc1,CHEMBL1077458,2.91,Lipophilicity,1,train
N#CCNC(=O)c1ccc(-c2ccnc(Nc3ccc(N4CCOCC4)cc3)n2)cc1,N#CCNC(=O)c1ccc(-c2ccnc(Nc3ccc(N4CCOCC4)cc3)n2)cc1,c1ccc(-c2ccnc(Nc3ccc(N4CCOCC4)cc3)n2)cc1,CHEMBL1078178,2.37,Lipophilicity,1,train
Cc1cc(NC(=O)Nc2ccc(Cl)cc2)n(C)n1,Cc1cc(NC(=O)Nc2ccc(Cl)cc2)n(C)n1,O=C(Nc1ccccc1)Nc1ccn[nH]1,CHEMBL1308863,2.96,Lipophilicity,1,train
Cn1nc(C(C)(C)C)cc1NC(=O)Nc1ccc(Cl)cc1,Cn1nc(C(C)(C)C)cc1NC(=O)Nc1ccc(Cl)cc1,O=C(Nc1ccccc1)Nc1ccn[nH]1,CHEMBL87277,3.97,Lipophilicity,1,train
CC(C)C(NC(=O)Cn1c(-c2cccs2)ncc(N)c1=O)C(=O)C(F)(F)F,CC(C)C(NC(=O)Cn1c(-c2cccs2)ncc(N)c1=O)C(=O)C(F)(F)F,O=c1ccnc(-c2cccs2)[nH]1,CHEMBL11084,0.68,Lipophilicity,1,train
CC(C)C(NC(=O)Cn1c(-c2cccs2)ncc(NC(=O)OCC(F)(F)F)c1=O)C(=O)C(F)(F)F,CC(C)C(NC(=O)Cn1c(-c2cccs2)ncc(NC(=O)OCC(F)(F)F)c1=O)C(=O)C(F)(F)F,O=c1ccnc(-c2cccs2)[nH]1,CHEMBL275455,2.32,Lipophilicity,1,train
Cc1c(N(C)C)c(=O)n(-c2ccccc2)n1C,Cc1c(N(C)C)c(=O)n(-c2ccccc2)n1C,O=c1cc[nH]n1-c1ccccc1,CHEMBL288470,0.78,Lipophilicity,1,train
Cc1cc(=O)n(-c2ccccc2)n1C,Cc1cc(=O)n(-c2ccccc2)n1C,O=c1cc[nH]n1-c1ccccc1,CHEMBL277474,0.11,Lipophilicity,1,train
COc1ccc(-c2c(F)ccc3c(N)c(C(=O)NC4CC4)nnc23)c(OC)n1,COc1ccc(-c2c(F)ccc3c(N)c(C(=O)NC4CC4)nnc23)c(OC)n1,O=C(NC1CC1)c1cc2cccc(-c3cccnc3)c2nn1,CHEMBL1783284,3.37,Lipophilicity,1,train
COc1ncc(C)cc1-c1cccc2c(N)c(C(=O)NC3CC3)nnc12,COc1ncc(C)cc1-c1cccc2c(N)c(C(=O)NC3CC3)nnc12,O=C(NC1CC1)c1cc2cccc(-c3cccnc3)c2nn1,CHEMBL1783286,3.4,Lipophilicity,1,train
COc1cc(/C=C2/SC(=O)NC2=O)cc(OC)c1O,COc1cc(C=C2SC(=O)NC2=O)cc(OC)c1O,O=C1NC(=O)C(=Cc2ccccc2)S1,CHEMBL231450,0.74,Lipophilicity,1,train
COc1ccc(C=C2SC(=O)NC2=O)cc1OC,COc1ccc(C=C2SC(=O)NC2=O)cc1OC,O=C1NC(=O)C(=Cc2ccccc2)S1,CHEMBL1700458,1.17,Lipophilicity,1,train
CC(=O)Nc1ccc(O)cc1OC[C@@H](O)CN1CCC2(CC1)Cc1cc(Cl)ccc1O2,CC(=O)Nc1ccc(O)cc1OCC(O)CN1CCC2(CC1)Cc1cc(Cl)ccc1O2,c1ccc(OCCCN2CCC3(CC2)Cc2ccccc2O3)cc1,CHEMBL2332935,2.76,Lipophilicity,1,train
CC(=O)Nc1ccc(O)cc1OC[C@@H](O)CN1CCC2(CC1)Cc1cc(F)ccc1O2,CC(=O)Nc1ccc(O)cc1OCC(O)CN1CCC2(CC1)Cc1cc(F)ccc1O2,c1ccc(OCCCN2CCC3(CC2)Cc2ccccc2O3)cc1,CHEMBL2332936,2.1,Lipophilicity,1,train
Nc1[nH]ncc1-c1cc(Cl)ccc1Oc1cc(F)c(S(=O)(=O)Nc2cscn2)cc1Cl,Nc1[nH]ncc1-c1cc(Cl)ccc1Oc1cc(F)c(S(=O)(=O)Nc2cscn2)cc1Cl,O=S(=O)(Nc1cscn1)c1ccc(Oc2ccccc2-c2cn[nH]c2)cc1,CHEMBL2325014,2.3,Lipophilicity,1,train
Nc1n[nH]cc1-c1cc(C(F)(F)F)ccc1Oc1cc(F)c(S(=O)(=O)Nc2cscn2)cc1Cl,Nc1n[nH]cc1-c1cc(C(F)(F)F)ccc1Oc1cc(F)c(S(=O)(=O)Nc2cscn2)cc1Cl,O=S(=O)(Nc1cscn1)c1ccc(Oc2ccccc2-c2cn[nH]c2)cc1,CHEMBL2325601,2.65,Lipophilicity,1,train
CNc1nc(C)c(-c2nc(Nc3cccc(N4CCCN(C(C)=O)CC4)c3)ncc2C#N)s1,CNc1nc(C)c(-c2nc(Nc3cccc(N4CCCN(C(C)=O)CC4)c3)ncc2C#N)s1,c1cc(Nc2nccc(-c3cncs3)n2)cc(N2CCCNCC2)c1,CHEMBL2348651,3.2,Lipophilicity,1,train
CNc1nc(C)c(-c2nc(Nc3cccc(N4CCCNCC4)c3)ncc2C#N)s1,CNc1nc(C)c(-c2nc(Nc3cccc(N4CCCNCC4)c3)ncc2C#N)s1,c1cc(Nc2nccc(-c3cncs3)n2)cc(N2CCCNCC2)c1,CHEMBL2312185,1.64,Lipophilicity,1,train
COc1cc(OC)c(S(=O)(=O)NCc2ccccc2N2CCC(CO)CC2)cc1NC(C)=O,COc1cc(OC)c(S(=O)(=O)NCc2ccccc2N2CCC(CO)CC2)cc1NC(C)=O,O=S(=O)(NCc1ccccc1N1CCCCC1)c1ccccc1,CHEMBL1951181,1.03,Lipophilicity,1,train
COc1cc(OC)c(S(=O)(=O)NCc2ccccc2N2CCCCC2)cc1NC(=O)CCC(=O)O,COc1cc(OC)c(S(=O)(=O)NCc2ccccc2N2CCCCC2)cc1NC(=O)CCC(=O)O,O=S(=O)(NCc1ccccc1N1CCCCC1)c1ccccc1,CHEMBL1951182,-0.72,Lipophilicity,1,train
CC(=O)N1CCN(c2nc(C#N)nc(NCC(C)C)c2N)CC1,CC(=O)N1CCN(c2nc(C#N)nc(NCC(C)C)c2N)CC1,c1cc(N2CCNCC2)ncn1,CHEMBL514805,2.4,Lipophilicity,1,train
CC(C)CNc1nc(C#N)nc(N2CCNCC2)c1N,CC(C)CNc1nc(C#N)nc(N2CCNCC2)c1N,c1cc(N2CCNCC2)ncn1,CHEMBL474484,0.7,Lipophilicity,1,train
CC(C)Oc1cc(Oc2ccc(S(C)(=O)=O)cc2)cc(C(=O)Nc2nccs2)c1,CC(C)Oc1cc(Oc2ccc(S(C)(=O)=O)cc2)cc(C(=O)Nc2nccs2)c1,O=C(Nc1nccs1)c1cccc(Oc2ccccc2)c1,CHEMBL550904,3.61,Lipophilicity,1,train
C[C@@H](CO)Oc1cc(Oc2ccc(S(C)(=O)=O)cc2)cc(C(=O)Nc2nccs2)c1,CC(CO)Oc1cc(Oc2ccc(S(C)(=O)=O)cc2)cc(C(=O)Nc2nccs2)c1,O=C(Nc1nccs1)c1cccc(Oc2ccccc2)c1,CHEMBL561652,2.63,Lipophilicity,1,train
CC(C)CCCC(C)/N=c1\ccn(Cc2ccccc2)c2cc(Cl)ccc12,CC(C)CCCC(C)N=c1ccn(Cc2ccccc2)c2cc(Cl)ccc12,N=c1ccn(Cc2ccccc2)c2ccccc12,CHEMBL56261,1.58,Lipophilicity,1,train
CCCCCC/N=c1\ccn(Cc2ccccc2)c2cc(Cl)ccc12,CCCCCCN=c1ccn(Cc2ccccc2)c2cc(Cl)ccc12,N=c1ccn(Cc2ccccc2)c2ccccc12,CHEMBL53841,0.98,Lipophilicity,1,train
CCOC(=O)c1ccc(OCCC2(C#N)CCN(c3ccc(C)nn3)CC2)cc1,CCOC(=O)c1ccc(OCCC2(C#N)CCN(c3ccc(C)nn3)CC2)cc1,c1ccc(OCCC2CCN(c3cccnn3)CC2)cc1,CHEMBL1835907,3.54,Lipophilicity,1,train
CCOC(=O)c1ccc(OCCC2CCN(c3ccc(C)nn3)CC2)cc1,CCOC(=O)c1ccc(OCCC2CCN(c3ccc(C)nn3)CC2)cc1,c1ccc(OCCC2CCN(c3cccnn3)CC2)cc1,CHEMBL298019,4.42,Lipophilicity,1,train
CN1CCC(c2cc(N3CCOCC3)nc(-c3cccc4[nH]ccc34)n2)(S(C)(=O)=O)CC1,CN1CCC(c2cc(N3CCOCC3)nc(-c3cccc4[nH]ccc34)n2)(S(C)(=O)=O)CC1,c1cc(-c2nc(C3CCNCC3)cc(N3CCOCC3)n2)c2cc[nH]c2c1,CHEMBL2325707,1.9,Lipophilicity,1,train
CS(=O)(=O)C1(c2cc(N3CCOCC3)nc(-c3cccc4[nH]ccc34)n2)CCNCC1,CS(=O)(=O)C1(c2cc(N3CCOCC3)nc(-c3cccc4[nH]ccc34)n2)CCNCC1,c1cc(-c2nc(C3CCNCC3)cc(N3CCOCC3)n2)c2cc[nH]c2c1,CHEMBL2325706,0.7,Lipophilicity,1,train
CC(C)(C)NS(=O)(=O)c1cncc(-c2ccc3nc(N)nn3c2)c1,CC(C)(C)NS(=O)(=O)c1cncc(-c2ccc3nc(N)nn3c2)c1,c1cncc(-c2ccc3ncnn3c2)c1,CHEMBL2059909,1.41,Lipophilicity,1,train
CNC(=O)Nc1nc2ccc(-c3cncc(S(=O)(=O)NC(C)(C)C)c3)cn2n1,CNC(=O)Nc1nc2ccc(-c3cncc(S(=O)(=O)NC(C)(C)C)c3)cn2n1,c1cncc(-c2ccc3ncnn3c2)c1,CHEMBL2059910,1.58,Lipophilicity,1,train
CC1(O)CN(S(=O)(=O)c2ccc3c(C(=O)NC[C@@H](O)CN4CCC(Oc5ccc(Cl)c(Cl)c5)CC4)c[nH]c(=O)c3c2)C1,CC1(O)CN(S(=O)(=O)c2ccc3c(C(=O)NCC(O)CN4CCC(Oc5ccc(Cl)c(Cl)c5)CC4)c[nH]c(=O)c3c2)C1,O=C(NCCCN1CCC(Oc2ccccc2)CC1)c1c[nH]c(=O)c2cc(S(=O)(=O)N3CCC3)ccc12,CHEMBL2207655,2.54,Lipophilicity,1,train
O=C(NC[C@@H](O)CN1CCC(Oc2ccc(Cl)c(Cl)c2)CC1)c1c[nH]c(=O)c2cc(S(=O)(=O)N3CCC3)ccc12,O=C(NCC(O)CN1CCC(Oc2ccc(Cl)c(Cl)c2)CC1)c1c[nH]c(=O)c2cc(S(=O)(=O)N3CCC3)ccc12,O=C(NCCCN1CCC(Oc2ccccc2)CC1)c1c[nH]c(=O)c2cc(S(=O)(=O)N3CCC3)ccc12,CHEMBL2207654,3.02,Lipophilicity,1,train
C[C@](O)(CS(=O)(=O)c1ccc(F)cc1)C(=O)Nc1ccc(C#N)c(C(F)(F)F)c1,CC(O)(CS(=O)(=O)c1ccc(F)cc1)C(=O)Nc1ccc(C#N)c(C(F)(F)F)c1,O=C(CCS(=O)(=O)c1ccccc1)Nc1ccccc1,CHEMBL63560,2.87,Lipophilicity,1,train
COc1ccc(Cl)cc1NC(=O)CCS(=O)(=O)c1ccc(Br)cc1,COc1ccc(Cl)cc1NC(=O)CCS(=O)(=O)c1ccc(Br)cc1,O=C(CCS(=O)(=O)c1ccccc1)Nc1ccccc1,CHEMBL1538897,3.4,Lipophilicity,1,train
COCCNc1nc(C#N)nc(NCC(C)C)c1N,COCCNc1nc(C#N)nc(NCC(C)C)c1N,c1cncnc1,CHEMBL474828,2.8,Lipophilicity,1,train
Cc1cc(C)nc(SCC(N)=O)n1,Cc1cc(C)nc(SCC(N)=O)n1,c1cncnc1,CHEMBL1526762,0.23,Lipophilicity,1,train
CCCc1c(OCc2ccc(-c3nn[nH]n3)cc2)ccc(C(C)=O)c1O,CCCc1c(OCc2ccc(-c3nn[nH]n3)cc2)ccc(C(C)=O)c1O,c1ccc(OCc2ccc(-c3nn[nH]n3)cc2)cc1,CHEMBL167597,3.1,Lipophilicity,1,train
CCCc1c(OCc2ccc(-c3nn[nH]n3)cc2OC)ccc(C(C)=O)c1O,CCCc1c(OCc2ccc(-c3nn[nH]n3)cc2OC)ccc(C(C)=O)c1O,c1ccc(OCc2ccc(-c3nn[nH]n3)cc2)cc1,CHEMBL355236,2.8,Lipophilicity,1,train
COc1cccc2sc(NC(=O)c3ccccc3)nc12,COc1cccc2sc(NC(=O)c3ccccc3)nc12,O=C(Nc1nc2ccccc2s1)c1ccccc1,CHEMBL1868126,3.96,Lipophilicity,1,train
COc1ccccc1C(=O)Nc1nc2ccccc2s1,COc1ccccc1C(=O)Nc1nc2ccccc2s1,O=C(Nc1nc2ccccc2s1)c1ccccc1,CHEMBL1524929,3.61,Lipophilicity,1,train
CCN(CC)C(=O)c1ccc2[nH]c(-c3cc(C)cc(C)c3)c(CCNCCCCc3ccncc3)c2c1,CCN(CC)C(=O)c1ccc2[nH]c(-c3cc(C)cc(C)c3)c(CCNCCCCc3ccncc3)c2c1,c1ccc(-c2[nH]c3ccccc3c2CCNCCCCc2ccncc2)cc1,CHEMBL298700,3.3,Lipophilicity,1,train
Cc1cc(C)cc(-c2[nH]c3ccccc3c2CCNCCCCc2ccncc2)c1,Cc1cc(C)cc(-c2[nH]c3ccccc3c2CCNCCCCc2ccncc2)c1,c1ccc(-c2[nH]c3ccccc3c2CCNCCCCc2ccncc2)cc1,CHEMBL11009,3.3,Lipophilicity,1,train
C[C@@H](C#N)NC(=O)[C@@H]1CCCC[C@H]1C(=O)N1CCc2[nH]c3ccc(F)cc3c2C1,CC(C#N)NC(=O)C1CCCCC1C(=O)N1CCc2[nH]c3ccc(F)cc3c2C1,O=C(C1CCCCC1)N1CCc2[nH]c3ccccc3c2C1,CHEMBL2164680,3.3,Lipophilicity,2,train
N#CCNC(=O)[C@@H]1CCCC[C@H]1C(=O)N1CCc2[nH]c3ccc(F)cc3c2C1,N#CCNC(=O)C1CCCCC1C(=O)N1CCc2[nH]c3ccc(F)cc3c2C1,O=C(C1CCCCC1)N1CCc2[nH]c3ccccc3c2C1,CHEMBL2164677,2.77,Lipophilicity,1,train
N#CCc1c[nH]c2ccc(OCc3ccccc3)cc12,N#CCc1c[nH]c2ccc(OCc3ccccc3)cc12,c1ccc(COc2ccc3[nH]ccc3c2)cc1,CHEMBL1288718,3.71,Lipophilicity,1,train
O=C(O)c1cc2cc(OCc3ccccc3)ccc2[nH]1,O=C(O)c1cc2cc(OCc3ccccc3)ccc2[nH]1,c1ccc(COc2ccc3[nH]ccc3c2)cc1,CHEMBL24850,0.4,Lipophilicity,1,train
N#Cc1ccc(C(=O)N2CCC3(CC2)N=C(N)c2c(F)ccc(F)c2N3)cc1,N#Cc1ccc(C(=O)N2CCC3(CC2)N=C(N)c2c(F)ccc(F)c2N3)cc1,O=C(c1ccccc1)N1CCC2(CC1)N=Cc1ccccc1N2,CHEMBL174310,0.86,Lipophilicity,1,train
N#Cc1ccc(C(=O)N2CCC3(CC2)N=C(N)c2c(F)cccc2N3)cc1,N#Cc1ccc(C(=O)N2CCC3(CC2)N=C(N)c2c(F)cccc2N3)cc1,O=C(c1ccccc1)N1CCC2(CC1)N=Cc1ccccc1N2,CHEMBL367556,0.66,Lipophilicity,1,train
COc1ccc(C)c(NC(=O)CC23CC4CC(CC(C4)C2)C3)c1,COc1ccc(C)c(NC(=O)CC23CC4CC(CC(C4)C2)C3)c1,O=C(CC12CC3CC(CC(C3)C1)C2)Nc1ccccc1,CHEMBL424451,3.96,Lipophilicity,1,train
COc1cccc(NC(=O)CC23CC4CC(CC(C4)C2)C3)c1C,COc1cccc(NC(=O)CC23CC4CC(CC(C4)C2)C3)c1C,O=C(CC12CC3CC(CC(C3)C1)C2)Nc1ccccc1,CHEMBL341226,4.21,Lipophilicity,1,train
COC(=O)[C@H](c1ccccc1Cl)N1CCc2sccc2C1,COC(=O)C(c1ccccc1Cl)N1CCc2sccc2C1,c1ccc(CN2CCc3sccc3C2)cc1,CHEMBL1771,3.69,Lipophilicity,1,train
Clc1ccccc1CN1CCc2sccc2C1,Clc1ccccc1CN1CCc2sccc2C1,c1ccc(CN2CCc3sccc3C2)cc1,CHEMBL833,3.46,Lipophilicity,1,train
CC(=O)NCc1ccc(CN2CCN(c3ccc(F)cc3F)CC2)cc1,CC(=O)NCc1ccc(CN2CCN(c3ccc(F)cc3F)CC2)cc1,c1ccc(CN2CCN(c3ccccc3)CC2)cc1,CHEMBL352576,2.5,Lipophilicity,1,train
CC(=O)NCc1ccc(CN2CCN(c3ccccc3)CC2)cc1,CC(=O)NCc1ccc(CN2CCN(c3ccccc3)CC2)cc1,c1ccc(CN2CCN(c3ccccc3)CC2)cc1,CHEMBL170307,1.78,Lipophilicity,1,train
CC(C)(C)C(=O)N[C@H]1CCCCNC1=O,CC(C)(C)C(=O)NC1CCCCNC1=O,O=C1CCCCCN1,CHEMBL512607,0.58,Lipophilicity,1,train
O=C1CCCCCN1,O=C1CCCCCN1,O=C1CCCCCN1,CHEMBL276218,-0.08,Lipophilicity,1,train
CC(c1ccsc1)n1[nH]c(=O)c2[nH]c3cc(Cl)ccc3c(=O)c2c1=O,CC(c1ccsc1)n1[nH]c(=O)c2[nH]c3cc(Cl)ccc3c(=O)c2c1=O,O=c1[nH]n(Cc2ccsc2)c(=O)c2c(=O)c3ccccc3[nH]c12,CHEMBL226905,0.9,Lipophilicity,1,train
O=c1[nH]n(Cc2ccsc2)c(=O)c2c(=O)c3ccc(Cl)cc3[nH]c12,O=c1[nH]n(Cc2ccsc2)c(=O)c2c(=O)c3ccc(Cl)cc3[nH]c12,O=c1[nH]n(Cc2ccsc2)c(=O)c2c(=O)c3ccccc3[nH]c12,CHEMBL226856,1.11,Lipophilicity,1,train
C[C@H]1O[C@@H](n2cnc3c(N)nc(O[C@H]4CC[C@H](C)CC4)nc32)[C@H](O)[C@@H]1O,CC1CCC(Oc2nc(N)c3ncn(C4OC(C)C(O)C4O)c3n2)CC1,c1nc(OC2CCCCC2)nc2c1ncn2C1CCCO1,CHEMBL1807850,2.35,Lipophilicity,1,train
C[C@H]1O[C@@H](n2cnc3c(N)nc(OC4CCC(F)(F)CC4)nc32)[C@H](O)[C@@H]1O,CC1OC(n2cnc3c(N)nc(OC4CCC(F)(F)CC4)nc32)C(O)C1O,c1nc(OC2CCCCC2)nc2c1ncn2C1CCCO1,CHEMBL1933592,1.42,Lipophilicity,1,train
CC(C)COc1cc(OC(C)C)cc(C(=O)Nc2ccc(C(=O)O)cn2)c1,CC(C)COc1cc(OC(C)C)cc(C(=O)Nc2ccc(C(=O)O)cn2)c1,O=C(Nc1ccccn1)c1ccccc1,CHEMBL381434,1.6,Lipophilicity,1,train
O=C(Nc1ccccn1)c1ccccc1,O=C(Nc1ccccn1)c1ccccc1,O=C(Nc1ccccn1)c1ccccc1,CHEMBL377136,2.2,Lipophilicity,1,train
O=C(NCCc1ccccc1)c1cc(-n2ncc(=O)[nH]c2=O)ccc1Cl,O=C(NCCc1ccccc1)c1cc(-n2ncc(=O)[nH]c2=O)ccc1Cl,O=C(NCCc1ccccc1)c1cccc(-n2ncc(=O)[nH]c2=O)c1,CHEMBL1779503,0.74,Lipophilicity,1,train
O=C(NCCc1ccccc1Cl)c1cc(-n2ncc(=O)[nH]c2=O)ccc1Cl,O=C(NCCc1ccccc1Cl)c1cc(-n2ncc(=O)[nH]c2=O)ccc1Cl,O=C(NCCc1ccccc1)c1cccc(-n2ncc(=O)[nH]c2=O)c1,CHEMBL559968,1.29,Lipophilicity,1,train
CSc1nc(-c2ccccc2)nn1Cc1ccccc1,CSc1nc(-c2ccccc2)nn1Cc1ccccc1,c1ccc(Cn2cnc(-c3ccccc3)n2)cc1,CHEMBL314034,3.83,Lipophilicity,1,train
Nc1nc(-c2ccccc2)nn1Cc1ccccc1,Nc1nc(-c2ccccc2)nn1Cc1ccccc1,c1ccc(Cn2cnc(-c3ccccc3)n2)cc1,CHEMBL86276,1.91,Lipophilicity,1,train
O=c1[nH]c(-c2ccc([N+](=O)[O-])cc2)nc2ccccc12,O=c1[nH]c(-c2ccc([N+](=O)[O-])cc2)nc2ccccc12,O=c1[nH]c(-c2ccccc2)nc2ccccc12,CHEMBL1164165,2.5,Lipophilicity,1,train
O=c1[nH]c(-c2ccccc2)nc2cc(Cl)ccc12,O=c1[nH]c(-c2ccccc2)nc2cc(Cl)ccc12,O=c1[nH]c(-c2ccccc2)nc2ccccc12,CHEMBL2003130,3.31,Lipophilicity,1,train
CCOC(=O)c1coc2ccccc2c1=O,CCOC(=O)c1coc2ccccc2c1=O,O=c1ccoc2ccccc12,CHEMBL2312487,1.81,Lipophilicity,1,train
O=c1ccoc2ccccc12,O=c1ccoc2ccccc12,O=c1ccoc2ccccc12,CHEMBL13311,1.4,Lipophilicity,1,train
CC(C)Oc1cc(Nc2nc(N[C@@H](C)c3ccc(F)cn3)nc(OC(CO)CO)c2Cl)n[nH]1,CC(C)Oc1cc(Nc2nc(NC(C)c3ccc(F)cn3)nc(OC(CO)CO)c2Cl)n[nH]1,c1ccc(CNc2nccc(Nc3cc[nH]n3)n2)nc1,CHEMBL515062,2.77,Lipophilicity,1,train
Cc1cc(Nc2nc(NCc3ccccn3)ncc2Br)n[nH]1,Cc1cc(Nc2nc(NCc3ccccn3)ncc2Br)n[nH]1,c1ccc(CNc2nccc(Nc3cc[nH]n3)n2)nc1,CHEMBL2088101,2.8,Lipophilicity,1,train
COc1cc(NS(=O)(=O)c2ccc(N)cc2)nc(OC)n1,COc1cc(NS(=O)(=O)c2ccc(N)cc2)nc(OC)n1,O=S(=O)(Nc1ccncn1)c1ccccc1,CHEMBL62193,0.2,Lipophilicity,1,train
COc1ncnc(NS(=O)(=O)c2ccc(N)cc2)c1OC,COc1ncnc(NS(=O)(=O)c2ccc(N)cc2)c1OC,O=S(=O)(Nc1ccncn1)c1ccccc1,CHEMBL1539,-0.73,Lipophilicity,1,train
O=C(CC1CCN(Cc2ccn(-c3ccc(C(F)(F)F)cc3)c2)CC1)NC(c1ccc(F)cc1)c1c[nH]c(=O)c(Cl)c1,O=C(CC1CCN(Cc2ccn(-c3ccc(C(F)(F)F)cc3)c2)CC1)NC(c1ccc(F)cc1)c1c[nH]c(=O)c(Cl)c1,O=C(CC1CCN(Cc2ccn(-c3ccccc3)c2)CC1)NC(c1ccccc1)c1ccc(=O)[nH]c1,CHEMBL540930,3.12,Lipophilicity,1,train
O=C(CC1CCN(Cc2ccn(-c3ccc(C(F)(F)F)cc3)c2)CC1)NC(c1ccc(F)cc1)c1ccc(=O)[nH]c1,O=C(CC1CCN(Cc2ccn(-c3ccc(C(F)(F)F)cc3)c2)CC1)NC(c1ccc(F)cc1)c1ccc(=O)[nH]c1,O=C(CC1CCN(Cc2ccn(-c3ccccc3)c2)CC1)NC(c1ccccc1)c1ccc(=O)[nH]c1,CHEMBL554332,3.04,Lipophilicity,1,train
CNC(=C[N+](=O)[O-])NCCSCc1ccc(CN(C)C)o1,CNC(=C[N+](=O)[O-])NCCSCc1ccc(CN(C)C)o1,c1ccoc1,CHEMBL1790041,-0.95,Lipophilicity,1,train
O=[N+]([O-])c1ccc(C=NO)o1,O=[N+]([O-])c1ccc(C=NO)o1,c1ccoc1,CHEMBL2362258,1.31,Lipophilicity,1,train
CC1CCC(CC(=O)Nc2cccc3ncccc23)CC1,CC1CCC(CC(=O)Nc2cccc3ncccc23)CC1,O=C(CC1CCCCC1)Nc1cccc2ncccc12,CHEMBL550438,3.56,Lipophilicity,1,train
O=C(CC1CCCCC1)Nc1c(Cl)ccc2nc(NCCCO)ccc12,O=C(CC1CCCCC1)Nc1c(Cl)ccc2nc(NCCCO)ccc12,O=C(CC1CCCCC1)Nc1cccc2ncccc12,CHEMBL555033,3.29,Lipophilicity,1,train
Cc1cc(NC(=O)c2ccc(Cl)cc2)n(-c2ccccc2)n1,Cc1cc(NC(=O)c2ccc(Cl)cc2)n(-c2ccccc2)n1,O=C(Nc1ccnn1-c1ccccc1)c1ccccc1,CHEMBL1612749,3.25,Lipophilicity,1,train
N#Cc1cnn(-c2ccccc2)c1NC(=O)c1ccccc1F,N#Cc1cnn(-c2ccccc2)c1NC(=O)c1ccccc1F,O=C(Nc1ccnn1-c1ccccc1)c1ccccc1,CHEMBL1398535,1.7,Lipophilicity,1,train
NC(=O)Nc1cc(-c2ccsc2)sc1C(N)=O,NC(=O)Nc1cc(-c2ccsc2)sc1C(N)=O,c1csc(-c2ccsc2)c1,CHEMBL1831078,2.3,Lipophilicity,1,train
NC(=O)c1sc(-c2ccsc2)cc1N,NC(=O)c1sc(-c2ccsc2)cc1N,c1csc(-c2ccsc2)c1,CHEMBL193093,2.23,Lipophilicity,1,train
Cc1ccc(OC(=O)N2CCN3CCC2CC3)cc1,Cc1ccc(OC(=O)N2CCN3CCC2CC3)cc1,O=C(Oc1ccccc1)N1CCN2CCC1CC2,CHEMBL554169,1.02,Lipophilicity,1,train
O=C(Oc1ccc(Br)cc1)N1CCN2CCC1CC2,O=C(Oc1ccc(Br)cc1)N1CCN2CCC1CC2,O=C(Oc1ccccc1)N1CCN2CCC1CC2,CHEMBL559478,1.58,Lipophilicity,1,train
CCNCc1cncc(-c2ccc(F)cc2OC)n1,CCNCc1cncc(-c2ccc(F)cc2OC)n1,c1ccc(-c2cnccn2)cc1,CHEMBL1778870,1.18,Lipophilicity,1,train
COCCNCc1cncc(-c2ccc(F)cc2OC)n1,COCCNCc1cncc(-c2ccc(F)cc2OC)n1,c1ccc(-c2cnccn2)cc1,CHEMBL1778868,1.61,Lipophilicity,1,train
Cc1ccc(-c2cccc(-c3nn[nH]n3)c2)cc1,Cc1ccc(-c2cccc(-c3nn[nH]n3)c2)cc1,c1ccc(-c2cccc(-c3nn[nH]n3)c2)cc1,CHEMBL2089276,1.3,Lipophilicity,1,train
N#Cc1cccc(-c2cccc(-c3nn[nH]n3)c2)c1,N#Cc1cccc(-c2cccc(-c3nn[nH]n3)c2)c1,c1ccc(-c2cccc(-c3nn[nH]n3)c2)cc1,CHEMBL2089275,0.7,Lipophilicity,1,train
COCCNCc1ccc(CCNC[C@H](O)c2ccc(O)c3[nH]c(=O)sc23)cc1,COCCNCc1ccc(CCNCC(O)c2ccc(O)c3[nH]c(=O)sc23)cc1,O=c1[nH]c2cccc(CCNCCc3ccccc3)c2s1,CHEMBL1945293,-0.54,Lipophilicity,1,train
COCCNCc1cccc(CCNC[C@H](O)c2ccc(O)c3[nH]c(=O)sc23)c1,COCCNCc1cccc(CCNCC(O)c2ccc(O)c3[nH]c(=O)sc23)c1,O=c1[nH]c2cccc(CCNCCc3ccccc3)c2s1,CHEMBL1945292,0.01,Lipophilicity,1,train
COc1ccc(C(=O)CS(=O)(=O)c2ccccc2)cc1,COc1ccc(C(=O)CS(=O)(=O)c2ccccc2)cc1,O=C(CS(=O)(=O)c1ccccc1)c1ccccc1,CHEMBL238620,1.96,Lipophilicity,1,train
O=C(CS(=O)(=O)c1ccccc1)c1ccccc1,O=C(CS(=O)(=O)c1ccccc1)c1ccccc1,O=C(CS(=O)(=O)c1ccccc1)c1ccccc1,CHEMBL379738,1.86,Lipophilicity,1,train
Cc1nc(CS(=O)(=O)c2ccc(Cl)cc2)cc(N2CCOCC2)n1,Cc1nc(CS(=O)(=O)c2ccc(Cl)cc2)cc(N2CCOCC2)n1,O=S(=O)(Cc1cc(N2CCOCC2)ncn1)c1ccccc1,CHEMBL1343931,1.8,Lipophilicity,1,train
Cc1nc(CS(=O)(=O)c2ccccc2)cc(N2CCOCC2)n1,Cc1nc(CS(=O)(=O)c2ccccc2)cc(N2CCOCC2)n1,O=S(=O)(Cc1cc(N2CCOCC2)ncn1)c1ccccc1,CHEMBL1699517,1.07,Lipophilicity,1,train
Cc1nc(C(=O)N2CCCC3(CCN(Cc4ccc(Cl)cc4)CC3)C2)cs1,Cc1nc(C(=O)N2CCCC3(CCN(Cc4ccc(Cl)cc4)CC3)C2)cs1,O=C(c1cscn1)N1CCCC2(CCN(Cc3ccccc3)CC2)C1,CHEMBL1290078,0.64,Lipophilicity,1,train
Cc1nc(C(=O)N2CCCC3(CCN(Cc4ccccc4)CC3)C2)cs1,Cc1nc(C(=O)N2CCCC3(CCN(Cc4ccccc4)CC3)C2)cs1,O=C(c1cscn1)N1CCCC2(CCN(Cc3ccccc3)CC2)C1,CHEMBL1290185,0.24,Lipophilicity,1,train
Nc1nccc2ccccc12,Nc1nccc2ccccc12,c1ccc2cnccc2c1,CHEMBL62083,1.5,Lipophilicity,1,train
c1ccc2cnccc2c1,c1ccc2cnccc2c1,c1ccc2cnccc2c1,CHEMBL12315,1.6,Lipophilicity,1,train
O=C1CC(c2ccc(O)cc2)Oc2cc(O)cc(O)c21,O=C1CC(c2ccc(O)cc2)Oc2cc(O)cc(O)c21,O=C1CC(c2ccccc2)Oc2ccccc21,CHEMBL32571,2.6,Lipophilicity,1,train
O=C1CC(c2ccc(O)cc2)Oc2cc(O)ccc21,O=C1CC(c2ccc(O)cc2)Oc2cc(O)ccc21,O=C1CC(c2ccccc2)Oc2ccccc21,CHEMBL271939,2.4,Lipophilicity,1,train
NC(=O)c1ccc(O[C@H]2C[C@H]3CC[C@@H](C2)N3Cc2ccccc2)nc1,NC(=O)c1ccc(OC2CC3CCC(C2)N3Cc2ccccc2)nc1,c1ccc(CN2C3CCC2CC(Oc2ccccn2)C3)cc1,CHEMBL1224217,1.25,Lipophilicity,1,train
NC(=O)c1cccc(O[C@H]2C[C@H]3CC[C@@H](C2)N3Cc2ccccc2)n1,NC(=O)c1cccc(OC2CC3CCC(C2)N3Cc2ccccc2)n1,c1ccc(CN2C3CCC2CC(Oc2ccccn2)C3)cc1,CHEMBL1224069,1.71,Lipophilicity,1,train
Nc1c(C(=O)NC2CC2)nnc2c(-c3ncccn3)c(F)ccc12,Nc1c(C(=O)NC2CC2)nnc2c(-c3ncccn3)c(F)ccc12,O=C(NC1CC1)c1cc2cccc(-c3ncccn3)c2nn1,CHEMBL1631472,1.59,Lipophilicity,1,train
Nc1c(C(=O)NC2CC2)nnc2c(-c3ncccn3)cccc12,Nc1c(C(=O)NC2CC2)nnc2c(-c3ncccn3)cccc12,O=C(NC1CC1)c1cc2cccc(-c3ncccn3)c2nn1,CHEMBL1631471,1.5,Lipophilicity,1,train
NC(=O)c1ccn2c(-c3ccccc3)c(-c3ccc(C4(N)CCC4)cc3)nc2c1,NC(=O)c1ccn2c(-c3ccccc3)c(-c3ccc(C4(N)CCC4)cc3)nc2c1,c1ccc(-c2c(-c3ccc(C4CCC4)cc3)nc3ccccn23)cc1,CHEMBL2035022,2.0,Lipophilicity,1,train
NC1(c2ccc(-c3nc4ccccn4c3-c3ccccc3)cc2)CCC1,NC1(c2ccc(-c3nc4ccccn4c3-c3ccccc3)cc2)CCC1,c1ccc(-c2c(-c3ccc(C4CCC4)cc3)nc3ccccn23)cc1,CHEMBL2035021,2.8,Lipophilicity,1,train
COc1c2occc2cc2ccc(=O)oc12,COc1c2occc2cc2ccc(=O)oc12,O=c1ccc2cc3ccoc3cc2o1,CHEMBL416,1.97,Lipophilicity,1,train
Cc1cc2cc3c(C)cc(=O)oc3c(C)c2o1,Cc1cc2cc3c(C)cc(=O)oc3c(C)c2o1,O=c1ccc2cc3ccoc3cc2o1,CHEMBL1475,3.47,Lipophilicity,1,train
CN1CC(n2nccc2-c2cc(Cl)ccc2Oc2cc(F)c(S(=O)(=O)Nc3ncns3)cc2F)C1,CN1CC(n2nccc2-c2cc(Cl)ccc2Oc2cc(F)c(S(=O)(=O)Nc3ncns3)cc2F)C1,O=S(=O)(Nc1ncns1)c1ccc(Oc2ccccc2-c2ccnn2C2CNC2)cc1,CHEMBL2325622,1.0,Lipophilicity,1,train
O=S(=O)(Nc1ncns1)c1cc(F)c(Oc2ccc(Cl)cc2-c2ccnn2C2CNC2)cc1F,O=S(=O)(Nc1ncns1)c1cc(F)c(Oc2ccc(Cl)cc2-c2ccnn2C2CNC2)cc1F,O=S(=O)(Nc1ncns1)c1ccc(Oc2ccccc2-c2ccnn2C2CNC2)cc1,CHEMBL2325642,1.0,Lipophilicity,1,train
Cc1ccc(NC(=O)c2cccc(C(F)(F)F)c2)cc1NC(=O)c1ccc2ncccc2c1,Cc1ccc(NC(=O)c2cccc(C(F)(F)F)c2)cc1NC(=O)c1ccc2ncccc2c1,O=C(Nc1cccc(NC(=O)c2ccc3ncccc3c2)c1)c1ccccc1,CHEMBL481563,3.87,Lipophilicity,1,train
Cc1ccc(NC(=O)c2cccc(N(C)S(C)(=O)=O)c2)cc1NC(=O)c1ccc2ncccc2c1,Cc1ccc(NC(=O)c2cccc(N(C)S(C)(=O)=O)c2)cc1NC(=O)c1ccc2ncccc2c1,O=C(Nc1cccc(NC(=O)c2ccc3ncccc3c2)c1)c1ccccc1,CHEMBL454616,2.8,Lipophilicity,1,train
O=S(=O)(Cc1cc(Cl)cc(Cl)c1)NCC(c1ccccc1)N1CCCCCC1,O=S(=O)(Cc1cc(Cl)cc(Cl)c1)NCC(c1ccccc1)N1CCCCCC1,O=S(=O)(Cc1ccccc1)NCC(c1ccccc1)N1CCCCCC1,CHEMBL1209430,3.23,Lipophilicity,1,train
O=S(=O)(Cc1ccccc1)NCC(c1ccccc1)N1CCCCCC1,O=S(=O)(Cc1ccccc1)NCC(c1ccccc1)N1CCCCCC1,O=S(=O)(Cc1ccccc1)NCC(c1ccccc1)N1CCCCCC1,CHEMBL1209429,2.83,Lipophilicity,1,train
Cc1ccc(-c2csc3ncnc(O)c23)cc1,Cc1ccc(-c2csc3ncnc(O)c23)cc1,c1ccc(-c2csc3ncncc23)cc1,CHEMBL1427554,2.59,Lipophilicity,1,train
Oc1ncnc2scc(-c3ccccc3)c12,Oc1ncnc2scc(-c3ccccc3)c12,c1ccc(-c2csc3ncncc23)cc1,CHEMBL1369722,2.07,Lipophilicity,1,train
CNc1nc2ccccc2n1Cc1sc2c(c1C(=O)N1CC[C@@H](O)C1)c(=O)n(C)c(=O)n2CC(C)C,CNc1nc2ccccc2n1Cc1sc2c(c1C(=O)N1CCC(O)C1)c(=O)n(C)c(=O)n2CC(C)C,O=C(c1c(Cn2cnc3ccccc32)sc2[nH]c(=O)[nH]c(=O)c12)N1CCCC1,CHEMBL426851,1.61,Lipophilicity,1,train
Cc1nc2ccccc2n1Cc1sc2c(c1C(=O)N1CC[C@@H](O)C1)c(=O)n(C)c(=O)n2CC(C)C,Cc1nc2ccccc2n1Cc1sc2c(c1C(=O)N1CCC(O)C1)c(=O)n(C)c(=O)n2CC(C)C,O=C(c1c(Cn2cnc3ccccc32)sc2[nH]c(=O)[nH]c(=O)c12)N1CCCC1,CHEMBL204772,1.34,Lipophilicity,1,train
CC1N=C(N)N=C(N)N1c1ccc(Cl)cc1,CC1N=C(N)N=C(N)N1c1ccc(Cl)cc1,C1=NC=NCN1c1ccccc1,CHEMBL93484,-0.8,Lipophilicity,1,train
CSc1ccc(N2C(N)=NC(N)=NC2(C)C)cc1,CSc1ccc(N2C(N)=NC(N)=NC2(C)C)cc1,C1=NC=NCN1c1ccccc1,CHEMBL174107,-0.84,Lipophilicity,1,train
CN1CCN(CC(=O)Nc2ccc(-c3cccn4c(=O)cc(N5CCOCC5)nc34)c3sc4ccccc4c23)CC1,CN1CCN(CC(=O)Nc2ccc(-c3cccn4c(=O)cc(N5CCOCC5)nc34)c3sc4ccccc4c23)CC1,O=C(CN1CCNCC1)Nc1ccc(-c2cccn3c(=O)cc(N4CCOCC4)nc23)c2sc3ccccc3c12,CHEMBL1630123,2.6,Lipophilicity,1,train
COCCN1CCN(CC(=O)Nc2ccc(-c3cccn4c(=O)cc(N5CCOCC5)nc34)c3sc4ccccc4c23)CC1,COCCN1CCN(CC(=O)Nc2ccc(-c3cccn4c(=O)cc(N5CCOCC5)nc34)c3sc4ccccc4c23)CC1,O=C(CN1CCNCC1)Nc1ccc(-c2cccn3c(=O)cc(N4CCOCC4)nc23)c2sc3ccccc3c12,CHEMBL1630120,3.2,Lipophilicity,1,train
CCOc1ccccc1-c1ccc2c(c1)C(=O)C(=O)c1ccccc1-2,CCOc1ccccc1-c1ccc2c(c1)C(=O)C(=O)c1ccccc1-2,O=C1C(=O)c2cc(-c3ccccc3)ccc2-c2ccccc21,CHEMBL300663,2.67,Lipophilicity,1,train
O=C1C(=O)c2cc(-c3ccccc3F)ccc2-c2ccccc21,O=C1C(=O)c2cc(-c3ccccc3F)ccc2-c2ccccc21,O=C1C(=O)c2cc(-c3ccccc3)ccc2-c2ccccc21,CHEMBL300664,2.92,Lipophilicity,1,train
Nc1nc(Nc2ccc(F)c(Cl)c2)c2nc[nH]c2n1,Nc1nc(Nc2ccc(F)c(Cl)c2)c2nc[nH]c2n1,c1ccc(Nc2ncnc3[nH]cnc23)cc1,CHEMBL1939418,2.75,Lipophilicity,1,train
Nc1nc(Nc2cccc(Br)c2)c2nc[nH]c2n1,Nc1nc(Nc2cccc(Br)c2)c2nc[nH]c2n1,c1ccc(Nc2ncnc3[nH]cnc23)cc1,CHEMBL1939414,3.04,Lipophilicity,1,train
CCN(CC)CCCC(C)Nc1c2ccc(Cl)cc2nc2ccc(OC)cc12,CCN(CC)CCCC(C)Nc1c2ccc(Cl)cc2nc2ccc(OC)cc12,c1ccc2nc3ccccc3cc2c1,CHEMBL7568,2.17,Lipophilicity,1,train
COc1ccc2nc3ccccc3c(N)c2c1,COc1ccc2nc3ccccc3c(N)c2c1,c1ccc2nc3ccccc3cc2c1,CHEMBL578723,1.0,Lipophilicity,1,train
COc1nccnc1NS(=O)(=O)c1ccc(N)cc1,COc1nccnc1NS(=O)(=O)c1ccc(N)cc1,O=S(=O)(Nc1cnccn1)c1ccccc1,CHEMBL1525826,-0.65,Lipophilicity,1,train
Cc1cnc(NS(=O)(=O)c2ccccc2)c(C)n1,Cc1cnc(NS(=O)(=O)c2ccccc2)c(C)n1,O=S(=O)(Nc1cnccn1)c1ccccc1,CHEMBL1895117,-0.03,Lipophilicity,1,train
CC(C)N(CCC(C(N)=O)(c1ccccc1)c1ccccn1)C(C)C,CC(C)N(CCC(C(N)=O)(c1ccccc1)c1ccccn1)C(C)C,c1ccc(Cc2ccccn2)cc1,CHEMBL517,-0.54,Lipophilicity,1,train
CN(C)CCOC(C)(c1ccccc1)c1ccccn1,CN(C)CCOC(C)(c1ccccc1)c1ccccn1,c1ccc(Cc2ccccn2)cc1,CHEMBL1004,-0.2,Lipophilicity,1,train
Cc1nc2ncnn2c(O)c1CCOC(=O)c1c(F)cccc1F,Cc1nc2ncnn2c(O)c1CCOC(=O)c1c(F)cccc1F,O=C(OCCc1cnc2ncnn2c1)c1ccccc1,CHEMBL1600648,0.16,Lipophilicity,1,train
Cc1nc2ncnn2c(O)c1CCOC(=O)c1ccccc1F,Cc1nc2ncnn2c(O)c1CCOC(=O)c1ccccc1F,O=C(OCCc1cnc2ncnn2c1)c1ccccc1,CHEMBL1904754,0.99,Lipophilicity,1,train
COc1cc(OC)cc(-c2cc3cnc(N)nc3nc2N)c1,COc1cc(OC)cc(-c2cc3cnc(N)nc3nc2N)c1,c1ccc(-c2cnc3ncncc3c2)cc1,CHEMBL56942,2.14,Lipophilicity,1,train
Nc1ncc2cc(-c3c(Br)cccc3Br)c(N)nc2n1,Nc1ncc2cc(-c3c(Br)cccc3Br)c(N)nc2n1,c1ccc(-c2cnc3ncncc3c2)cc1,CHEMBL57531,2.06,Lipophilicity,1,train
Cc1ncc(-c2ccnc(Nc3ccc(C(=O)N4CCN(C)CC4)cc3)n2)n1C(C)C,Cc1ncc(-c2ccnc(Nc3ccc(C(=O)N4CCN(C)CC4)cc3)n2)n1C(C)C,O=C(c1ccc(Nc2nccc(-c3cnc[nH]3)n2)cc1)N1CCNCC1,CHEMBL455467,2.1,Lipophilicity,1,train
Cc1ncc(-c2nc(Nc3ccc(C(=O)N4CCN(C)CC4)cc3)ncc2F)n1C(C)C,Cc1ncc(-c2nc(Nc3ccc(C(=O)N4CCN(C)CC4)cc3)ncc2F)n1C(C)C,O=C(c1ccc(Nc2nccc(-c3cnc[nH]3)n2)cc1)N1CCNCC1,CHEMBL451462,2.49,Lipophilicity,1,train
CC(=O)N1CCN(CCOc2ccc(C3(O)CCN(c4ccc5nnc(C(F)(F)F)n5n4)CC3)cc2)CC1,CC(=O)N1CCN(CCOc2ccc(C3(O)CCN(c4ccc5nnc(C(F)(F)F)n5n4)CC3)cc2)CC1,c1cc(C2CCN(c3ccc4nncn4n3)CC2)ccc1OCCN1CCNCC1,CHEMBL2346975,2.2,Lipophilicity,1,train
CC(=O)N1CCN(CCOc2ccc(C3CCN(c4ccc5nnc(C(F)(F)F)n5n4)CC3)cc2)CC1,CC(=O)N1CCN(CCOc2ccc(C3CCN(c4ccc5nnc(C(F)(F)F)n5n4)CC3)cc2)CC1,c1cc(C2CCN(c3ccc4nncn4n3)CC2)ccc1OCCN1CCNCC1,CHEMBL2346974,3.2,Lipophilicity,1,train
CS(=O)(=O)c1cccc(Nc2nccc(Nc3c(Cl)ccc4ccoc34)n2)c1,CS(=O)(=O)c1cccc(Nc2nccc(Nc3c(Cl)ccc4ccoc34)n2)c1,c1ccc(Nc2nccc(Nc3cccc4ccoc34)n2)cc1,CHEMBL1270670,3.7,Lipophilicity,1,train
CS(=O)(=O)c1cccc(Nc2nccc(Nc3cccc4ccoc34)n2)c1,CS(=O)(=O)c1cccc(Nc2nccc(Nc3cccc4ccoc34)n2)c1,c1ccc(Nc2nccc(Nc3cccc4ccoc34)n2)cc1,CHEMBL1270671,3.52,Lipophilicity,1,train
COc1cc(OC2CCN(C(C)=O)CC2)ccc1Nc1ncc(Cl)c(-c2cnc3ccccn23)n1,COc1cc(OC2CCN(C(C)=O)CC2)ccc1Nc1ncc(Cl)c(-c2cnc3ccccn23)n1,c1ccn2c(-c3ccnc(Nc4ccc(OC5CCNCC5)cc4)n3)cnc2c1,CHEMBL1809049,4.0,Lipophilicity,1,train
COc1cc(OC2CCNCC2)ccc1Nc1ncc(Cl)c(-c2cnc3ccccn23)n1,COc1cc(OC2CCNCC2)ccc1Nc1ncc(Cl)c(-c2cnc3ccccn23)n1,c1ccn2c(-c3ccnc(Nc4ccc(OC5CCNCC5)cc4)n3)cnc2c1,CHEMBL1809050,1.8,Lipophilicity,1,train
C[C@H]1CN(Cc2cc(Cl)ccc2CC(=O)O)CCN1S(=O)(=O)Cc1ccccc1,CC1CN(Cc2cc(Cl)ccc2CC(=O)O)CCN1S(=O)(=O)Cc1ccccc1,O=S(=O)(Cc1ccccc1)N1CCN(Cc2ccccc2)CC1,CHEMBL1689137,1.12,Lipophilicity,1,train
O=C(O)COc1ccc(Cl)cc1CN1CCN(S(=O)(=O)Cc2ccccc2)CC1,O=C(O)COc1ccc(Cl)cc1CN1CCN(S(=O)(=O)Cc2ccccc2)CC1,O=S(=O)(Cc1ccccc1)N1CCN(Cc2ccccc2)CC1,CHEMBL1689111,0.33,Lipophilicity,1,train
Cc1cc2n[nH]c(=O)n2c2cc(-c3ccco3)ccc12,Cc1cc2n[nH]c(=O)n2c2cc(-c3ccco3)ccc12,O=c1[nH]nc2ccc3ccc(-c4ccco4)cc3n12,CHEMBL1222443,2.07,Lipophilicity,1,train
Nc1cc2n[nH]c(=O)n2c2cc(-c3ccco3)ccc12,Nc1cc2n[nH]c(=O)n2c2cc(-c3ccco3)ccc12,O=c1[nH]nc2ccc3ccc(-c4ccco4)cc3n12,CHEMBL2012863,2.48,Lipophilicity,1,train
CCC(CC)CNC(=O)c1ccc2c(c1)c(Cc1ccc(C(=O)NS(=O)(=O)c3ccccc3C)cc1OC)cn2C,CCC(CC)CNC(=O)c1ccc2c(c1)c(Cc1ccc(C(=O)NS(=O)(=O)c3ccccc3C)cc1OC)cn2C,O=C(NS(=O)(=O)c1ccccc1)c1ccc(Cc2c[nH]c3ccccc23)cc1,CHEMBL281066,2.7,Lipophilicity,1,train
CCCCC(CC)CNC(=O)c1ccc2c(c1)c(Cc1ccc(C(=O)NS(=O)(=O)c3ccccc3C)cc1OC)cn2C,CCCCC(CC)CNC(=O)c1ccc2c(c1)c(Cc1ccc(C(=O)NS(=O)(=O)c3ccccc3C)cc1OC)cn2C,O=C(NS(=O)(=O)c1ccccc1)c1ccc(Cc2c[nH]c3ccccc23)cc1,CHEMBL413742,3.66,Lipophilicity,1,train
CCOc1cc2nccc(Oc3cnc(CC(=O)Nc4n[nH]c(CC)c4C)c(OC)c3)c2cc1OC,CCOc1cc2nccc(Oc3cnc(CC(=O)Nc4n[nH]c(CC)c4C)c(OC)c3)c2cc1OC,O=C(Cc1ccc(Oc2ccnc3ccccc23)cn1)Nc1cc[nH]n1,CHEMBL2023802,3.29,Lipophilicity,1,train
CCc1[nH]nc(NC(=O)Cc2ncc(Oc3ccnc4cc(OC)c(OC)cc34)cc2OC)c1C,CCc1[nH]nc(NC(=O)Cc2ncc(Oc3ccnc4cc(OC)c(OC)cc34)cc2OC)c1C,O=C(Cc1ccc(Oc2ccnc3ccccc23)cn1)Nc1cc[nH]n1,CHEMBL2023801,2.79,Lipophilicity,1,train
C[C@@H]1N[S@](=O)(c2cccc(-c3cccc(C#N)c3)c2)=NC1=O,CC1NS(=O)(c2cccc(-c3cccc(C#N)c3)c2)=NC1=O,O=C1CNS(=O)(c2cccc(-c3ccccc3)c2)=N1,CHEMBL2089279,0.4,Lipophilicity,1,train
Cc1ccc(-c2cccc([S@]3(=O)=NC(=O)[C@H](C)N3)c2)cc1,Cc1ccc(-c2cccc(S3(=O)=NC(=O)C(C)N3)c2)cc1,O=C1CNS(=O)(c2cccc(-c3ccccc3)c2)=N1,CHEMBL2089280,1.6,Lipophilicity,1,train
CCN(C(=O)c1ccc(-c2ccc(Cl)cc2)o1)c1ccc(N2CCNCC2)cc1,CCN(C(=O)c1ccc(-c2ccc(Cl)cc2)o1)c1ccc(N2CCNCC2)cc1,O=C(Nc1ccc(N2CCNCC2)cc1)c1ccc(-c2ccccc2)o1,CHEMBL2017459,3.3,Lipophilicity,1,train
O=C(Nc1ccc(N2CCNCC2)cc1)c1ccc(-c2ccc(Cl)cc2)o1,O=C(Nc1ccc(N2CCNCC2)cc1)c1ccc(-c2ccc(Cl)cc2)o1,O=C(Nc1ccc(N2CCNCC2)cc1)c1ccc(-c2ccccc2)o1,CHEMBL1938680,2.4,Lipophilicity,1,train
Cc1ccn2c(-c3ccnc(N)n3)c(C)nc2c1,Cc1ccn2c(-c3ccnc(N)n3)c(C)nc2c1,c1ccn2c(-c3ccncn3)cnc2c1,CHEMBL2334575,2.39,Lipophilicity,1,train
Cc1nc2ccc(Cl)cn2c1-c1ccnc(N)n1,Cc1nc2ccc(Cl)cn2c1-c1ccnc(N)n1,c1ccn2c(-c3ccncn3)cnc2c1,CHEMBL2334590,2.49,Lipophilicity,1,train
CC(C)Cn1c(=O)n(C)c(=O)c2c(C(=O)N3CC[C@@H](O)C3)c(Cc3ccccc3C(F)(F)F)sc21,CC(C)Cn1c(=O)n(C)c(=O)c2c(C(=O)N3CCC(O)C3)c(Cc3ccccc3C(F)(F)F)sc21,O=C(c1c(Cc2ccccc2)sc2[nH]c(=O)[nH]c(=O)c12)N1CCCC1,CHEMBL208487,2.74,Lipophilicity,1,train
CC(C)Cn1c(=O)n(C)c(=O)c2c(C(=O)N3CCCC3)c(Cc3ccccc3C(F)(F)F)sc21,CC(C)Cn1c(=O)n(C)c(=O)c2c(C(=O)N3CCCC3)c(Cc3ccccc3C(F)(F)F)sc21,O=C(c1c(Cc2ccccc2)sc2[nH]c(=O)[nH]c(=O)c12)N1CCCC1,CHEMBL383669,3.8,Lipophilicity,1,train
COc1cc(CNc2nc3ccccc3[nH]2)cc(OC)c1OC,COc1cc(CNc2nc3ccccc3[nH]2)cc(OC)c1OC,c1ccc(CNc2nc3ccccc3[nH]2)cc1,CHEMBL1624560,2.36,Lipophilicity,1,train
c1ccc(CNc2nc3ccccc3[nH]2)cc1,c1ccc(CNc2nc3ccccc3[nH]2)cc1,c1ccc(CNc2nc3ccccc3[nH]2)cc1,CHEMBL456446,2.76,Lipophilicity,1,train
Nc1cc(C(=O)Nc2cccc(-c3nnn[nH]3)c2)cc(C(F)(F)F)c1,Nc1cc(C(=O)Nc2cccc(-c3nnn[nH]3)c2)cc(C(F)(F)F)c1,O=C(Nc1cccc(-c2nnn[nH]2)c1)c1ccccc1,CHEMBL2031562,0.2,Lipophilicity,1,train
O=C(Nc1cccc(-c2nnn[nH]2)c1)c1cc(O)cc(C(F)(F)F)c1,O=C(Nc1cccc(-c2nnn[nH]2)c1)c1cc(O)cc(C(F)(F)F)c1,O=C(Nc1cccc(-c2nnn[nH]2)c1)c1ccccc1,CHEMBL2031561,0.8,Lipophilicity,1,train
Cc1nc(C)c(-c2ccc(C34CCC(C(=O)O)(CC3)CC4)cc2)nc1C(N)=O,Cc1nc(C)c(-c2ccc(C34CCC(C(=O)O)(CC3)CC4)cc2)nc1C(N)=O,c1cnc(-c2ccc(C34CCC(CC3)CC4)cc2)cn1,CHEMBL2178371,1.3,Lipophilicity,1,train
Cc1nc(C)c(-c2ccc(C34CCC(CC(=O)O)(CC3)CC4)cc2)nc1C(N)=O,Cc1nc(C)c(-c2ccc(C34CCC(CC(=O)O)(CC3)CC4)cc2)nc1C(N)=O,c1cnc(-c2ccc(C34CCC(CC3)CC4)cc2)cn1,CHEMBL2178372,1.6,Lipophilicity,1,train
CN1CCN(c2cc(F)cc3c(=O)cc(C(=O)Nc4ccc(N5CCOCC5)cc4)[nH]c23)CC1,CN1CCN(c2cc(F)cc3c(=O)cc(C(=O)Nc4ccc(N5CCOCC5)cc4)[nH]c23)CC1,O=C(Nc1ccc(N2CCOCC2)cc1)c1cc(=O)c2cccc(N3CCNCC3)c2[nH]1,CHEMBL225363,2.7,Lipophilicity,1,train
COc1cc(N2CCN(C)CC2)c2[nH]c(C(=O)Nc3ccc(N4CCOCC4)cc3)cc(=O)c2c1,COc1cc(N2CCN(C)CC2)c2[nH]c(C(=O)Nc3ccc(N4CCOCC4)cc3)cc(=O)c2c1,O=C(Nc1ccc(N2CCOCC2)cc1)c1cc(=O)c2cccc(N3CCNCC3)c2[nH]1,CHEMBL224399,2.7,Lipophilicity,1,train
CS(=O)(=O)c1ccc(C(=O)Nc2ccc(F)cc2)c[n+]1[O-],CS(=O)(=O)c1ccc(C(=O)Nc2ccc(F)cc2)c[n+]1[O-],O=C(Nc1ccccc1)c1ccc[nH+]c1,CHEMBL61835,0.84,Lipophilicity,1,train
O=C(Nc1ccc(F)cc1)c1ccc(Cl)[n+]([O-])c1,O=C(Nc1ccc(F)cc1)c1ccc(Cl)[n+]([O-])c1,O=C(Nc1ccccc1)c1ccc[nH+]c1,CHEMBL60066,1.38,Lipophilicity,1,train
CC/C(=C(\c1ccccc1)c1ccc(/C=C/C(=O)O)cc1)c1ccccc1,CCC(=C(c1ccccc1)c1ccc(C=CC(=O)O)cc1)c1ccccc1,C(=C(c1ccccc1)c1ccccc1)c1ccccc1,CHEMBL33899,3.89,Lipophilicity,1,train
CCN(CC)CCOc1ccc(/C(=C(/Cl)c2ccccc2)c2ccccc2)cc1,CCN(CC)CCOc1ccc(C(=C(Cl)c2ccccc2)c2ccccc2)cc1,C(=C(c1ccccc1)c1ccccc1)c1ccccc1,CHEMBL954,4.09,Lipophilicity,1,train
CNC(=O)C1(N2CCCNC2=O)CCN(CC[C@H](CN(C)C(=O)c2c(OC)c(C#N)cc3ccccc23)c2ccc(Cl)c(Cl)c2)CC1,CNC(=O)C1(N2CCCNC2=O)CCN(CCC(CN(C)C(=O)c2c(OC)c(C#N)cc3ccccc23)c2ccc(Cl)c(Cl)c2)CC1,O=C(NCC(CCN1CCC(N2CCCNC2=O)CC1)c1ccccc1)c1cccc2ccccc12,CHEMBL129814,2.2,Lipophilicity,1,train
COc1c(C#N)cc2ccccc2c1C(=O)N(C)C[C@@H](CCN1CCC(N2CCCNC2=O)CC1)c1ccc(Cl)c(Cl)c1,COc1c(C#N)cc2ccccc2c1C(=O)N(C)CC(CCN1CCC(N2CCCNC2=O)CC1)c1ccc(Cl)c(Cl)c1,O=C(NCC(CCN1CCC(N2CCCNC2=O)CC1)c1ccccc1)c1cccc2ccccc12,CHEMBL128782,3.0,Lipophilicity,1,train
CCc1cc(C(=O)N[C@@H](Cc2cccc(Cl)c2)C(=O)NCC#N)n(C)n1,CCc1cc(C(=O)NC(Cc2cccc(Cl)c2)C(=O)NCC#N)n(C)n1,O=C(NCCc1ccccc1)c1ccn[nH]1,CHEMBL563886,2.6,Lipophilicity,1,train
Cc1cccc(C[C@H](NC(=O)c2cc(C(C)(C)C)nn2C)C(=O)NCC#N)c1,Cc1cccc(CC(NC(=O)c2cc(C(C)(C)C)nn2C)C(=O)NCC#N)c1,O=C(NCCc1ccccc1)c1ccn[nH]1,CHEMBL565079,3.1,Lipophilicity,1,train
CCCC(=O)NCc1cncc(-c2ccc(F)cc2OC)c1,CCCC(=O)NCc1cncc(-c2ccc(F)cc2OC)c1,c1ccc(-c2cccnc2)cc1,CHEMBL1779018,2.9,Lipophilicity,1,train
COc1cc(F)ccc1-c1cncc(CNC(C)C)c1,COc1cc(F)ccc1-c1cncc(CNC(C)C)c1,c1ccc(-c2cccnc2)cc1,CHEMBL1779008,1.5,Lipophilicity,1,train
Cc1ccsc1Cn1[nH]c(=O)c2[nH]c3cc(Cl)ccc3c(=O)c2c1=O,Cc1ccsc1Cn1[nH]c(=O)c2[nH]c3cc(Cl)ccc3c(=O)c2c1=O,O=c1[nH]n(Cc2cccs2)c(=O)c2c(=O)c3ccccc3[nH]c12,CHEMBL226906,1.15,Lipophilicity,1,train
O=c1[nH]n(Cc2cccs2)c(=O)c2c(=O)c3ccc(Cl)cc3[nH]c12,O=c1[nH]n(Cc2cccs2)c(=O)c2c(=O)c3ccc(Cl)cc3[nH]c12,O=c1[nH]n(Cc2cccs2)c(=O)c2c(=O)c3ccccc3[nH]c12,CHEMBL226855,1.52,Lipophilicity,1,train
O=c1[nH]c([C@@H]2CCCN2)nc2c1oc1ccc(Br)cc12,O=c1[nH]c(C2CCCN2)nc2c1oc1ccc(Br)cc12,O=c1[nH]c(C2CCCN2)nc2c1oc1ccccc12,CHEMBL2030393,2.19,Lipophilicity,1,train
O=c1[nH]c([C@@H]2CCCN2)nc2c1oc1ccc(Cl)cc12,O=c1[nH]c(C2CCCN2)nc2c1oc1ccc(Cl)cc12,O=c1[nH]c(C2CCCN2)nc2c1oc1ccccc12,CHEMBL2030402,2.01,Lipophilicity,1,train
O=C(NC1Cc2ccccc2N(CC(CO)CO)C1=O)c1cc2cc(Cl)ccc2[nH]1,O=C(NC1Cc2ccccc2N(CC(CO)CO)C1=O)c1cc2cc(Cl)ccc2[nH]1,O=C(NC1Cc2ccccc2NC1=O)c1cc2ccccc2[nH]1,CHEMBL233658,3.64,Lipophilicity,1,train
O=C(NC1Cc2ccccc2N(C[C@@H](O)CO)C1=O)c1cc2cc(Cl)ccc2[nH]1,O=C(NC1Cc2ccccc2N(CC(O)CO)C1=O)c1cc2cc(Cl)ccc2[nH]1,O=C(NC1Cc2ccccc2NC1=O)c1cc2ccccc2[nH]1,CHEMBL234952,3.4,Lipophilicity,1,train
C[C@H](CO)Nc1nc(SCc2cccc(F)c2F)nc2[nH]c(=O)c(C#N)cc12,CC(CO)Nc1nc(SCc2cccc(F)c2F)nc2[nH]c(=O)c(C#N)cc12,O=c1ccc2cnc(SCc3ccccc3)nc2[nH]1,CHEMBL403656,3.32,Lipophilicity,1,train
C[C@H](CO)Nc1nc(SCc2cccc(F)c2F)nc2[nH]c(=O)ccc12,CC(CO)Nc1nc(SCc2cccc(F)c2F)nc2[nH]c(=O)ccc12,O=c1ccc2cnc(SCc3ccccc3)nc2[nH]1,CHEMBL257269,3.36,Lipophilicity,1,train
Clc1ccc(-c2nnc3cccc(Cl)n23)c(Cl)c1,Clc1ccc(-c2nnc3cccc(Cl)n23)c(Cl)c1,c1ccc(-c2nnc3ccccn23)cc1,CHEMBL1329874,2.88,Lipophilicity,1,train
Clc1cccc(Cl)c1-c1nnc2cccc(Cl)n12,Clc1cccc(Cl)c1-c1nnc2cccc(Cl)n12,c1ccc(-c2nnc3ccccn23)cc1,CHEMBL1433131,2.66,Lipophilicity,1,train
Cc1cc(=O)[nH]c2ccccc12,Cc1cc(=O)[nH]c2ccccc12,O=c1ccc2ccccc2[nH]1,CHEMBL424414,1.9,Lipophilicity,1,train
O=c1ccc2ccccc2[nH]1,O=c1ccc2ccccc2[nH]1,O=c1ccc2ccccc2[nH]1,CHEMBL186422,1.32,Lipophilicity,1,train
Nc1ccccc1NC(=O)c1ccccn1,Nc1ccccc1NC(=O)c1ccccn1,O=C(Nc1ccccc1)c1ccccn1,CHEMBL254361,1.0,Lipophilicity,1,train
O=C(Nc1cccc(Cl)c1)c1ccccn1,O=C(Nc1cccc(Cl)c1)c1ccccn1,O=C(Nc1ccccc1)c1ccccn1,CHEMBL556667,3.4,Lipophilicity,1,train
Cc1cc(C)c(C(=O)N[C@@H](Cc2ccc(OCCCNc3ccccn3)cc2)C(=O)O)c(C)c1,Cc1cc(C)c(C(=O)NC(Cc2ccc(OCCCNc3ccccn3)cc2)C(=O)O)c(C)c1,O=C(NCCc1ccc(OCCCNc2ccccn2)cc1)c1ccccc1,CHEMBL606371,0.49,Lipophilicity,1,train
O=C(N[C@@H](Cc1ccc(OCCCNc2ccccn2)cc1)C(=O)O)c1c(Cl)cccc1Cl,O=C(NC(Cc1ccc(OCCCNc2ccccn2)cc1)C(=O)O)c1c(Cl)cccc1Cl,O=C(NCCc1ccc(OCCCNc2ccccn2)cc1)c1ccccc1,CHEMBL2030815,-0.22,Lipophilicity,1,train
N#Cc1cccc(COc2ccc3c(c2)OCCC3=O)c1,N#Cc1cccc(COc2ccc3c(c2)OCCC3=O)c1,O=C1CCOc2cc(OCc3ccccc3)ccc21,CHEMBL1682817,2.8,Lipophilicity,1,train
O=C1CCOc2cc(OCc3cccc(F)c3)ccc21,O=C1CCOc2cc(OCc3cccc(F)c3)ccc21,O=C1CCOc2cc(OCc3ccccc3)ccc21,CHEMBL1682816,3.4,Lipophilicity,1,train
CC(C)(C(=O)O)c1ccc(C(O)CCCN2CCC(C(O)(c3ccccc3)c3ccccc3)CC2)cc1,CC(C)(C(=O)O)c1ccc(C(O)CCCN2CCC(C(O)(c3ccccc3)c3ccccc3)CC2)cc1,c1ccc(CCCCN2CCC(C(c3ccccc3)c3ccccc3)CC2)cc1,CHEMBL914,0.42,Lipophilicity,1,train
CC(C)(C)c1ccc(C(O)CCCN2CCC(C(O)(c3ccccc3)c3ccccc3)CC2)cc1,CC(C)(C)c1ccc(C(O)CCCN2CCC(C(O)(c3ccccc3)c3ccccc3)CC2)cc1,c1ccc(CCCCN2CCC(C(c3ccccc3)c3ccccc3)CC2)cc1,CHEMBL17157,3.99,Lipophilicity,1,train
COc1ccc(-c2nc3c(NCCCNC(=O)C4(CN)CC4)c(Br)cnc3[nH]2)cc1,COc1ccc(-c2nc3c(NCCCNC(=O)C4(CN)CC4)c(Br)cnc3[nH]2)cc1,O=C(NCCCNc1ccnc2[nH]c(-c3ccccc3)nc12)C1CC1,CHEMBL2011932,1.9,Lipophilicity,1,train
COc1ccc(-c2nc3c(NCCCNC(=O)C4CC4)c(Br)cnc3[nH]2)cc1,COc1ccc(-c2nc3c(NCCCNC(=O)C4CC4)c(Br)cnc3[nH]2)cc1,O=C(NCCCNc1ccnc2[nH]c(-c3ccccc3)nc12)C1CC1,CHEMBL2011931,1.71,Lipophilicity,1,train
O=c1cc(-c2cccnc2)[nH]c2cc(C(O)c3ccccc3)ccc12,O=c1cc(-c2cccnc2)[nH]c2cc(C(O)c3ccccc3)ccc12,O=c1cc(-c2cccnc2)[nH]c2cc(Cc3ccccc3)ccc12,CHEMBL1645496,2.27,Lipophilicity,1,train
O=c1cc(-c2cccnc2)[nH]c2cc(Cc3ccccc3)ccc12,O=c1cc(-c2cccnc2)[nH]c2cc(Cc3ccccc3)ccc12,O=c1cc(-c2cccnc2)[nH]c2cc(Cc3ccccc3)ccc12,CHEMBL1645495,3.46,Lipophilicity,1,train
CC12CC3CC(C)(C1)CC(N)(C3)C2,CC12CC3CC(C)(C1)CC(N)(C3)C2,C1C2CC3CC1CC(C2)C3,CHEMBL807,0.06,Lipophilicity,1,train
NC12CC3CC(CC(C3)C1)C2,NC12CC3CC(CC(C3)C1)C2,C1C2CC3CC1CC(C2)C3,CHEMBL660,-0.98,Lipophilicity,1,train
Cc1nc(-c2ccc(OCC(C)C)c(C#N)c2)sc1C(=O)O,Cc1nc(-c2ccc(OCC(C)C)c(C#N)c2)sc1C(=O)O,c1ccc(-c2nccs2)cc1,CHEMBL1164729,0.94,Lipophilicity,1,train
O=C(O)Cc1csc(-c2ccc(Cl)cc2)n1,O=C(O)Cc1csc(-c2ccc(Cl)cc2)n1,c1ccc(-c2nccs2)cc1,CHEMBL1909282,-0.22,Lipophilicity,1,train
CN1Cc2c(N)cccc2C(c2ccccc2)C1,CN1Cc2c(N)cccc2C(c2ccccc2)C1,c1ccc(C2CNCc3ccccc32)cc1,CHEMBL273575,2.11,Lipophilicity,3,train
CN1Cc2ccccc2C(c2ccc(Cl)cc2)C1,CN1Cc2ccccc2C(c2ccc(Cl)cc2)C1,c1ccc(C2CNCc3ccccc32)cc1,CHEMBL2206523,3.64,Lipophilicity,1,train
Cc1ccc(-c2nn(C(C)(C)C)c3ncnc(N)c23)cc1,Cc1ccc(-c2nn(C(C)(C)C)c3ncnc(N)c23)cc1,c1ccc(-c2n[nH]c3ncncc23)cc1,CHEMBL306380,4.1,Lipophilicity,1,train
Cc1ccc(-c2nn(C(C)C)c3ncnc(N)c23)cc1,Cc1ccc(-c2nn(C(C)C)c3ncnc(N)c23)cc1,c1ccc(-c2n[nH]c3ncncc23)cc1,CHEMBL1785015,3.2,Lipophilicity,1,train
Nc1cccc(NC(=O)c2ccc(CNC(=O)OCc3cccnc3)cc2)c1,Nc1cccc(NC(=O)c2ccc(CNC(=O)OCc3cccnc3)cc2)c1,O=C(NCc1ccc(C(=O)Nc2ccccc2)cc1)OCc1cccnc1,CHEMBL99737,1.6,Lipophilicity,1,train
Nc1ccccc1NC(=O)c1ccc(CNC(=O)OCc2cccnc2)cc1,Nc1ccccc1NC(=O)c1ccc(CNC(=O)OCc2cccnc2)cc1,O=C(NCc1ccc(C(=O)Nc2ccccc2)cc1)OCc1cccnc1,CHEMBL27759,1.26,Lipophilicity,1,train
Oc1nc2cc(Cl)cc(Cl)c2c(O)c1-c1ccccc1,Oc1nc2cc(Cl)cc(Cl)c2c(O)c1-c1ccccc1,c1ccc(-c2cnc3ccccc3c2)cc1,CHEMBL104298,1.6,Lipophilicity,1,train
Oc1nc2ccccc2c(O)c1-c1ccccc1,Oc1nc2ccccc2c(O)c1-c1ccccc1,c1ccc(-c2cnc3ccccc3c2)cc1,CHEMBL324519,0.73,Lipophilicity,1,train
COc1cnc(-c2ccccn2)nc1N(C)C,COc1cnc(-c2ccccn2)nc1N(C)C,c1ccc(-c2ncccn2)nc1,CHEMBL1381135,1.9,Lipophilicity,1,train
COc1cnc(-c2ccccn2)nc1NC(C)C,COc1cnc(-c2ccccn2)nc1NC(C)C,c1ccc(-c2ncccn2)nc1,CHEMBL578675,2.01,Lipophilicity,1,train
COc1cc(OC)c(S(=O)(=O)N2c3ccccc3Oc3ccccc32)cc1NC(=O)/C=C/C(=O)O,COc1cc(OC)c(S(=O)(=O)N2c3ccccc3Oc3ccccc32)cc1NC(=O)C=CC(=O)O,O=S(=O)(c1ccccc1)N1c2ccccc2Oc2ccccc21,CHEMBL2207606,-0.71,Lipophilicity,1,train
COc1cc(OC)c(S(=O)(=O)N2c3ccccc3Oc3ccccc32)cc1NC(=O)CCC(=O)O,COc1cc(OC)c(S(=O)(=O)N2c3ccccc3Oc3ccccc32)cc1NC(=O)CCC(=O)O,O=S(=O)(c1ccccc1)N1c2ccccc2Oc2ccccc21,CHEMBL2207603,-0.53,Lipophilicity,1,train
CC(C#Cc1ccccc1)n1[nH]c(=O)c2[nH]c3cc(Cl)ccc3c(=O)c2c1=O,CC(C#Cc1ccccc1)n1[nH]c(=O)c2[nH]c3cc(Cl)ccc3c(=O)c2c1=O,O=c1[nH]n(CC#Cc2ccccc2)c(=O)c2c(=O)c3ccccc3[nH]c12,CHEMBL387658,1.4,Lipophilicity,1,train
O=c1[nH]n(CC#Cc2ccccc2)c(=O)c2c(=O)c3ccc(Cl)cc3[nH]c12,O=c1[nH]n(CC#Cc2ccccc2)c(=O)c2c(=O)c3ccc(Cl)cc3[nH]c12,O=c1[nH]n(CC#Cc2ccccc2)c(=O)c2c(=O)c3ccccc3[nH]c12,CHEMBL226781,1.78,Lipophilicity,1,train
CN(C(=O)Cc1ccc(Cl)c(Cl)c1)C(CN1CCCC1)c1ccccc1,CN(C(=O)Cc1ccc(Cl)c(Cl)c1)C(CN1CCCC1)c1ccccc1,O=C(Cc1ccccc1)NC(CN1CCCC1)c1ccccc1,CHEMBL320882,3.4,Lipophilicity,2,train
COc1ccc(C(CN2CCCC2)N(C)C(=O)Cc2ccc(Cl)c(Cl)c2)c(OC)c1,COc1ccc(C(CN2CCCC2)N(C)C(=O)Cc2ccc(Cl)c(Cl)c2)c(OC)c1,O=C(Cc1ccccc1)NC(CN1CCCC1)c1ccccc1,CHEMBL110599,3.07,Lipophilicity,1,train
CN(C(=O)Cc1ccc(S(C)(=O)=O)cc1)[C@@H]1CCN(Cc2nc3cc(F)ccc3s2)C[C@@H]1F,CN(C(=O)Cc1ccc(S(C)(=O)=O)cc1)C1CCN(Cc2nc3cc(F)ccc3s2)CC1F,O=C(Cc1ccccc1)NC1CCN(Cc2nc3ccccc3s2)CC1,CHEMBL2010853,2.2,Lipophilicity,1,train
CN(C(=O)Cc1ccc(S(C)(=O)=O)cc1)[C@@H]1CCN(Cc2nc3ccccc3s2)C[C@@H]1F,CN(C(=O)Cc1ccc(S(C)(=O)=O)cc1)C1CCN(Cc2nc3ccccc3s2)CC1F,O=C(Cc1ccccc1)NC1CCN(Cc2nc3ccccc3s2)CC1,CHEMBL2010852,2.1,Lipophilicity,1,train
CC(C)(CS(=O)(=O)N1CCN(c2ccc(F)cc2)CC1)N(O)C=O,CC(C)(CS(=O)(=O)N1CCN(c2ccc(F)cc2)CC1)N(O)C=O,c1ccc(N2CCNCC2)cc1,CHEMBL1784354,1.07,Lipophilicity,1,train
OCC(O)CN1CCN(c2ccccc2)CC1,OCC(O)CN1CCN(c2ccccc2)CC1,c1ccc(N2CCNCC2)cc1,CHEMBL151445,0.4,Lipophilicity,1,train
CC(C)(CCCCCOCCc1ccccc1)NCCc1ccc(O)c2nc(O)sc12,CC(C)(CCCCCOCCc1ccccc1)NCCc1ccc(O)c2nc(O)sc12,c1ccc(CCOCCCCCCNCCc2cccc3ncsc23)cc1,CHEMBL322479,2.92,Lipophilicity,1,train
Oc1nc2c(O)ccc(CCNCCCCCCOCCc3ccccc3)c2s1,Oc1nc2c(O)ccc(CCNCCCCCCOCCc3ccccc3)c2s1,c1ccc(CCOCCCCCCNCCc2cccc3ncsc23)cc1,CHEMBL320714,2.21,Lipophilicity,1,train
CC(C)Oc1cc(OCCCN2CCCC2)cc2ncnc(Nc3c(Cl)ccc4c3OCO4)c12,CC(C)Oc1cc(OCCCN2CCCC2)cc2ncnc(Nc3c(Cl)ccc4c3OCO4)c12,c1cc(Nc2ncnc3cc(OCCCN4CCCC4)ccc23)c2c(c1)OCO2,CHEMBL214376,3.1,Lipophilicity,1,train
COc1cc2c(Nc3c(Cl)ccc4c3OCO4)ncnc2cc1OCCCN1CCCC1,COc1cc2c(Nc3c(Cl)ccc4c3OCO4)ncnc2cc1OCCCN1CCCC1,c1cc(Nc2ncnc3cc(OCCCN4CCCC4)ccc23)c2c(c1)OCO2,CHEMBL385723,1.62,Lipophilicity,1,train
CCNC(=O)c1ccc(C)c(-n2cnc3ccc(N4CCN(C)CC4)cc3c2=O)c1,CCNC(=O)c1ccc(C)c(-n2cnc3ccc(N4CCN(C)CC4)cc3c2=O)c1,O=c1c2cc(N3CCNCC3)ccc2ncn1-c1ccccc1,CHEMBL2031467,1.47,Lipophilicity,1,train
Cc1ccc(C(=O)NC(C)C)cc1-n1cnc2ccc(N3CCN(C)CC3)cc2c1=O,Cc1ccc(C(=O)NC(C)C)cc1-n1cnc2ccc(N3CCN(C)CC3)cc2c1=O,O=c1c2cc(N3CCNCC3)ccc2ncn1-c1ccccc1,CHEMBL2031466,1.56,Lipophilicity,1,train
COc1ccc(C(=O)Nc2cccc(NC(=O)c3ccc(OC)c(OC)c3)n2)cc1OC,COc1ccc(C(=O)Nc2cccc(NC(=O)c3ccc(OC)c(OC)c3)n2)cc1OC,O=C(Nc1cccc(NC(=O)c2ccccc2)n1)c1ccccc1,CHEMBL1497909,3.5,Lipophilicity,1,train
O=C(Nc1cccc(NC(=O)c2ccccc2)n1)c1ccccc1,O=C(Nc1cccc(NC(=O)c2ccccc2)n1)c1ccccc1,O=C(Nc1cccc(NC(=O)c2ccccc2)n1)c1ccccc1,CHEMBL1430654,4.02,Lipophilicity,1,train
COc1ccc(-c2cc(C(F)F)nn2-c2ccc(S(N)(=O)=O)cc2)cc1F,COc1ccc(-c2cc(C(F)F)nn2-c2ccc(S(N)(=O)=O)cc2)cc1F,c1ccc(-c2ccnn2-c2ccccc2)cc1,CHEMBL28636,2.8,Lipophilicity,1,train
Cc1ccc(-c2cc(C(F)(F)F)nn2-c2ccc(S(N)(=O)=O)cc2)cc1,Cc1ccc(-c2cc(C(F)(F)F)nn2-c2ccc(S(N)(=O)=O)cc2)cc1,c1ccc(-c2ccnn2-c2ccccc2)cc1,CHEMBL118,3.42,Lipophilicity,1,train
CC(=O)Nc1ccc2ccn(-c3cc(NCCCCO)n4ncc(C#N)c4n3)c2c1,CC(=O)Nc1ccc2ccn(-c3cc(NCCCCO)n4ncc(C#N)c4n3)c2c1,c1ccc2c(c1)ccn2-c1ccn2nccc2n1,CHEMBL2062572,2.58,Lipophilicity,1,train
CC(=O)Nc1ccc2ccn(-c3cc(NCCCN(C)C)n4ncc(C#N)c4n3)c2c1,CC(=O)Nc1ccc2ccn(-c3cc(NCCCN(C)C)n4ncc(C#N)c4n3)c2c1,c1ccc2c(c1)ccn2-c1ccn2nccc2n1,CHEMBL2062575,1.62,Lipophilicity,1,train
CCN(CC)CCOC(=O)C1(c2ccccc2)CCCC1,CCN(CC)CCOC(=O)C1(c2ccccc2)CCCC1,c1ccc(C2CCCC2)cc1,CHEMBL61946,2.3,Lipophilicity,1,train
CCN(CC)CCOCCOC(=O)C1(c2ccccc2)CCCC1,CCN(CC)CCOCCOC(=O)C1(c2ccccc2)CCCC1,c1ccc(C2CCCC2)cc1,CHEMBL73234,1.33,Lipophilicity,1,train
COc1ccc(S(=O)(=O)Nc2ccc(/C=C/C(=O)Nc3ccccc3N)cc2)cc1OC,COc1ccc(S(=O)(=O)Nc2ccc(C=CC(=O)Nc3ccccc3N)cc2)cc1OC,O=C(C=Cc1ccc(NS(=O)(=O)c2ccccc2)cc1)Nc1ccccc1,CHEMBL149444,2.56,Lipophilicity,1,train
Cc1ccc(S(=O)(=O)Nc2ccc(/C=C/C(=O)Nc3ccccc3N)cc2)cc1,Cc1ccc(S(=O)(=O)Nc2ccc(C=CC(=O)Nc3ccccc3N)cc2)cc1,O=C(C=Cc1ccc(NS(=O)(=O)c2ccccc2)cc1)Nc1ccccc1,CHEMBL148313,2.82,Lipophilicity,1,train
Nc1[nH]nc2cccc(Cl)c12,Nc1[nH]nc2cccc(Cl)c12,c1ccc2n[nH]cc2c1,CHEMBL1333961,1.92,Lipophilicity,1,train
Nc1[nH]nc2ccccc12,Nc1[nH]nc2ccccc12,c1ccc2n[nH]cc2c1,CHEMBL1331627,1.0,Lipophilicity,1,train
COc1cc2c(Nc3ccc(Cl)cc3F)ncnc2cc1OCC1CCNCC1,COc1cc2c(Nc3ccc(Cl)cc3F)ncnc2cc1OCC1CCNCC1,c1ccc(Nc2ncnc3cc(OCC4CCNCC4)ccc23)cc1,CHEMBL26456,1.1,Lipophilicity,1,train
COc1ccc(Cl)c(Nc2ncnc3cc(OCC4CCN(C)CC4)c(OC)cc23)c1,COc1ccc(Cl)c(Nc2ncnc3cc(OCC4CCN(C)CC4)c(OC)cc23)c1,c1ccc(Nc2ncnc3cc(OCC4CCNCC4)ccc23)cc1,CHEMBL426161,2.0,Lipophilicity,1,train
CC[C@@]1(O)C(=O)OCc2c1cc1n(c2=O)Cc2cc3c(CN(C)C)c(O)ccc3nc2-1,CCC1(O)C(=O)OCc2c1cc1n(c2=O)Cc2cc3c(CN(C)C)c(O)ccc3nc2-1,O=C1Cc2cc3n(c(=O)c2CO1)Cc1cc2ccccc2nc1-3,CHEMBL84,0.31,Lipophilicity,1,train
CCc1c2c(nc3ccc(O)cc13)-c1cc3c(c(=O)n1C2)COC(=O)[C@]3(O)CC,CCc1c2c(nc3ccc(O)cc13)-c1cc3c(c(=O)n1C2)COC(=O)C3(O)CC,O=C1Cc2cc3n(c(=O)c2CO1)Cc1cc2ccccc2nc1-3,CHEMBL837,1.6,Lipophilicity,1,train
O=S(=O)(Cc1cc(N2CCOCC2)nc(-c2ccccn2)n1)c1ccc(F)cc1,O=S(=O)(Cc1cc(N2CCOCC2)nc(-c2ccccn2)n1)c1ccc(F)cc1,O=S(=O)(Cc1cc(N2CCOCC2)nc(-c2ccccn2)n1)c1ccccc1,CHEMBL2030439,1.59,Lipophilicity,1,train
O=S(=O)(Cc1cc(N2CCOCC2)nc(-c2ccccn2)n1)c1ccccc1,O=S(=O)(Cc1cc(N2CCOCC2)nc(-c2ccccn2)n1)c1ccccc1,O=S(=O)(Cc1cc(N2CCOCC2)nc(-c2ccccn2)n1)c1ccccc1,CHEMBL1312643,1.34,Lipophilicity,1,train
C[C@H](CO)n1ccc2c(NC(=O)Cc3ccc(Cl)c(C(F)(F)F)c3)cccc2c1=O,CC(CO)n1ccc2c(NC(=O)Cc3ccc(Cl)c(C(F)(F)F)c3)cccc2c1=O,O=C(Cc1ccccc1)Nc1cccc2c(=O)[nH]ccc12,CHEMBL550436,3.49,Lipophilicity,1,train
O=C(Cc1ccc(Cl)c(C(F)(F)F)c1)Nc1cccc2c(=O)n(CCO)ccc12,O=C(Cc1ccc(Cl)c(C(F)(F)F)c1)Nc1cccc2c(=O)n(CCO)ccc12,O=C(Cc1ccccc1)Nc1cccc2c(=O)[nH]ccc12,CHEMBL560219,3.36,Lipophilicity,1,train
CC(=O)c1ccc2[nH]c(-c3cccnc3)cc(=O)c2c1,CC(=O)c1ccc2[nH]c(-c3cccnc3)cc(=O)c2c1,O=c1cc(-c2cccnc2)[nH]c2ccccc12,CHEMBL1645501,1.41,Lipophilicity,1,train
CNC(=O)c1ccc2c(=O)cc(-c3cccnc3)[nH]c2c1,CNC(=O)c1ccc2c(=O)cc(-c3cccnc3)[nH]c2c1,O=c1cc(-c2cccnc2)[nH]c2ccccc12,CHEMBL1645493,1.01,Lipophilicity,1,train
COC[C@@H](O)Cn1c(=O)cnn(-c2ccc(Cl)c(C(=O)NCC3(O)CCCCCC3)c2)c1=O,COCC(O)Cn1c(=O)cnn(-c2ccc(Cl)c(C(=O)NCC3(O)CCCCCC3)c2)c1=O,O=C(NCC1CCCCCC1)c1cccc(-n2ncc(=O)[nH]c2=O)c1,CHEMBL1779512,1.45,Lipophilicity,2,train
O=C(NCC1(O)CCCCCC1)c1cc(-n2ncc(=O)[nH]c2=O)ccc1Cl,O=C(NCC1(O)CCCCCC1)c1cc(-n2ncc(=O)[nH]c2=O)ccc1Cl,O=C(NCC1CCCCCC1)c1cccc(-n2ncc(=O)[nH]c2=O)c1,CHEMBL560423,0.26,Lipophilicity,1,train
CCN(CC)CC#CCOC(=O)C(O)(c1ccccc1)C1CCCCC1,CCN(CC)CC#CCOC(=O)C(O)(c1ccccc1)C1CCCCC1,c1ccc(CC2CCCCC2)cc1,CHEMBL1231,3.65,Lipophilicity,1,train
COc1ccc(C(CN(C)C)C2(O)CCCCC2)cc1,COc1ccc(C(CN(C)C)C2(O)CCCCC2)cc1,c1ccc(CC2CCCCC2)cc1,CHEMBL637,0.99,Lipophilicity,1,train
CCN(CC)C(=O)c1ccc([C@H](c2cccc(NC(=O)C3CC3)c2)N2CCN(Cc3ccc(F)cc3)CC2)cc1,CCN(CC)C(=O)c1ccc(C(c2cccc(NC(=O)C3CC3)c2)N2CCN(Cc3ccc(F)cc3)CC2)cc1,O=C(Nc1cccc(C(c2ccccc2)N2CCN(Cc3ccccc3)CC2)c1)C1CC1,CHEMBL1939737,3.99,Lipophilicity,1,train
CN(CCO)C(=O)c1ccc([C@H](c2cccc(NC(=O)C3CC3)c2)N2CCN(Cc3ccc(F)cc3)CC2)cc1,CN(CCO)C(=O)c1ccc(C(c2cccc(NC(=O)C3CC3)c2)N2CCN(Cc3ccc(F)cc3)CC2)cc1,O=C(Nc1cccc(C(c2ccccc2)N2CCN(Cc3ccccc3)CC2)c1)C1CC1,CHEMBL1939738,3.38,Lipophilicity,1,train
Cc1[nH]c(C(=O)NC2CCN(c3cc(C(=O)O)cc(Cl)n3)CC2)c(Cl)c1Cl,Cc1[nH]c(C(=O)NC2CCN(c3cc(C(=O)O)cc(Cl)n3)CC2)c(Cl)c1Cl,O=C(NC1CCN(c2ccccn2)CC1)c1ccc[nH]1,CHEMBL1923432,1.74,Lipophilicity,1,train
Cc1ccc(C(=O)NC2CCN(c3cc(C(N)=O)cc(Cl)n3)CC2)[nH]1,Cc1ccc(C(=O)NC2CCN(c3cc(C(N)=O)cc(Cl)n3)CC2)[nH]1,O=C(NC1CCN(c2ccccn2)CC1)c1ccc[nH]1,CHEMBL1923430,2.64,Lipophilicity,1,train
Cc1ccc(S(=O)(=O)Nc2c(C(=O)N[C@@H](C)C(C)(C)C)c(C)nn2C2CCN(C)CC2)cc1,Cc1ccc(S(=O)(=O)Nc2c(C(=O)NC(C)C(C)(C)C)c(C)nn2C2CCN(C)CC2)cc1,O=S(=O)(Nc1ccnn1C1CCNCC1)c1ccccc1,CHEMBL1934420,0.8,Lipophilicity,1,train
Cc1ccc(S(=O)(=O)Nc2c(C(=O)N[C@@H](C)C(C)(C)C)c(C)nn2C2CCN(CC(F)(F)F)CC2)cc1,Cc1ccc(S(=O)(=O)Nc2c(C(=O)NC(C)C(C)(C)C)c(C)nn2C2CCN(CC(F)(F)F)CC2)cc1,O=S(=O)(Nc1ccnn1C1CCNCC1)c1ccccc1,CHEMBL1934421,1.08,Lipophilicity,1,train
Cc1oc(C#N)cc1-c1c2c(=O)n(C)c(=O)n(CC3CC3)c2nn1Cc1ccnc2ccc(Cl)cc12,Cc1oc(C#N)cc1-c1c2c(=O)n(C)c(=O)n(CC3CC3)c2nn1Cc1ccnc2ccc(Cl)cc12,O=c1[nH]c(=O)n(CC2CC2)c2nn(Cc3ccnc4ccccc34)c(-c3ccoc3)c12,CHEMBL2087625,4.26,Lipophilicity,1,train
Cc1oc(S(C)(=O)=O)cc1-c1c2c(=O)n(C)c(=O)n(CC3CC3)c2nn1Cc1ccnc2ccc(Cl)cc12,Cc1oc(S(C)(=O)=O)cc1-c1c2c(=O)n(C)c(=O)n(CC3CC3)c2nn1Cc1ccnc2ccc(Cl)cc12,O=c1[nH]c(=O)n(CC2CC2)c2nn(Cc3ccnc4ccccc34)c(-c3ccoc3)c12,CHEMBL469008,3.2,Lipophilicity,1,train
COc1cc(CCc2cc(Nc3ccnc(NCc4cc(C)no4)n3)n[nH]2)cc(OC)c1,COc1cc(CCc2cc(Nc3ccnc(NCc4cc(C)no4)n3)n[nH]2)cc(OC)c1,c1ccc(CCc2cc(Nc3ccnc(NCc4ccno4)n3)n[nH]2)cc1,CHEMBL2088096,3.1,Lipophilicity,1,train
Cc1cc(CNc2nccc(Nc3cc(CCc4ccccc4)[nH]n3)n2)on1,Cc1cc(CNc2nccc(Nc3cc(CCc4ccccc4)[nH]n3)n2)on1,c1ccc(CCc2cc(Nc3ccnc(NCc4ccno4)n3)n[nH]2)cc1,CHEMBL2088100,3.56,Lipophilicity,1,train
CC1(C)C(=O)Nc2ccccc21,CC1(C)C(=O)Nc2ccccc21,O=C1Cc2ccccc2N1,CHEMBL1643349,2.3,Lipophilicity,1,train
CCCN(CCC)CCc1cccc2c1CC(=O)N2,CCCN(CCC)CCc1cccc2c1CC(=O)N2,O=C1Cc2ccccc2N1,CHEMBL589,0.76,Lipophilicity,1,train
CCCNC(=O)c1nnc2c(-c3ncccn3)c(F)ccc2c1N,CCCNC(=O)c1nnc2c(-c3ncccn3)c(F)ccc2c1N,c1cnc(-c2cccc3ccnnc23)nc1,CHEMBL1631470,2.07,Lipophilicity,1,train
CCCNC(=O)c1nnc2c(-c3ncccn3)cccc2c1N,CCCNC(=O)c1nnc2c(-c3ncccn3)cccc2c1N,c1cnc(-c2cccc3ccnnc23)nc1,CHEMBL1631468,1.86,Lipophilicity,1,train
Cc1ccc(C(=O)N(CCCN)[C@H](c2nc3cc(Cl)ccc3c(=O)n2Cc2ccccc2)C(C)C)cc1,Cc1ccc(C(=O)N(CCCN)C(c2nc3cc(Cl)ccc3c(=O)n2Cc2ccccc2)C(C)C)cc1,O=C(NCc1nc2ccccc2c(=O)n1Cc1ccccc1)c1ccccc1,CHEMBL2326523,2.88,Lipophilicity,1,train
Cc1ccc(C(=O)N(CCCN)Cc2nc3cc(Cl)ccc3c(=O)n2Cc2ccccc2)cc1,Cc1ccc(C(=O)N(CCCN)Cc2nc3cc(Cl)ccc3c(=O)n2Cc2ccccc2)cc1,O=C(NCc1nc2ccccc2c(=O)n1Cc1ccccc1)c1ccccc1,CHEMBL254192,1.47,Lipophilicity,1,train
C=CC12CCN(CC1)C(C(O)c1ccnc3ccc(OC)cc13)C2,C=CC12CCN(CC1)C(C(O)c1ccnc3ccc(OC)cc13)C2,c1ccc2c(CC3CC4CCN3CC4)ccnc2c1,CHEMBL586906,2.08,Lipophilicity,1,train
C=CC1CN2CCC1CC2[C@@H](O)c1ccnc2ccc(OC)cc12,C=CC1CN2CCC1CC2C(O)c1ccnc2ccc(OC)cc12,c1ccc2c(CC3CC4CCN3CC4)ccnc2c1,CHEMBL97,2.21,Lipophilicity,3,train
CC1(C)COCc2sc(N3CCN(C(=O)[C@@H]4CCCC[C@H]4C(=O)NC4(C#N)CC4)CC3)nc21,CC1(C)COCc2sc(N3CCN(C(=O)C4CCCCC4C(=O)NC4(C#N)CC4)CC3)nc21,O=C(NC1CC1)C1CCCCC1C(=O)N1CCN(c2nc3c(s2)COCC3)CC1,CHEMBL2071098,2.4,Lipophilicity,1,train
N#CC1(NC(=O)[C@@H]2CCCC[C@H]2C(=O)N2CCN(c3nc4c(s3)COCC4)CC2)CC1,N#CC1(NC(=O)C2CCCCC2C(=O)N2CCN(c3nc4c(s3)COCC4)CC2)CC1,O=C(NC1CC1)C1CCCCC1C(=O)N1CCN(c2nc3c(s2)COCC3)CC1,CHEMBL2071097,1.42,Lipophilicity,1,train
Cn1c(C(=O)O)c(CCCOc2cccc3ccccc23)c2ccccc21,Cn1c(C(=O)O)c(CCCOc2cccc3ccccc23)c2ccccc21,c1ccc2c(OCCCc3c[nH]c4ccccc34)cccc2c1,CHEMBL2314504,2.99,Lipophilicity,1,train
O=C(O)c1[nH]c2ccccc2c1CCCOc1cccc2ccccc12,O=C(O)c1[nH]c2ccccc2c1CCCOc1cccc2ccccc12,c1ccc2c(OCCCc3c[nH]c4ccccc34)cccc2c1,CHEMBL2314198,2.75,Lipophilicity,1,train
CCN(C(=O)Cc1ccc(S(C)(=O)=O)cc1)C1CCN(CCC(c2ccccc2)N2CCN(c3cccc(F)c3)CC2)CC1,CCN(C(=O)Cc1ccc(S(C)(=O)=O)cc1)C1CCN(CCC(c2ccccc2)N2CCN(c3cccc(F)c3)CC2)CC1,O=C(Cc1ccccc1)NC1CCN(CCC(c2ccccc2)N2CCN(c3ccccc3)CC2)CC1,CHEMBL1951894,3.21,Lipophilicity,1,train
CCN(C(=O)Cc1ccc(S(C)(=O)=O)cc1)C1CCN(CCC(c2ccccc2)N2CCN(c3ccccc3)CC2)CC1,CCN(C(=O)Cc1ccc(S(C)(=O)=O)cc1)C1CCN(CCC(c2ccccc2)N2CCN(c3ccccc3)CC2)CC1,O=C(Cc1ccccc1)NC1CCN(CCC(c2ccccc2)N2CCN(c3ccccc3)CC2)CC1,CHEMBL1951893,2.67,Lipophilicity,1,train
COc1cc(OC2CCN(C)CC2)c2c(Nc3c(Cl)ccc4c3OCO4)ncnc2c1,COc1cc(OC2CCN(C)CC2)c2c(Nc3c(Cl)ccc4c3OCO4)ncnc2c1,c1cc(Nc2ncnc3cccc(OC4CCNCC4)c23)c2c(c1)OCO2,CHEMBL214665,2.98,Lipophilicity,1,train
COc1cc(OC2CCN(C)CC2)c2c(Nc3cccc4c3OCO4)ncnc2c1,COc1cc(OC2CCN(C)CC2)c2c(Nc3cccc4c3OCO4)ncnc2c1,c1cc(Nc2ncnc3cccc(OC4CCNCC4)c23)c2c(c1)OCO2,CHEMBL384260,3.02,Lipophilicity,1,train
CCc1cc2c(s1)-n1c(C)nnc1CN=C2c1ccccc1Cl,CCc1cc2c(s1)-n1c(C)nnc1CN=C2c1ccccc1Cl,c1ccc(C2=NCc3nncn3-c3sccc32)cc1,CHEMBL1289779,2.52,Lipophilicity,1,train
Cc1sc2c(c1C)C(c1ccc(Cl)cc1)=N[C@@H](CC(=O)OC(C)(C)C)c1nnc(C)n1-2,Cc1sc2c(c1C)C(c1ccc(Cl)cc1)=NC(CC(=O)OC(C)(C)C)c1nnc(C)n1-2,c1ccc(C2=NCc3nncn3-c3sccc32)cc1,CHEMBL1957266,3.82,Lipophilicity,1,train
CCN(CC)CCN1C(=O)[C@@](O)(c2ccccc2Cl)c2c1cc(C(N)=O)cc2C(F)(F)F,CCN(CC)CCN1C(=O)C(O)(c2ccccc2Cl)c2c1cc(C(N)=O)cc2C(F)(F)F,O=C1Nc2ccccc2C1c1ccccc1,CHEMBL360227,2.4,Lipophilicity,1,train
O=C1Nc2ccccc2C1(O)c1ccccc1,O=C1Nc2ccccc2C1(O)c1ccccc1,O=C1Nc2ccccc2C1c1ccccc1,CHEMBL1350030,1.71,Lipophilicity,1,train
COCCC(Oc1ncnc2c1cnn2-c1ccccc1C(F)(F)F)C(=O)Nc1ccc(C)cn1,COCCC(Oc1ncnc2c1cnn2-c1ccccc1C(F)(F)F)C(=O)Nc1ccc(C)cn1,O=C(COc1ncnc2c1cnn2-c1ccccc1)Nc1ccccn1,CHEMBL2206788,3.5,Lipophilicity,1,train
COCC[C@H](Oc1ncnc2c1cnn2-c1ccccc1Cl)C(=O)Nc1ccc(C)cn1,COCCC(Oc1ncnc2c1cnn2-c1ccccc1Cl)C(=O)Nc1ccc(C)cn1,O=C(COc1ncnc2c1cnn2-c1ccccc1)Nc1ccccn1,CHEMBL2206790,3.6,Lipophilicity,1,train
Cc1cccc(NS(=O)(=O)c2ccc(-c3ccc(C#N)cc3)cc2)n1,Cc1cccc(NS(=O)(=O)c2ccc(-c3ccc(C#N)cc3)cc2)n1,O=S(=O)(Nc1ccccn1)c1ccc(-c2ccccc2)cc1,CHEMBL526098,2.42,Lipophilicity,1,train
N#Cc1ccc(-c2ccc(S(=O)(=O)Nc3cccc(N)n3)cc2)cc1,N#Cc1ccc(-c2ccc(S(=O)(=O)Nc3cccc(N)n3)cc2)cc1,O=S(=O)(Nc1ccccn1)c1ccc(-c2ccccc2)cc1,CHEMBL495841,2.2,Lipophilicity,1,train
O=C(Nc1nnc(C(=O)Nc2ccc(N3CCOCC3)cc2)o1)c1ccc(Cl)cc1,O=C(Nc1nnc(C(=O)Nc2ccc(N3CCOCC3)cc2)o1)c1ccc(Cl)cc1,O=C(Nc1nnc(C(=O)Nc2ccc(N3CCOCC3)cc2)o1)c1ccccc1,CHEMBL2036736,1.92,Lipophilicity,1,train
O=C(Nc1nnc(C(=O)Nc2ccc(N3CCOCC3)cc2)o1)c1ccccc1,O=C(Nc1nnc(C(=O)Nc2ccc(N3CCOCC3)cc2)o1)c1ccccc1,O=C(Nc1nnc(C(=O)Nc2ccc(N3CCOCC3)cc2)o1)c1ccccc1,CHEMBL2036747,1.02,Lipophilicity,1,train
CCn1cc(C(=O)O)c(=O)c2cc(F)c(N3CCNC(C)C3)c(F)c21,CCn1cc(C(=O)O)c(=O)c2cc(F)c(N3CCNC(C)C3)c(F)c21,O=c1cc[nH]c2cc(N3CCNCC3)ccc12,CHEMBL561,-1.1,Lipophilicity,1,train
CCn1cc(C(=O)O)c(=O)c2cc(F)c(N3CCNCC3)cc21,CCn1cc(C(=O)O)c(=O)c2cc(F)c(N3CCNCC3)cc21,O=c1cc[nH]c2cc(N3CCNCC3)ccc12,CHEMBL9,-0.87,Lipophilicity,1,train
COc1cccc(-c2c[nH]c(-c3ccccc3)n2)c1,COc1cccc(-c2c[nH]c(-c3ccccc3)n2)c1,c1ccc(-c2c[nH]c(-c3ccccc3)n2)cc1,CHEMBL296572,3.8,Lipophilicity,1,train
c1ccc(-c2c[nH]c(-c3ccccc3)n2)cc1,c1ccc(-c2c[nH]c(-c3ccccc3)n2)cc1,c1ccc(-c2c[nH]c(-c3ccccc3)n2)cc1,CHEMBL327027,3.8,Lipophilicity,1,train
O=C(Nc1ccc(Cl)nc1)c1ccc(F)c(Cl)c1,O=C(Nc1ccc(Cl)nc1)c1ccc(F)c(Cl)c1,O=C(Nc1cccnc1)c1ccccc1,CHEMBL2046684,3.64,Lipophilicity,1,train
O=C(Nc1ccc(Cl)nc1)c1ccc(F)c(F)c1,O=C(Nc1ccc(Cl)nc1)c1ccc(F)c(F)c1,O=C(Nc1cccnc1)c1ccccc1,CHEMBL402146,3.31,Lipophilicity,1,train
CC(=O)OCCn1c(Sc2nc3cccc(Cl)c3s2)nc2c(N)ncnc21,CC(=O)OCCn1c(Sc2nc3cccc(Cl)c3s2)nc2c(N)ncnc21,c1ccc2sc(Sc3nc4cncnc4[nH]3)nc2c1,CHEMBL448474,3.16,Lipophilicity,1,train
Nc1ncnc2c1nc(Sc1nc3cccc(Cl)c3s1)n2CCO,Nc1ncnc2c1nc(Sc1nc3cccc(Cl)c3s1)n2CCO,c1ccc2sc(Sc3nc4cncnc4[nH]3)nc2c1,CHEMBL209522,2.37,Lipophilicity,1,train
CCOc1ccc(NC(=O)CCc2c(C)nc3nc(C)nn3c2C)cc1,CCOc1ccc(NC(=O)CCc2c(C)nc3nc(C)nn3c2C)cc1,O=C(CCc1cnc2ncnn2c1)Nc1ccccc1,CHEMBL1399574,2.1,Lipophilicity,1,train
COc1ccc(NC(=O)CCc2c(C)nc3nc(C)nn3c2C)cc1,COc1ccc(NC(=O)CCc2c(C)nc3nc(C)nn3c2C)cc1,O=C(CCc1cnc2ncnn2c1)Nc1ccccc1,CHEMBL1539037,1.4,Lipophilicity,1,train
O=C([C@@H](O)CO)N1CC=C(c2ccc(N3C[C@H](COc4ccon4)OC3=O)cc2F)CC1,O=C(C(O)CO)N1CC=C(c2ccc(N3CC(COc4ccon4)OC3=O)cc2F)CC1,O=C1OC(COc2ccon2)CN1c1ccc(C2=CCNCC2)cc1,CHEMBL132293,1.09,Lipophilicity,1,train
O=CN1CC=C(c2c(F)cc(N3C[C@H](COc4ccon4)OC3=O)cc2F)CC1,O=CN1CC=C(c2c(F)cc(N3CC(COc4ccon4)OC3=O)cc2F)CC1,O=C1OC(COc2ccon2)CN1c1ccc(C2=CCNCC2)cc1,CHEMBL133501,2.01,Lipophilicity,1,train
O=C1O[C@]2(CN3CCC2CC3)CN1c1ccc(Br)s1,O=C1OC2(CN3CCC2CC3)CN1c1ccc(Br)s1,O=C1OC2(CN3CCC2CC3)CN1c1cccs1,CHEMBL190354,2.0,Lipophilicity,1,train
O=C1O[C@]2(CN3CCC2CC3)CN1c1cccs1,O=C1OC2(CN3CCC2CC3)CN1c1cccs1,O=C1OC2(CN3CCC2CC3)CN1c1cccs1,CHEMBL362962,0.9,Lipophilicity,1,train
CCNc1nc(C#N)nc(Nc2ccccc2)n1,CCNc1nc(C#N)nc(Nc2ccccc2)n1,c1ccc(Nc2ncncn2)cc1,CHEMBL567161,3.11,Lipophilicity,1,train
Nc1ncnc(Nc2ccccc2)n1,Nc1ncnc(Nc2ccccc2)n1,c1ccc(Nc2ncncn2)cc1,CHEMBL13589,1.4,Lipophilicity,1,train
CCCc1c(OCc2cccc(NC(=O)Cc3ccccc3C(=O)O)c2)ccc(C(C)=O)c1O,CCCc1c(OCc2cccc(NC(=O)Cc3ccccc3C(=O)O)c2)ccc(C(C)=O)c1O,O=C(Cc1ccccc1)Nc1cccc(COc2ccccc2)c1,CHEMBL167471,2.95,Lipophilicity,1,train
CCCN[C@H]1CCc2nc(N)sc2C1,CCCNC1CCc2nc(N)sc2C1,c1nc2c(s1)CCCC2,CHEMBL301265,3.15,Lipophilicity,1,train
Cc1ccc(CO)cc1N(C)c1ccnc(Nc2cc(N3CCCC3)cc(N3CCOCC3)c2)n1,Cc1ccc(CO)cc1N(C)c1ccnc(Nc2cc(N3CCCC3)cc(N3CCOCC3)c2)n1,c1ccc(Nc2ccnc(Nc3cc(N4CCCC4)cc(N4CCOCC4)c3)n2)cc1,CHEMBL1762536,3.8,Lipophilicity,1,train
CC1C(=O)Nc2ccccc2N1C(=O)c1ccccc1,CC1C(=O)Nc2ccccc2N1C(=O)c1ccccc1,O=C1CN(C(=O)c2ccccc2)c2ccccc2N1,CHEMBL1889452,2.11,Lipophilicity,1,train
CCN(C(=O)Cc1ccc(S(C)(=O)=O)cc1)C1CCN(CCC(c2ccccc2)c2ccc(NC(=O)Cc3ccccc3)cc2)CC1,CCN(C(=O)Cc1ccc(S(C)(=O)=O)cc1)C1CCN(CCC(c2ccccc2)c2ccc(NC(=O)Cc3ccccc3)cc2)CC1,O=C(Cc1ccccc1)Nc1ccc(C(CCN2CCC(NC(=O)Cc3ccccc3)CC2)c2ccccc2)cc1,CHEMBL199118,3.61,Lipophilicity,1,train
CC1COc2c(N3CCN(C)CC3)c(F)cc3c(=O)c(C(=O)O)cn1c23,CC1COc2c(N3CCN(C)CC3)c(F)cc3c(=O)c(C(=O)O)cn1c23,O=c1ccn2c3c(c(N4CCNCC4)ccc13)OCC2,CHEMBL4,-0.4,Lipophilicity,2,train
Cc1cc(CNc2ncc(Br)c(Nc3cc(C4CC4)[nH]n3)n2)on1,Cc1cc(CNc2ncc(Br)c(Nc3cc(C4CC4)[nH]n3)n2)on1,c1cc(CNc2nccc(Nc3cc(C4CC4)[nH]n3)n2)on1,CHEMBL497854,3.43,Lipophilicity,1,train
Cn1cc(C#N)cc1-c1c2c(=O)n(CC#CCn3cncn3)c(=O)n(CC3CC3)c2nn1Cc1ccnc2ccc(Cl)cc12,Cn1cc(C#N)cc1-c1c2c(=O)n(CC#CCn3cncn3)c(=O)n(CC3CC3)c2nn1Cc1ccnc2ccc(Cl)cc12,O=c1c2c(-c3ccc[nH]3)n(Cc3ccnc4ccccc34)nc2n(CC2CC2)c(=O)n1CC#CCn1cncn1,CHEMBL2087855,3.43,Lipophilicity,1,train
C[C@H](NC(=O)Cc1cc(F)cc(F)c1)C(=O)NC1C(=O)N(C)c2ccccc2-c2ccccc21,CC(NC(=O)Cc1cc(F)cc(F)c1)C(=O)NC1C(=O)N(C)c2ccccc2-c2ccccc21,O=C(Cc1ccccc1)NCC(=O)NC1C(=O)Nc2ccccc2-c2ccccc21,CHEMBL421236,3.6,Lipophilicity,1,train
CS(=O)(=O)c1ccc(-c2cnc(N)c(-c3ccc(C(F)(F)F)nc3)c2)cc1,CS(=O)(=O)c1ccc(-c2cnc(N)c(-c3ccc(C(F)(F)F)nc3)c2)cc1,c1ccc(-c2cncc(-c3cccnc3)c2)cc1,CHEMBL2041980,2.4,Lipophilicity,1,train
COC1/C=C/OC2(C)Oc3c(C)c(O)c4c(c3C2=O)C(=O)C=C(NC(=O)/C(C)=C\C=C\C(C)C(O)C(C)C(O)C(C)C(OC(C)=O)C1C)C4=O,COC1C=COC2(C)Oc3c(C)c(O)c4c(c3C2=O)C(=O)C=C(NC(=O)C(C)=CC=CC(C)C(O)C(C)C(O)C(C)C(OC(C)=O)C1C)C4=O,O=C1C=CC=CCCCCCCCCC=COC2Oc3ccc4c(c3C2=O)C(=O)C=C(N1)C4=O,CHEMBL74380,0.7,Lipophilicity,1,train
CC(C)(C)OC(=O)N1CCN(c2ncc(OCc3ccc(S(C)(=O)=O)cc3)nn2)CC1,CC(C)(C)OC(=O)N1CCN(c2ncc(OCc3ccc(S(C)(=O)=O)cc3)nn2)CC1,c1ccc(COc2cnc(N3CCNCC3)nn2)cc1,CHEMBL2086657,2.93,Lipophilicity,1,train
CN(C)CCC=C1c2ccccc2C=Cc2ccccc21,CN(C)CCC=C1c2ccccc2C=Cc2ccccc21,C=C1c2ccccc2C=Cc2ccccc21,CHEMBL669,2.83,Lipophilicity,1,train
COc1ccc([C@@H]2Sc3ccccc3N(CCN(C)C)C(=O)[C@@H]2OC(C)=O)cc1,COc1ccc(C2Sc3ccccc3N(CCN(C)C)C(=O)C2OC(C)=O)cc1,O=C1CC(c2ccccc2)Sc2ccccc2N1,CHEMBL23,1.99,Lipophilicity,1,train
O=C(NCC1CCCCCC1)c1cc(-c2cccnc2N2CCC(C(=O)O)CC2)ccc1Cl,O=C(NCC1CCCCCC1)c1cc(-c2cccnc2N2CCC(C(=O)O)CC2)ccc1Cl,O=C(NCC1CCCCCC1)c1cccc(-c2cccnc2N2CCCCC2)c1,CHEMBL551765,2.53,Lipophilicity,1,train
Cc1cc(N)c2cc(NC(=O)CC(=O)Nc3ccc4nc(C)cc(N)c4c3)ccc2n1,Cc1cc(N)c2cc(NC(=O)CC(=O)Nc3ccc4nc(C)cc(N)c4c3)ccc2n1,O=C(CC(=O)Nc1ccc2ncccc2c1)Nc1ccc2ncccc2c1,CHEMBL87266,1.35,Lipophilicity,1,train
COc1ccc2ncc(F)c(CCN3CCC(NCc4cc5c(cn4)OCCO5)CC3)c2n1,COc1ccc2ncc(F)c(CCN3CCC(NCc4cc5c(cn4)OCCO5)CC3)c2n1,c1cnc2c(CCN3CCC(NCc4cc5c(cn4)OCCO5)CC3)ccnc2c1,CHEMBL1916532,1.46,Lipophilicity,1,train
CC(C)N(CCCNC(=O)Nc1ccc(C(C)(C)C)cc1)C[C@H]1O[C@@H](n2ccc3c(N)ncnc32)[C@H](O)[C@@H]1O,CC(C)N(CCCNC(=O)Nc1ccc(C(C)(C)C)cc1)CC1OC(n2ccc3c(N)ncnc32)C(O)C1O,O=C(NCCCNCC1CCC(n2ccc3cncnc32)O1)Nc1ccccc1,CHEMBL2169919,2.4,Lipophilicity,1,train
Nc1cc(C(F)(F)F)c(-c2cc(N3CCOCC3)nc(N3CCOCC3)n2)cn1,Nc1cc(C(F)(F)F)c(-c2cc(N3CCOCC3)nc(N3CCOCC3)n2)cn1,c1cncc(-c2cc(N3CCOCC3)nc(N3CCOCC3)n2)c1,CHEMBL2017974,2.7,Lipophilicity,1,train
O=C(NCC12CC3CC(CC(C3)C1)C2)c1cc(O[C@H]2CCCNC2)ccc1Cl,O=C(NCC12CC3CC(CC(C3)C1)C2)c1cc(OC2CCCNC2)ccc1Cl,O=C(NCC12CC3CC(CC(C3)C1)C2)c1cccc(OC2CCCNC2)c1,CHEMBL235579,2.18,Lipophilicity,1,train
CC(=O)N[C@@H]1CCN(c2ccc(Nc3ncc(F)c(-c4cnc(C)n4C(C)C)n3)cc2)C1,CC(=O)NC1CCN(c2ccc(Nc3ncc(F)c(-c4cnc(C)n4C(C)C)n3)cc2)C1,c1cc(-c2cnc[nH]2)nc(Nc2ccc(N3CCCC3)cc2)n1,CHEMBL476578,3.3,Lipophilicity,1,train
O=C(Nc1cc(C(F)(F)F)cc(C(F)(F)F)c1)c1cnc(Cl)nc1C(F)(F)F,O=C(Nc1cc(C(F)(F)F)cc(C(F)(F)F)c1)c1cnc(Cl)nc1C(F)(F)F,O=C(Nc1ccccc1)c1cncnc1,CHEMBL336546,1.8,Lipophilicity,1,train
N#Cc1c(-c2ccccc2)nc(SCc2ccccc2)[nH]c1=O,N#Cc1c(-c2ccccc2)nc(SCc2ccccc2)[nH]c1=O,O=c1cc(-c2ccccc2)nc(SCc2ccccc2)[nH]1,CHEMBL1082811,1.56,Lipophilicity,1,train
NS(=O)(=O)c1ccc(NCc2ccccc2)cc1,NS(=O)(=O)c1ccc(NCc2ccccc2)cc1,c1ccc(CNc2ccccc2)cc1,CHEMBL2104196,1.7,Lipophilicity,1,train
CC1CN(C(=O)c2ccccc2)c2ccccc2NC1=O,CC1CN(C(=O)c2ccccc2)c2ccccc2NC1=O,O=C1CCN(C(=O)c2ccccc2)c2ccccc2N1,CHEMBL1886726,1.73,Lipophilicity,1,train
Cc1ccc(-c2ccc(S(=O)(=O)N3CCC[C@H]3C(=O)N3CC[C@@H](N)C3)cc2F)o1,Cc1ccc(-c2ccc(S(=O)(=O)N3CCCC3C(=O)N3CCC(N)C3)cc2F)o1,O=C(C1CCCN1S(=O)(=O)c1ccc(-c2ccco2)cc1)N1CCCC1,CHEMBL519301,1.2,Lipophilicity,1,train
O=C(N[C@H]1CN2CCC1CC2)c1ccc(-c2ccccn2)s1,O=C(NC1CN2CCC1CC2)c1ccc(-c2ccccn2)s1,O=C(NC1CN2CCC1CC2)c1ccc(-c2ccccn2)s1,CHEMBL364069,0.7,Lipophilicity,1,train
Cc1cc(Nc2nc(O[C@@H](C)c3ccc(F)cn3)c(C#N)nc2C)n[nH]1,Cc1cc(Nc2nc(OC(C)c3ccc(F)cn3)c(C#N)nc2C)n[nH]1,c1ccc(COc2cncc(Nc3cc[nH]n3)n2)nc1,CHEMBL570192,2.79,Lipophilicity,2,train
N[C@@H](CC(=O)N1CCn2c(nnc2C(F)(F)F)C1)Cc1cc(F)c(F)cc1F,NC(CC(=O)N1CCn2c(nnc2C(F)(F)F)C1)Cc1cc(F)c(F)cc1F,O=C(CCCc1ccccc1)N1CCn2cnnc2C1,CHEMBL1422,0.31,Lipophilicity,1,train
C[C@@H]1CN(c2noc(C3CC3)n2)CCN1c1ncc(OCc2ccncc2C#N)cn1,CC1CN(c2noc(C3CC3)n2)CCN1c1ncc(OCc2ccncc2C#N)cn1,c1cc(COc2cnc(N3CCN(c4noc(C5CC5)n4)CC3)nc2)ccn1,CHEMBL2086691,3.1,Lipophilicity,1,train
C[C@@H](Oc1cccc2ncnc(Nc3ccc4c(cnn4Cc4ccccn4)c3)c12)C(=O)N(C)C,CC(Oc1cccc2ncnc(Nc3ccc4c(cnn4Cc4ccccn4)c3)c12)C(=O)N(C)C,c1ccc(Cn2ncc3cc(Nc4ncnc5ccccc45)ccc32)nc1,CHEMBL402011,2.89,Lipophilicity,1,train
C[C@@H]1CN(Cc2ccc(F)cc2)[C@@H](C)CN1C(=O)c1cc2c(C(=O)C(=O)N(C)C)cn(C)c2cc1Cl,CC1CN(C(=O)c2cc3c(C(=O)C(=O)N(C)C)cn(C)c3cc2Cl)C(C)CN1Cc1ccc(F)cc1,O=C(c1ccc2[nH]ccc2c1)N1CCN(Cc2ccccc2)CC1,CHEMBL514201,3.6,Lipophilicity,1,train
Cc1ccc(C(=O)N2CC3CNCC(C2)O3)cc1NC(=O)CC12CC3CC(CC(C3)C1)C2,Cc1ccc(C(=O)N2CC3CNCC(C2)O3)cc1NC(=O)CC12CC3CC(CC(C3)C1)C2,O=C(CC12CC3CC(CC(C3)C1)C2)Nc1cccc(C(=O)N2CC3CNCC(C2)O3)c1,CHEMBL550637,2.12,Lipophilicity,1,train
Cc1ccnc2nc(C(=O)Nc3nccs3)nn12,Cc1ccnc2nc(C(=O)Nc3nccs3)nn12,O=C(Nc1nccs1)c1nc2ncccn2n1,CHEMBL1605804,0.31,Lipophilicity,1,train
Cc1cc(CN2Cc3cccnc3CC2C(=O)Nc2ccc(Cl)cc2Cl)ccc1OCC(=O)O,Cc1cc(CN2Cc3cccnc3CC2C(=O)Nc2ccc(Cl)cc2Cl)ccc1OCC(=O)O,O=C(Nc1ccccc1)C1Cc2ncccc2CN1Cc1ccccc1,CHEMBL1643203,1.15,Lipophilicity,1,train
NC(=O)c1cccc(S[C@H]2C[C@H]3CC[C@@H](C2)N3Cc2ccccc2)c1,NC(=O)c1cccc(SC2CC3CCC(C2)N3Cc2ccccc2)c1,c1ccc(CN2C3CCC2CC(Sc2ccccc2)C3)cc1,CHEMBL1223954,2.22,Lipophilicity,1,train
Cc1cc(C)c(CNC(=O)c2cc(C3CC3)nc3c2cnn3C(C)C)c(O)n1,Cc1cc(C)c(CNC(=O)c2cc(C3CC3)nc3c2cnn3C(C)C)c(O)n1,O=C(NCc1cccnc1)c1cc(C2CC2)nc2[nH]ncc12,CHEMBL1608462,3.8,Lipophilicity,1,train
COc1ccc(-c2nc3c(NCC4CCNCC4)c(Br)cnc3[nH]2)cc1,COc1ccc(-c2nc3c(NCC4CCNCC4)c(Br)cnc3[nH]2)cc1,c1ccc(-c2nc3c(NCC4CCNCC4)ccnc3[nH]2)cc1,CHEMBL2011926,1.36,Lipophilicity,1,train
O=c1[nH]c2c(O)ccc([C@@H](O)CNCCSCCCOCCc3ccccc3)c2s1,O=c1[nH]c2c(O)ccc(C(O)CNCCSCCCOCCc3ccccc3)c2s1,O=c1[nH]c2cccc(CCNCCSCCCOCCc3ccccc3)c2s1,CHEMBL1807817,2.54,Lipophilicity,1,train
C[N+]1(C)[C@@H]2C[C@@H](OC(=O)C(O)(c3cccs3)c3cccs3)C[C@H]1[C@@H]1O[C@@H]12,C[N+]1(C)C2CC(OC(=O)C(O)(c3cccs3)c3cccs3)CC1C1OC12,O=C(OC1CC2[NH2+]C(C1)C1OC21)C(c1cccs1)c1cccs1,CHEMBL1900528,-0.25,Lipophilicity,1,train
CCCNC(=O)CSc1ccc(S(=O)(=O)N2CCCC2)cn1,CCCNC(=O)CSc1ccc(S(=O)(=O)N2CCCC2)cn1,O=S(=O)(c1cccnc1)N1CCCC1,CHEMBL2141746,1.55,Lipophilicity,1,train
NC1(c2ccc(-c3c(-c4ccccc4)ccn4ncnc34)cc2)CCC1,NC1(c2ccc(-c3c(-c4ccccc4)ccn4ncnc34)cc2)CCC1,c1ccc(-c2ccn3ncnc3c2-c2ccc(C3CCC3)cc2)cc1,CHEMBL2035035,1.7,Lipophilicity,1,train
CN(C)CC1CCn2c(c(C3=C(c4cn(C)c5ccccc45)C(=O)NC3=O)c3ccccc32)C1,CN(C)CC1CCn2c(c(C3=C(c4cn(C)c5ccccc45)C(=O)NC3=O)c3ccccc32)C1,O=C1NC(=O)C(c2c3n(c4ccccc24)CCCC3)=C1c1c[nH]c2ccccc12,CHEMBL95925,2.88,Lipophilicity,1,train
Cc1cc(NS(=O)(=O)c2ccc(N)cc2)no1,Cc1cc(NS(=O)(=O)c2ccc(N)cc2)no1,O=S(=O)(Nc1ccon1)c1ccccc1,CHEMBL443,-0.56,Lipophilicity,1,train
O=S(=O)(CCCOCCSc1ccccc1)CCNCCc1ccc(O)c2nc(O)sc12,O=S(=O)(CCCOCCSc1ccccc1)CCNCCc1ccc(O)c2nc(O)sc12,O=S(=O)(CCCOCCSc1ccccc1)CCNCCc1cccc2ncsc12,CHEMBL326642,2.68,Lipophilicity,1,train
CC(C)OC(=O)N1CCC(Oc2ncnc3c2cnn3-c2ccc(S(C)(=O)=O)cc2F)CC1,CC(C)OC(=O)N1CCC(Oc2ncnc3c2cnn3-c2ccc(S(C)(=O)=O)cc2F)CC1,c1ccc(-n2ncc3c(OC4CCNCC4)ncnc32)cc1,CHEMBL1775179,3.0,Lipophilicity,1,train
COc1cccc2c1c(NS(=O)(=O)c1ccc(Cl)s1)nn2Cc1cccc(CNC(=O)[C@@H]2COCCN2)c1,COc1cccc2c1c(NS(=O)(=O)c1ccc(Cl)s1)nn2Cc1cccc(CNC(=O)C2COCCN2)c1,O=C(NCc1cccc(Cn2nc(NS(=O)(=O)c3cccs3)c3ccccc32)c1)C1COCCN1,CHEMBL2326624,1.61,Lipophilicity,1,train
FC(F)(F)c1nnc2ccc(NCn3nnc4ccccc43)nn12,FC(F)(F)c1nnc2ccc(NCn3nnc4ccccc43)nn12,c1ccc2c(c1)nnn2CNc1ccc2nncn2n1,CHEMBL1573297,2.34,Lipophilicity,1,train
N#Cc1nc(N2CCCC2)c(N)c(N2CCOCC2)n1,N#Cc1nc(N2CCCC2)c(N)c(N2CCOCC2)n1,c1nc(N2CCCC2)cc(N2CCOCC2)n1,CHEMBL470916,2.25,Lipophilicity,1,train
O=C(Nc1ccc(N2CCOCC2)cc1)c1nnc(NC(=O)C2(c3ccc(Cl)cc3)CCC2)o1,O=C(Nc1ccc(N2CCOCC2)cc1)c1nnc(NC(=O)C2(c3ccc(Cl)cc3)CCC2)o1,O=C(Nc1ccc(N2CCOCC2)cc1)c1nnc(NC(=O)C2(c3ccccc3)CCC2)o1,CHEMBL2036738,3.2,Lipophilicity,1,train
COc1cc2ncnc(Nc3ccc(F)c(Cl)c3)c2cc1NC(=O)/C=C/CN1CCCCC1,COc1cc2ncnc(Nc3ccc(F)c(Cl)c3)c2cc1NC(=O)C=CCN1CCCCC1,O=C(C=CCN1CCCCC1)Nc1ccc2ncnc(Nc3ccccc3)c2c1,CHEMBL2110732,4.1,Lipophilicity,1,train
CNC(=O)c1ccc(Oc2ccc3c(c2)CCN(C2CCC2)CC3)nc1,CNC(=O)c1ccc(Oc2ccc3c(c2)CCN(C2CCC2)CC3)nc1,c1ccc(Oc2ccc3c(c2)CCN(C2CCC2)CC3)nc1,CHEMBL517140,1.45,Lipophilicity,1,train
CN1C2CC(OC(=O)C(CO)c3ccccc3)CC1C1OC12,CN1C2CC(OC(=O)C(CO)c3ccccc3)CC1C1OC12,O=C(Cc1ccccc1)OC1CC2NC(C1)C1OC21,CHEMBL13030,0.17,Lipophilicity,1,train
O=c1[nH]n(C(c2ccccc2)c2ccncc2)c(=O)c2c(O)c3ccc(Cl)cc3nc12,O=c1[nH]n(C(c2ccccc2)c2ccncc2)c(=O)c2c(O)c3ccc(Cl)cc3nc12,O=c1[nH]n(C(c2ccccc2)c2ccncc2)c(=O)c2cc3ccccc3nc12,CHEMBL1180254,1.1,Lipophilicity,1,train
O=C(CC1CCCCCC1)Nc1cccc2c(=O)n([C@H]3CCNC3)ccc12,O=C(CC1CCCCCC1)Nc1cccc2c(=O)n(C3CCNC3)ccc12,O=C(CC1CCCCCC1)Nc1cccc2c(=O)n(C3CCNC3)ccc12,CHEMBL552512,1.15,Lipophilicity,1,train
CC(C)(C)NC(=O)C(c1ccncc1)N(Cc1ccco1)C(=O)c1ccc(-c2ccccc2)[nH]1,CC(C)(C)NC(=O)C(c1ccncc1)N(Cc1ccco1)C(=O)c1ccc(-c2ccccc2)[nH]1,O=C(c1ccc(-c2ccccc2)[nH]1)N(Cc1ccncc1)Cc1ccco1,CHEMBL1302851,4.13,Lipophilicity,1,train
CC1(c2nc(N3CCOCC3)ncc2C(=O)N[C@H]2C3CC4CC2C[C@](O)(C4)C3)CC1,CC1(c2nc(N3CCOCC3)ncc2C(=O)NC2C3CC4CC2CC(O)(C4)C3)CC1,O=C(NC1C2CC3CC(C2)CC1C3)c1cnc(N2CCOCC2)nc1C1CC1,CHEMBL2158534,2.0,Lipophilicity,1,train
Cc1sc2ncnc(N3CCN(c4ncccn4)CC3)c2c1C,Cc1sc2ncnc(N3CCN(c4ncccn4)CC3)c2c1C,c1cnc(N2CCN(c3ncnc4sccc34)CC2)nc1,CHEMBL1313395,3.66,Lipophilicity,1,train
Cc1c(-c2ccc3c(c2)OCO3)c(=O)n(C[C@H](N)c2ccccc2)c(=O)n1Cc1c(F)cccc1F,Cc1c(-c2ccc3c(c2)OCO3)c(=O)n(CC(N)c2ccccc2)c(=O)n1Cc1c(F)cccc1F,O=c1c(-c2ccc3c(c2)OCO3)cn(Cc2ccccc2)c(=O)n1CCc1ccccc1,CHEMBL178457,2.67,Lipophilicity,1,train
CC(C)CC(N(C)C)C1(c2ccc(Cl)cc2)CCC1,CC(C)CC(N(C)C)C1(c2ccc(Cl)cc2)CCC1,c1ccc(C2CCC2)cc1,CHEMBL1419,3.6,Lipophilicity,1,train
Cc1cc(NC(=O)c2ccccc2)n[nH]1,Cc1cc(NC(=O)c2ccccc2)n[nH]1,O=C(Nc1cc[nH]n1)c1ccccc1,CHEMBL115125,1.75,Lipophilicity,1,train
Cc1ccc(C(=O)Nc2nccs2)cc1-n1cnc2ccc(N3CCN(C)CC3)cc2c1=O,Cc1ccc(C(=O)Nc2nccs2)cc1-n1cnc2ccc(N3CCN(C)CC3)cc2c1=O,O=C(Nc1nccs1)c1cccc(-n2cnc3ccc(N4CCNCC4)cc3c2=O)c1,CHEMBL2031241,2.56,Lipophilicity,1,train
CCCCC1=NC2(CCCC2)C(=O)N1Cc1ccc(-c2ccccc2-c2nn[nH]n2)cc1,CCCCC1=NC2(CCCC2)C(=O)N1Cc1ccc(-c2ccccc2-c2nn[nH]n2)cc1,O=C1N(Cc2ccc(-c3ccccc3-c3nn[nH]n3)cc2)C=NC12CCCC2,CHEMBL1513,1.29,Lipophilicity,1,train
N=C(N)c1cc2c(/C=C/c3ccc4c(c3)OCO4)cccc2s1,N=C(N)c1cc2c(C=Cc3ccc4c(c3)OCO4)cccc2s1,C(=Cc1cccc2sccc12)c1ccc2c(c1)OCO2,CHEMBL282625,2.2,Lipophilicity,1,train
COc1cc(OC)c(S(=O)(=O)N2c3ccccc3CCC2C)cc1NC(=O)Cc1ccnc(F)c1,COc1cc(OC)c(S(=O)(=O)N2c3ccccc3CCC2C)cc1NC(=O)Cc1ccnc(F)c1,O=C(Cc1ccncc1)Nc1cccc(S(=O)(=O)N2CCCc3ccccc32)c1,CHEMBL2207225,2.49,Lipophilicity,1,train
COc1cc(N2CC[C@@H](N(C)C)C2)c2[nH]c(C(=O)Nc3ccc(N4CCOCC4)cc3)cc(=O)c2c1,COc1cc(N2CCC(N(C)C)C2)c2[nH]c(C(=O)Nc3ccc(N4CCOCC4)cc3)cc(=O)c2c1,O=C(Nc1ccc(N2CCOCC2)cc1)c1cc(=O)c2cccc(N3CCCC3)c2[nH]1,CHEMBL376813,2.7,Lipophilicity,1,train
CC(=O)Nc1nc(C)c(-c2cnc(F)c(NS(=O)(=O)c3sc(C)nc3C)c2)s1,CC(=O)Nc1nc(C)c(-c2cnc(F)c(NS(=O)(=O)c3sc(C)nc3C)c2)s1,O=S(=O)(Nc1cncc(-c2cncs2)c1)c1cncs1,CHEMBL1233655,0.55,Lipophilicity,1,train
O=C(NCC12CC3CC(CC(C3)C1)C2)c1cc(OC2CCNCC2)ccc1Cl,O=C(NCC12CC3CC(CC(C3)C1)C2)c1cc(OC2CCNCC2)ccc1Cl,O=C(NCC12CC3CC(CC(C3)C1)C2)c1cccc(OC2CCNCC2)c1,CHEMBL393384,1.83,Lipophilicity,1,train
O=C(O)Cc1ccc(-c2ccc(NC(=O)c3nnc(Nc4ccccc4F)o3)cc2)cc1,O=C(O)Cc1ccc(-c2ccc(NC(=O)c3nnc(Nc4ccccc4F)o3)cc2)cc1,O=C(Nc1ccc(-c2ccccc2)cc1)c1nnc(Nc2ccccc2)o1,CHEMBL2036743,1.5,Lipophilicity,1,train
NC1(c2ccc(-c3ncc4ccccc4c3-c3ccccc3)cc2)CCC1,NC1(c2ccc(-c3ncc4ccccc4c3-c3ccccc3)cc2)CCC1,c1ccc(-c2c(-c3ccc(C4CCC4)cc3)ncc3ccccc23)cc1,CHEMBL2035027,3.6,Lipophilicity,1,train
O=S(=O)(Nc1nc(-c2ccccc2)nn1Cc1ccccc1)c1ccccc1,O=S(=O)(Nc1nc(-c2ccccc2)nn1Cc1ccccc1)c1ccccc1,O=S(=O)(Nc1nc(-c2ccccc2)nn1Cc1ccccc1)c1ccccc1,CHEMBL313907,1.25,Lipophilicity,1,train
O=C(NCC1CCCCN1)c1cc(OCC(F)(F)F)ccc1OCC(F)(F)F,O=C(NCC1CCCCN1)c1cc(OCC(F)(F)F)ccc1OCC(F)(F)F,O=C(NCC1CCCCN1)c1ccccc1,CHEMBL652,1.13,Lipophilicity,1,train
CC(C)C(=O)Nc1nc(-c2ccccn2)cc2ccccc12,CC(C)C(=O)Nc1nc(-c2ccccn2)cc2ccccc12,c1ccc(-c2cc3ccccc3cn2)nc1,CHEMBL335744,2.7,Lipophilicity,1,train
O=C(N[C@@H](Cc1ccc(CCCCNc2ccccn2)cc1)C(=O)O)c1c(Cl)cccc1Cl,O=C(NC(Cc1ccc(CCCCNc2ccccn2)cc1)C(=O)O)c1c(Cl)cccc1Cl,O=C(NCCc1ccc(CCCCNc2ccccn2)cc1)c1ccccc1,CHEMBL2031158,0.51,Lipophilicity,1,train
Cc1cc2c(C(=O)NC[C@H](C)c3ccccc3)c(O)c(O)cc2c(O)c1-c1c(C)cc2c(C(=O)NC[C@H](C)c3ccccc3)c(O)c(O)cc2c1O,Cc1cc2c(C(=O)NCC(C)c3ccccc3)c(O)c(O)cc2c(O)c1-c1c(C)cc2c(C(=O)NCC(C)c3ccccc3)c(O)c(O)cc2c1O,O=C(NCCc1ccccc1)c1cccc2cc(-c3ccc4c(C(=O)NCCc5ccccc5)cccc4c3)ccc12,CHEMBL1094250,3.48,Lipophilicity,1,train
COc1ccccc1CNCc1ccc(CCNC[C@H](O)c2ccc(O)c3[nH]c(=O)sc23)cc1,COc1ccccc1CNCc1ccc(CCNCC(O)c2ccc(O)c3[nH]c(=O)sc23)cc1,O=c1[nH]c2cccc(CCNCCc3ccc(CNCc4ccccc4)cc3)c2s1,CHEMBL1945040,0.15,Lipophilicity,1,train
COc1cc(Nc2ncnc(Nc3c(Cl)ccc4c3OCO4)n2)cc(OC)c1OC,COc1cc(Nc2ncnc(Nc3c(Cl)ccc4c3OCO4)n2)cc(OC)c1OC,c1ccc(Nc2ncnc(Nc3cccc4c3OCO4)n2)cc1,CHEMBL403672,3.01,Lipophilicity,1,train
CCO/N=C(\c1ccc(Br)cc1)C1CCN(C2(C)CCN(C(=O)c3c(C)cc[n+]([O-])c3C)CC2)CC1,CCON=C(c1ccc(Br)cc1)C1CCN(C2(C)CCN(C(=O)c3c(C)cc[n+]([O-])c3C)CC2)CC1,N=C(c1ccccc1)C1CCN(C2CCN(C(=O)c3ccc[nH+]c3)CC2)CC1,CHEMBL78535,2.14,Lipophilicity,1,train
CC(=O)Nc1ccc2ccn(-c3cc(NCCN4CCCC4)n4ncc(C#N)c4n3)c2c1,CC(=O)Nc1ccc2ccn(-c3cc(NCCN4CCCC4)n4ncc(C#N)c4n3)c2c1,c1ccc2c(c1)ccn2-c1cc(NCCN2CCCC2)n2nccc2n1,CHEMBL2062574,2.24,Lipophilicity,1,train
CCOC(=O)c1c(C)n(Cc2ccco2)c2ccc(O)cc12,CCOC(=O)c1c(C)n(Cc2ccco2)c2ccc(O)cc12,c1coc(Cn2ccc3ccccc32)c1,CHEMBL1486510,3.5,Lipophilicity,1,train
Cc1cc(NCc2ccccc2)nc2ccccc12,Cc1cc(NCc2ccccc2)nc2ccccc12,c1ccc(CNc2ccc3ccccc3n2)cc1,CHEMBL1386638,3.69,Lipophilicity,1,train
COc1cc(F)ccc1-c1cncc(CNC2CCC2)n1,COc1cc(F)ccc1-c1cncc(CNC2CCC2)n1,c1ccc(-c2cncc(CNC3CCC3)n2)cc1,CHEMBL1778866,2.23,Lipophilicity,1,train
c1ccc(-c2cc(NCCCCCCCCNc3cc(-c4ccccc4)nc4ccccc34)c3ccccc3n2)cc1,c1ccc(-c2cc(NCCCCCCCCNc3cc(-c4ccccc4)nc4ccccc34)c3ccccc3n2)cc1,c1ccc(-c2cc(NCCCCCCCCNc3cc(-c4ccccc4)nc4ccccc34)c3ccccc3n2)cc1,CHEMBL528217,2.27,Lipophilicity,1,train
CCNc1nc(N)c(C(=O)c2ccc(Cl)s2)s1,CCNc1nc(N)c(C(=O)c2ccc(Cl)s2)s1,O=C(c1cccs1)c1cncs1,CHEMBL1448605,3.63,Lipophilicity,1,train
NC(=O)c1ccc(Oc2cccc3cccnc23)c([N+](=O)[O-])c1,NC(=O)c1ccc(Oc2cccc3cccnc23)c([N+](=O)[O-])c1,c1ccc(Oc2cccc3cccnc23)cc1,CHEMBL1481866,1.7,Lipophilicity,1,train
COc1cc(Nc2cc(Nc3c(Cl)ccc4c3OCO4)ncn2)cc(OC)c1OC,COc1cc(Nc2cc(Nc3c(Cl)ccc4c3OCO4)ncn2)cc(OC)c1OC,c1ccc(Nc2cc(Nc3cccc4c3OCO4)ncn2)cc1,CHEMBL253741,3.07,Lipophilicity,1,train
CC(C)C(NC(=O)Cn1c(-c2ccccc2)ccc(NC(=O)CN2CCOCC2)c1=O)C(=O)C(F)(F)F,CC(C)C(NC(=O)Cn1c(-c2ccccc2)ccc(NC(=O)CN2CCOCC2)c1=O)C(=O)C(F)(F)F,O=C(CN1CCOCC1)Nc1ccc(-c2ccccc2)[nH]c1=O,CHEMBL14516,2.0,Lipophilicity,1,train
CC(CC(=O)NCc1ccccc1)C1CCCO1,CC(CC(=O)NCc1ccccc1)C1CCCO1,O=C(CCC1CCCO1)NCc1ccccc1,CHEMBL1428115,2.1,Lipophilicity,1,train
O=C(NCC12CC3CC(CC(C3)C1)C2)c1cc(OC2CCNCC2)ncc1Cl,O=C(NCC12CC3CC(CC(C3)C1)C2)c1cc(OC2CCNCC2)ncc1Cl,O=C(NCC12CC3CC(CC(C3)C1)C2)c1ccnc(OC2CCNCC2)c1,CHEMBL562690,1.56,Lipophilicity,1,train
CN1CCN(C(=O)c2ccc(C(=C3CCN(Cc4cscn4)CC3)c3cccc4cccnc34)cc2)CC1,CN1CCN(C(=O)c2ccc(C(=C3CCN(Cc4cscn4)CC3)c3cccc4cccnc34)cc2)CC1,O=C(c1ccc(C(=C2CCN(Cc3cscn3)CC2)c2cccc3cccnc23)cc1)N1CCNCC1,CHEMBL1946616,1.98,Lipophilicity,1,train
O=C(O)CCc1ccc(NCc2cccc(Oc3ccccc3)c2)cc1,O=C(O)CCc1ccc(NCc2cccc(Oc3ccccc3)c2)cc1,c1ccc(NCc2cccc(Oc3ccccc3)c2)cc1,CHEMBL207881,2.1,Lipophilicity,1,train
Nc1ccc(S(=O)(=O)N2CCCC2)cc1,Nc1ccc(S(=O)(=O)N2CCCC2)cc1,O=S(=O)(c1ccccc1)N1CCCC1,CHEMBL1302214,0.98,Lipophilicity,1,train
CNC1CCN(c2ccc(NC(=O)c3ccc(-c4ccccc4)cc3)cn2)C1,CNC1CCN(c2ccc(NC(=O)c3ccc(-c4ccccc4)cc3)cn2)C1,O=C(Nc1ccc(N2CCCC2)nc1)c1ccc(-c2ccccc2)cc1,CHEMBL425518,2.35,Lipophilicity,1,train
FC(F)(F)c1nnc2ccc(N3CCCC3)nn12,FC(F)(F)c1nnc2ccc(N3CCCC3)nn12,c1cc2nncn2nc1N1CCCC1,CHEMBL1888044,2.41,Lipophilicity,1,train
Cc1oc(CN2CCNCC2)cc1C(=O)NCC12CC3CC(CC(C3)C1)C2,Cc1oc(CN2CCNCC2)cc1C(=O)NCC12CC3CC(CC(C3)C1)C2,O=C(NCC12CC3CC(CC(C3)C1)C2)c1coc(CN2CCNCC2)c1,CHEMBL427851,1.03,Lipophilicity,1,train
CN1c2ccccc2C(NCCCCCCC(=O)O)c2ccc(Cl)cc2S1(=O)=O,CN1c2ccccc2C(NCCCCCCC(=O)O)c2ccc(Cl)cc2S1(=O)=O,O=S1(=O)Nc2ccccc2Cc2ccccc21,CHEMBL1289110,1.33,Lipophilicity,1,train
NC(=O)c1sc2nccc(Nc3ccccc3)c2c1N,NC(=O)c1sc2nccc(Nc3ccccc3)c2c1N,c1ccc(Nc2ccnc3sccc23)cc1,CHEMBL1364572,2.91,Lipophilicity,1,train
CCCSc1nc(N2CCOCC2)ccc1C(=O)N[C@H]1C2CC3CC1C[C@](O)(C3)C2,CCCSc1nc(N2CCOCC2)ccc1C(=O)NC1C2CC3CC1CC(O)(C3)C2,O=C(NC1C2CC3CC(C2)CC1C3)c1ccc(N2CCOCC2)nc1,CHEMBL2158470,3.2,Lipophilicity,1,train
O=c1c2ccccc2nc2n1CCS2(=O)=O,O=c1c2ccccc2nc2n1CCS2(=O)=O,O=c1c2ccccc2nc2n1CCS2(=O)=O,CHEMBL1359240,0.8,Lipophilicity,1,train
CN1CCN(c2ccc3nc(-c4c(N)c5c(F)cccc5[nH]c4=O)[nH]c3c2)CC1,CN1CCN(c2ccc3nc(-c4c(N)c5c(F)cccc5[nH]c4=O)[nH]c3c2)CC1,O=c1[nH]c2ccccc2cc1-c1nc2ccc(N3CCNCC3)cc2[nH]1,CHEMBL522892,3.45,Lipophilicity,1,train
O=C(O)C(c1ccccc1)N1CCO[C@@H](CN2CCC(Oc3ccc(Cl)c(Cl)c3)CC2)C1,O=C(O)C(c1ccccc1)N1CCOC(CN2CCC(Oc3ccc(Cl)c(Cl)c3)CC2)C1,c1ccc(CN2CCOC(CN3CCC(Oc4ccccc4)CC3)C2)cc1,CHEMBL2158817,1.71,Lipophilicity,1,train
Cc1ccc(S(=O)(=O)Nc2c(C(=O)N[C@@H](C)C(C)(C)C)c(C)nn2C2CCCC2)cc1,Cc1ccc(S(=O)(=O)Nc2c(C(=O)NC(C)C(C)(C)C)c(C)nn2C2CCCC2)cc1,O=S(=O)(Nc1ccnn1C1CCCC1)c1ccccc1,CHEMBL1934414,2.0,Lipophilicity,1,train
COc1ccc(-c2c(-c3ccc(O)cc3O)n[nH]c2C)cc1,COc1ccc(-c2c(-c3ccc(O)cc3O)n[nH]c2C)cc1,c1ccc(-c2c[nH]nc2-c2ccccc2)cc1,CHEMBL192894,3.37,Lipophilicity,1,train
O=c1cc(O)oc2c1c(=O)n(Cc1ccccc1)c1ccccc21,O=c1cc(O)oc2c1c(=O)n(Cc1ccccc1)c1ccccc21,O=c1ccoc2c1c(=O)n(Cc1ccccc1)c1ccccc21,CHEMBL1457701,1.97,Lipophilicity,1,train
NC(=O)c1cccc(OC2CCN(Cc3ccccc3)CC2)c1,NC(=O)c1cccc(OC2CCN(Cc3ccccc3)CC2)c1,c1ccc(CN2CCC(Oc3ccccc3)CC2)cc1,CHEMBL1257457,1.92,Lipophilicity,1,train
Cc1nsc(C)c1CCC1CCN(S(=O)(=O)CC2(N(O)C=O)CCOCC2)CC1,Cc1nsc(C)c1CCC1CCN(S(=O)(=O)CC2(N(O)C=O)CCOCC2)CC1,O=S(=O)(CC1CCOCC1)N1CCC(CCc2cnsc2)CC1,CHEMBL1784366,1.5,Lipophilicity,1,train
Cc1c[nH]c(-c2cnc(NCCNc3ccc(C#N)cn3)nc2-c2ccc(Cl)cc2Cl)n1,Cc1c[nH]c(-c2cnc(NCCNc3ccc(C#N)cn3)nc2-c2ccc(Cl)cc2Cl)n1,c1ccc(-c2nc(NCCNc3ccccn3)ncc2-c2ncc[nH]2)cc1,CHEMBL412142,3.86,Lipophilicity,1,train
COc1ccc(C(=O)NCc2cccnc2)cc1C(=O)NCc1cccnc1,COc1ccc(C(=O)NCc2cccnc2)cc1C(=O)NCc1cccnc1,O=C(NCc1cccnc1)c1cccc(C(=O)NCc2cccnc2)c1,CHEMBL1257015,1.23,Lipophilicity,1,train
CC(C)C(NC(=O)Cn1c(-c2cccs2)ncc(NC(=O)OCc2ccccc2)c1=O)C(=O)C(F)(F)F,CC(C)C(NC(=O)Cn1c(-c2cccs2)ncc(NC(=O)OCc2ccccc2)c1=O)C(=O)C(F)(F)F,O=C(Nc1cnc(-c2cccs2)[nH]c1=O)OCc1ccccc1,CHEMBL10975,2.02,Lipophilicity,1,train
N=C(N)N1CCc2ccccc2C1,N=C(N)N1CCc2ccccc2C1,c1ccc2c(c1)CCNC2,CHEMBL169901,-1.01,Lipophilicity,1,train
CN(C)c1ccnc2sc3c(=O)n(-c4ccccc4)cnc3c12,CN(C)c1ccnc2sc3c(=O)n(-c4ccccc4)cnc3c12,O=c1c2sc3ncccc3c2ncn1-c1ccccc1,CHEMBL224615,2.34,Lipophilicity,1,train
COc1cc(OC2CCN(C)CC2)c2c(Nc3cccc4c3OCCO4)ncnc2c1,COc1cc(OC2CCN(C)CC2)c2c(Nc3cccc4c3OCCO4)ncnc2c1,c1cc(Nc2ncnc3cccc(OC4CCNCC4)c23)c2c(c1)OCCO2,CHEMBL262721,2.26,Lipophilicity,1,train
O=C1[C@@H]2[C@@H]3CC[C@@H](C3)[C@@H]2C(=O)N1[C@H]1CC[C@H](C(=O)Nc2cccc3cccnc23)CC1,O=C(Nc1cccc2cccnc12)C1CCC(N2C(=O)C3C4CCC(C4)C3C2=O)CC1,O=C(Nc1cccc2cccnc12)C1CCC(N2C(=O)C3C4CCC(C4)C3C2=O)CC1,CHEMBL1956163,3.94,Lipophilicity,1,train
COc1ccc(-c2csc(NC(=O)c3c(C)noc3C)n2)cc1OC,COc1ccc(-c2csc(NC(=O)c3c(C)noc3C)n2)cc1OC,O=C(Nc1nc(-c2ccccc2)cs1)c1cnoc1,CHEMBL2144380,3.16,Lipophilicity,1,train
CNC(=O)c1cccc(S(=O)(=O)Nc2ncc(C)nc2OC)c1-c1ccc(CC(C)C)cc1,CNC(=O)c1cccc(S(=O)(=O)Nc2ncc(C)nc2OC)c1-c1ccc(CC(C)C)cc1,O=S(=O)(Nc1cnccn1)c1ccccc1-c1ccccc1,CHEMBL32066,1.68,Lipophilicity,1,train
OC1(C#Cc2ccc(-c3ccccc3)cc2)CN2CCC1CC2,OC1(C#Cc2ccc(-c3ccccc3)cc2)CN2CCC1CC2,C(#CC1CN2CCC1CC2)c1ccc(-c2ccccc2)cc1,CHEMBL317462,3.14,Lipophilicity,1,train
CN[C@@H](C)C(=O)N[C@H](C(=O)N[C@H]1CCCN(CCc2ccccn2)C1)C(C)(C)C,CNC(C)C(=O)NC(C(=O)NC1CCCN(CCc2ccccn2)C1)C(C)(C)C,c1ccc(CCN2CCCCC2)nc1,CHEMBL1950861,-0.55,Lipophilicity,1,train
Cc1ccc(N2CC(COc3ccc(-c4noc(C)n4)cc3)C2)nn1,Cc1ccc(N2CC(COc3ccc(-c4noc(C)n4)cc3)C2)nn1,c1cnnc(N2CC(COc3ccc(-c4ncon4)cc3)C2)c1,CHEMBL1835918,2.62,Lipophilicity,1,train
COc1ccc(-c2cc(Nc3ccn(C)n3)n3ncc(C#N)c3n2)cc1,COc1ccc(-c2cc(Nc3ccn(C)n3)n3ncc(C#N)c3n2)cc1,c1ccc(-c2cc(Nc3cc[nH]n3)n3nccc3n2)cc1,CHEMBL2062561,2.97,Lipophilicity,1,train
O=c1cc(O)oc2c1c(=O)n(-c1ccccc1)c1ccccc21,O=c1cc(O)oc2c1c(=O)n(-c1ccccc1)c1ccccc21,O=c1ccoc2c1c(=O)n(-c1ccccc1)c1ccccc21,CHEMBL1503415,0.96,Lipophilicity,1,train
O=c1c2sccc2n(CC2COc3ccccc3O2)c(=O)n1O,O=c1c2sccc2n(CC2COc3ccccc3O2)c(=O)n1O,O=c1[nH]c(=O)n(CC2COc3ccccc3O2)c2ccsc12,CHEMBL361546,1.44,Lipophilicity,1,train
NC(=O)NC(=O)C(Nc1ccc2c(c1)CCC2)c1ccccc1,NC(=O)NC(=O)C(Nc1ccc2c(c1)CCC2)c1ccccc1,c1ccc(CNc2ccc3c(c2)CCC3)cc1,CHEMBL1734492,3.3,Lipophilicity,1,train
CCOc1nc2cccc(C(=O)O)c2n1Cc1ccc(-c2ccccc2-c2nnn[nH]2)cc1,CCOc1nc2cccc(C(=O)O)c2n1Cc1ccc(-c2ccccc2-c2nnn[nH]2)cc1,c1ccc(-c2nnn[nH]2)c(-c2ccc(Cn3cnc4ccccc43)cc2)c1,CHEMBL1016,0.3,Lipophilicity,1,train
CC(C)C(NC(=O)Cn1c(-c2ccc(F)cc2)ncc(NC(=O)OCc2ccncc2)c1=O)C(=O)C(F)(F)F,CC(C)C(NC(=O)Cn1c(-c2ccc(F)cc2)ncc(NC(=O)OCc2ccncc2)c1=O)C(=O)C(F)(F)F,O=C(Nc1cnc(-c2ccccc2)[nH]c1=O)OCc1ccncc1,CHEMBL11144,2.22,Lipophilicity,1,train
Cc1cccc(C#Cc2ccccc2)n1,Cc1cccc(C#Cc2ccccc2)n1,C(#Cc1ccccn1)c1ccccc1,CHEMBL66654,3.6,Lipophilicity,1,train
COc1ccc(-c2cncc(CNC3CCCC3)n2)c(OC)c1,COc1ccc(-c2cncc(CNC3CCCC3)n2)c(OC)c1,c1ccc(-c2cncc(CNC3CCCC3)n2)cc1,CHEMBL1779001,2.14,Lipophilicity,1,train
COC(=O)C1=C(C)NC(C)=C(C(=O)OC(C)C)[C@@H]1c1cccc2nonc12,COC(=O)C1=C(C)NC(C)=C(C(=O)OC(C)C)C1c1cccc2nonc12,C1=CC(c2cccc3nonc23)C=CN1,CHEMBL399539,3.77,Lipophilicity,1,train
CNC(=O)c1ccc(C)c(-n2c(C)cc(OCc3ccc(F)cc3F)c(Br)c2=O)c1,CNC(=O)c1ccc(C)c(-n2c(C)cc(OCc3ccc(F)cc3F)c(Br)c2=O)c1,O=c1cc(OCc2ccccc2)ccn1-c1ccccc1,CHEMBL1088751,2.8,Lipophilicity,1,train
CCCc1nc2c(N)nc3ccccc3c2s1,CCCc1nc2c(N)nc3ccccc3c2s1,c1ccc2c(c1)ncc1ncsc12,CHEMBL512901,4.09,Lipophilicity,1,train
Nc1ncnc2c1ncn2[C@@H]1O[C@H](CSCCCNC(=O)NCc2ccccc2)[C@@H](O)[C@H]1O,Nc1ncnc2c1ncn2C1OC(CSCCCNC(=O)NCc2ccccc2)C(O)C1O,O=C(NCCCSCC1CCC(n2cnc3cncnc32)O1)NCc1ccccc1,CHEMBL2170985,0.9,Lipophilicity,1,train
Cc1ccc(CO)cc1N(C)c1ccnc(Nc2cc(OC3CCOCC3)cc(N3CCOCC3)c2)n1,Cc1ccc(CO)cc1N(C)c1ccnc(Nc2cc(OC3CCOCC3)cc(N3CCOCC3)c2)n1,c1ccc(Nc2ccnc(Nc3cc(OC4CCOCC4)cc(N4CCOCC4)c3)n2)cc1,CHEMBL1762543,3.7,Lipophilicity,1,train
O=C(O)c1c(Sc2ccccc2)c2cc(Cl)ccc2n1Cc1ccc(Cl)cc1,O=C(O)c1c(Sc2ccccc2)c2cc(Cl)ccc2n1Cc1ccc(Cl)cc1,c1ccc(Cn2cc(Sc3ccccc3)c3ccccc32)cc1,CHEMBL370152,2.96,Lipophilicity,1,train
CN(C)CCNc1cc(-c2ccccc2)nc2cc(-c3ccc(F)cc3)nn12,CN(C)CCNc1cc(-c2ccccc2)nc2cc(-c3ccc(F)cc3)nn12,c1ccc(-c2ccn3nc(-c4ccccc4)cc3n2)cc1,CHEMBL1857945,4.5,Lipophilicity,1,train
C[C@@H](NC1=CC(=O)CCC1)c1ccc(Nc2ncc3cc(-c4ccncc4)ccc3n2)cc1,CC(NC1=CC(=O)CCC1)c1ccc(Nc2ncc3cc(-c4ccncc4)ccc3n2)cc1,O=C1C=C(NCc2ccc(Nc3ncc4cc(-c5ccncc5)ccc4n3)cc2)CCC1,CHEMBL2335903,3.17,Lipophilicity,1,train
COc1cc2ncnc(Nc3cc(Cl)ccc3F)c2cc1OCCCN1CCOCC1,COc1cc2ncnc(Nc3cc(Cl)ccc3F)c2cc1OCCCN1CCOCC1,c1ccc(Nc2ncnc3ccc(OCCCN4CCOCC4)cc23)cc1,CHEMBL384699,3.4,Lipophilicity,1,train
COc1cc2ncc(C(N)=O)c(Nc3ccc(F)cc3F)c2cc1NCCN1CCOCC1,COc1cc2ncc(C(N)=O)c(Nc3ccc(F)cc3F)c2cc1NCCN1CCOCC1,c1ccc(Nc2ccnc3ccc(NCCN4CCOCC4)cc23)cc1,CHEMBL479446,2.68,Lipophilicity,1,train
NCc1ccc(NC(=O)c2cc(Nc3ncccn3)c3cc(/C(N)=N/O)ccc3c2)cc1,NCc1ccc(NC(=O)c2cc(Nc3ncccn3)c3cc(C(N)=NO)ccc3c2)cc1,O=C(Nc1ccccc1)c1cc(Nc2ncccn2)c2ccccc2c1,CHEMBL560493,-0.85,Lipophilicity,1,train
CCCc1nc2c(C)cc(-c3nc4ccccc4n3C)cc2n1Cc1ccc(-c2ccccc2C(=O)O)cc1,CCCc1nc2c(C)cc(-c3nc4ccccc4n3C)cc2n1Cc1ccc(-c2ccccc2C(=O)O)cc1,c1ccc(-c2ccc(Cn3cnc4ccc(-c5nc6ccccc6[nH]5)cc43)cc2)cc1,CHEMBL1017,2.21,Lipophilicity,1,train
CC(Oc1c(Cl)cccc1Cl)C1=NCCN1,CC(Oc1c(Cl)cccc1Cl)C1=NCCN1,c1ccc(OCC2=NCCN2)cc1,CHEMBL17860,0.48,Lipophilicity,1,train
CCCCCC[C@H]1OC(=O)CNC(=O)[C@@H]([C@H](C)O)NC(=O)[C@H](CO)NC(=O)[C@H]([C@H](C)CC)NC(=O)[C@H](CC(C)C)N(C)C(=O)[C@@H]1C,CCCCCCC1OC(=O)CNC(=O)C(C(C)O)NC(=O)C(CO)NC(=O)C(C(C)CC)NC(=O)C(CC(C)C)N(C)C(=O)C1C,O=C1CCOC(=O)CNC(=O)CNC(=O)CNC(=O)CNC(=O)CN1,CHEMBL306262,3.2,Lipophilicity,1,train
COc1cc2cc(-c3ccc(O)cc3O)nc(C)c2cc1OC,COc1cc2cc(-c3ccc(O)cc3O)nc(C)c2cc1OC,c1ccc(-c2cc3ccccc3cn2)cc1,CHEMBL1549615,3.9,Lipophilicity,1,train
C[C@H](Nc1ncc(F)c(Nc2cc(C3CC3)[nH]n2)n1)c1ncc(F)cn1,CC(Nc1ncc(F)c(Nc2cc(C3CC3)[nH]n2)n1)c1ncc(F)cn1,c1cnc(CNc2nccc(Nc3cc(C4CC4)[nH]n3)n2)nc1,CHEMBL1650698,2.47,Lipophilicity,1,train
Cc1cc(Nc2cc(N3CCN(C)CC3)nc(Sc3ccc(NC(=O)C4CC4)cc3)n2)n[nH]1,Cc1cc(Nc2cc(N3CCN(C)CC3)nc(Sc3ccc(NC(=O)C4CC4)cc3)n2)n[nH]1,O=C(Nc1ccc(Sc2nc(Nc3cc[nH]n3)cc(N3CCNCC3)n2)cc1)C1CC1,CHEMBL572878,3.47,Lipophilicity,1,train
CN(C(=O)c1ccncc1)C1CCN(CCC(c2ccccc2)c2ccccc2)CC1,CN(C(=O)c1ccncc1)C1CCN(CCC(c2ccccc2)c2ccccc2)CC1,O=C(NC1CCN(CCC(c2ccccc2)c2ccccc2)CC1)c1ccncc1,CHEMBL182266,2.8,Lipophilicity,1,train
CC(C)Cn1c(=O)n(C)c(=O)c2c(-c3ccncc3)n(Cc3cccc4ccccc34)nc21,CC(C)Cn1c(=O)n(C)c(=O)c2c(-c3ccncc3)n(Cc3cccc4ccccc34)nc21,O=c1[nH]c(=O)c2c(-c3ccncc3)n(Cc3cccc4ccccc34)nc2[nH]1,CHEMBL401874,4.3,Lipophilicity,1,train
CC(CCc1cccc(OCc2ccc3ccccc3n2)c1)CC(=O)O,CC(CCc1cccc(OCc2ccc3ccccc3n2)c1)CC(=O)O,c1ccc(OCc2ccc3ccccc3n2)cc1,CHEMBL318021,2.4,Lipophilicity,1,train
CS(=O)(=O)c1ccc([C@@H](CC2CCCC2)C(=O)Nc2nccs2)cc1,CS(=O)(=O)c1ccc(C(CC2CCCC2)C(=O)Nc2nccs2)cc1,O=C(Nc1nccs1)C(CC1CCCC1)c1ccccc1,CHEMBL1096435,3.87,Lipophilicity,2,train
CC1(c2c(C(=O)NC3C4CC5CC(C4)CC3C5)cnn2-c2ccc(C(=O)O)cc2)CC1,CC1(c2c(C(=O)NC3C4CC5CC(C4)CC3C5)cnn2-c2ccc(C(=O)O)cc2)CC1,O=C(NC1C2CC3CC(C2)CC1C3)c1cnn(-c2ccccc2)c1C1CC1,CHEMBL2177608,1.11,Lipophilicity,1,train
COc1cc(OC)c(S(=O)(=O)N2c3ccccc3CCC2C)cc1NC(=O)CSc1ccncc1,COc1cc(OC)c(S(=O)(=O)N2c3ccccc3CCC2C)cc1NC(=O)CSc1ccncc1,O=C(CSc1ccncc1)Nc1cccc(S(=O)(=O)N2CCCc3ccccc32)c1,CHEMBL1951081,2.82,Lipophilicity,1,train
Cc1ccc(-c2cc(C(F)(F)F)n[nH]2)cc1NC(=O)c1ccc(OCc2ccccn2)cc1,Cc1ccc(-c2cc(C(F)(F)F)n[nH]2)cc1NC(=O)c1ccc(OCc2ccccn2)cc1,O=C(Nc1cccc(-c2ccn[nH]2)c1)c1ccc(OCc2ccccn2)cc1,CHEMBL2059871,2.44,Lipophilicity,1,train
CCOC(=O)c1ccc(OCCC2CN(c3ccc(C)nn3)CCO2)cc1,CCOC(=O)c1ccc(OCCC2CN(c3ccc(C)nn3)CCO2)cc1,c1ccc(OCCC2CN(c3cccnn3)CCO2)cc1,CHEMBL1835906,2.7,Lipophilicity,1,train
NC(=O)c1cnc(-c2ccc(C3(N)CCC3)cc2)c(-c2ccccc2)c1,NC(=O)c1cnc(-c2ccc(C3(N)CCC3)cc2)c(-c2ccccc2)c1,c1ccc(-c2cccnc2-c2ccc(C3CCC3)cc2)cc1,CHEMBL2035040,1.3,Lipophilicity,1,train
CCS(=O)(=O)c1ccc(Oc2cc3nc(-c4ccccn4)[nH]c3cc2CN2C(=O)CCC2=O)cc1,CCS(=O)(=O)c1ccc(Oc2cc3nc(-c4ccccn4)[nH]c3cc2CN2C(=O)CCC2=O)cc1,O=C1CCC(=O)N1Cc1cc2[nH]c(-c3ccccn3)nc2cc1Oc1ccccc1,CHEMBL595122,2.0,Lipophilicity,1,train
COc1cc(F)ccc1-c1cncc(CNC(=O)C2CCC2)c1,COc1cc(F)ccc1-c1cncc(CNC(=O)C2CCC2)c1,O=C(NCc1cncc(-c2ccccc2)c1)C1CCC1,CHEMBL1779016,3.2,Lipophilicity,1,train
N#CC[C@H](C1CCCC1)n1cc(-c2ncnc3[nH]ccc23)cn1,N#CCC(C1CCCC1)n1cc(-c2ncnc3[nH]ccc23)cn1,c1nc(-c2cnn(CC3CCCC3)c2)c2cc[nH]c2n1,CHEMBL1789941,2.55,Lipophilicity,1,train
Cc1ccc(S(=O)(=O)NC(=O)NN2CCCCCC2)cc1,Cc1ccc(S(=O)(=O)NC(=O)NN2CCCCCC2)cc1,O=C(NN1CCCCCC1)NS(=O)(=O)c1ccccc1,CHEMBL817,0.01,Lipophilicity,1,train
NC1(C(=O)NC(CCCN2CCCC2)c2ccc(Cl)cc2)CCN(c2ncnc3[nH]ccc23)CC1,NC1(C(=O)NC(CCCN2CCCC2)c2ccc(Cl)cc2)CCN(c2ncnc3[nH]ccc23)CC1,O=C(NC(CCCN1CCCC1)c1ccccc1)C1CCN(c2ncnc3[nH]ccc23)CC1,CHEMBL2325994,1.3,Lipophilicity,1,train
O=C(NCC1(O)CCCCCC1)c1cc(-c2ccccc2C(=O)O)ccc1Cl,O=C(NCC1(O)CCCCCC1)c1cc(-c2ccccc2C(=O)O)ccc1Cl,O=C(NCC1CCCCCC1)c1cccc(-c2ccccc2)c1,CHEMBL564737,-0.34,Lipophilicity,1,train
NC(=O)c1cc(C(N)=O)n(-c2cccc(-c3cc(C(F)(F)F)ccc3C(F)(F)F)c2)n1,NC(=O)c1cc(C(N)=O)n(-c2cccc(-c3cc(C(F)(F)F)ccc3C(F)(F)F)c2)n1,c1ccc(-c2cccc(-n3cccn3)c2)cc1,CHEMBL1631095,3.4,Lipophilicity,1,train
COc1cc(O)ccc1/C=C1\CCCN=C1c1cccnc1,COc1cc(O)ccc1C=C1CCCN=C1c1cccnc1,C(=C1CCCN=C1c1cccnc1)c1ccccc1,CHEMBL1162395,2.2,Lipophilicity,1,train
Cc1[nH]c(/C=C2\C(=O)Nc3ccc(F)cc32)c(C)c1C(=O)NC[C@H](O)CN1CCOCC1,Cc1[nH]c(C=C2C(=O)Nc3ccc(F)cc32)c(C)c1C(=O)NCC(O)CN1CCOCC1,O=C1Nc2ccccc2C1=Cc1cc(C(=O)NCCCN2CCOCC2)c[nH]1,CHEMBL1721885,2.22,Lipophilicity,1,train
CN(CC[C@@H](Oc1ccc(-c2ccccc2)cc1)c1ccc(F)cc1)CC(=O)O,CN(CCC(Oc1ccc(-c2ccccc2)cc1)c1ccc(F)cc1)CC(=O)O,c1ccc(COc2ccc(-c3ccccc3)cc2)cc1,CHEMBL180966,2.86,Lipophilicity,1,train
CC1(C)CC(=O)c2c(nc3ccccc3c2N)C1,CC1(C)CC(=O)c2c(nc3ccccc3c2N)C1,O=C1CCCc2nc3ccccc3cc21,CHEMBL1478435,3.0,Lipophilicity,1,train
Cc1nc(CSc2ccc(Cl)cc2)cc(N2CCOCC2)n1,Cc1nc(CSc2ccc(Cl)cc2)cc(N2CCOCC2)n1,c1ccc(SCc2cc(N3CCOCC3)ncn2)cc1,CHEMBL1313164,3.38,Lipophilicity,1,train
CN[C@@H](C)C(=O)N[C@H](C(=O)N1CCC[C@H]1C(=O)N[C@H](C(=O)OC)C(c1ccccc1)c1ccccc1)C1CCCCC1,CNC(C)C(=O)NC(C(=O)N1CCCC1C(=O)NC(C(=O)OC)C(c1ccccc1)c1ccccc1)C1CCCCC1,O=C(NCC(c1ccccc1)c1ccccc1)C1CCCN1C(=O)CC1CCCCC1,CHEMBL2048500,2.42,Lipophilicity,1,train
CCn1c(-c2nonc2N)nc2c(C#CC(C)(C)O)ncc(OCC3CCCNC3)c21,CCn1c(-c2nonc2N)nc2c(C#CC(C)(C)O)ncc(OCC3CCCNC3)c21,c1nonc1-c1nc2cncc(OCC3CCCNC3)c2[nH]1,CHEMBL2140607,0.6,Lipophilicity,1,train
O=C(Nc1nc(-c2ccccc2)cs1)c1cccnc1,O=C(Nc1nc(-c2ccccc2)cs1)c1cccnc1,O=C(Nc1nc(-c2ccccc2)cs1)c1cccnc1,CHEMBL1489473,3.62,Lipophilicity,1,train
Nc1ccc2c(c1)C(=O)c1ccccc1-2,Nc1ccc2c(c1)C(=O)c1ccccc1-2,O=C1c2ccccc2-c2ccccc21,CHEMBL1698358,2.9,Lipophilicity,1,train
O=c1[nH]nc(Cc2ccccc2)c2ccccc12,O=c1[nH]nc(Cc2ccccc2)c2ccccc12,O=c1[nH]nc(Cc2ccccc2)c2ccccc12,CHEMBL66761,2.8,Lipophilicity,1,train
O=c1c(O)cccc2cc(O)c(O)c(O)c12,O=c1c(O)cccc2cc(O)c(O)c(O)c12,O=c1ccccc2ccccc12,CHEMBL66953,2.03,Lipophilicity,1,train
CC(C)(C)c1ccc(C2=NC(=O)C(CC(=O)O)S2)cc1,CC(C)(C)c1ccc(C2=NC(=O)C(CC(=O)O)S2)cc1,O=C1CSC(c2ccccc2)=N1,CHEMBL1612837,-0.1,Lipophilicity,1,train
C[C@@H](NC1=CC(=O)CC1)c1ccc(Nc2ncc3cc(-c4ccncc4)ccc3n2)cc1,CC(NC1=CC(=O)CC1)c1ccc(Nc2ncc3cc(-c4ccncc4)ccc3n2)cc1,O=C1C=C(NCc2ccc(Nc3ncc4cc(-c5ccncc5)ccc4n3)cc2)CC1,CHEMBL2335904,3.2,Lipophilicity,1,train
CCOC(=O)[C@H](CCc1ccccc1)N[C@@H](C)C(=O)N1[C@H](C(=O)O)C[C@@H]2CCC[C@@H]21,CCOC(=O)C(CCc1ccccc1)NC(C)C(=O)N1C(C(=O)O)CC2CCCC21,O=C(CNCCCc1ccccc1)N1CCC2CCCC21,CHEMBL1168,-0.41,Lipophilicity,1,train
CC(=O)Nc1ccc(CNc2[nH]nc3ccnc(Oc4ccccc4)c23)cc1,CC(=O)Nc1ccc(CNc2[nH]nc3ccnc(Oc4ccccc4)c23)cc1,c1ccc(CNc2[nH]nc3ccnc(Oc4ccccc4)c23)cc1,CHEMBL191553,3.03,Lipophilicity,1,train
Cc1nc(C(=O)[C@@H](C)Oc2ccc(SCCCCCc3ccccc3)cc2)sc1CCCC(=O)O,Cc1nc(C(=O)C(C)Oc2ccc(SCCCCCc3ccccc3)cc2)sc1CCCC(=O)O,O=C(COc1ccc(SCCCCCc2ccccc2)cc1)c1nccs1,CHEMBL1770465,2.8049999999999997,Lipophilicity,2,train
CC(C)[C@H]1C(=O)N[C@H](CO)Cc2ccccc2N1C,CC(C)C1C(=O)NC(CO)Cc2ccccc2N1C,O=C1CNc2ccccc2CCN1,CHEMBL267144,2.03,Lipophilicity,1,train
Oc1ccc2c3c1O[C@H]1c4[nH]c5c(c4C[C@@]4(O)[C@@H](C2)N(CC2CC2)CC[C@]314)C[C@@]1(O)[C@H]2Cc3ccc(O)c4c3[C@@]1(CCN2CC1CC1)[C@H]5O4,Oc1ccc2c3c1OC1c4[nH]c5c(c4CC4(O)C(C2)N(CC2CC2)CCC314)CC1(O)C2Cc3ccc(O)c4c3C1(CCN2CC1CC1)C5O4,c1cc2c3c(c1)OC1c4[nH]c5c(c4CC4C(C2)N(CC2CC2)CCC314)CC1C2Cc3cccc4c3C1(CCN2CC1CC1)C5O4,CHEMBL573214,1.41,Lipophilicity,1,train
CO[C@H]1CC[C@]2(CC1)Cc1ccc(OCC(C)C)cc1C21N=C(C)C(N)=N1,COC1CCC2(CC1)Cc1ccc(OCC(C)C)cc1C21N=C(C)C(N)=N1,C1=NC2(N=C1)c1ccccc1CC21CCCCC1,CHEMBL2152917,3.4,Lipophilicity,1,train
CC1=NS(=O)(=O)c2cc(Cl)ccc2N1,CC1=NS(=O)(=O)c2cc(Cl)ccc2N1,O=S1(=O)N=CNc2ccccc21,CHEMBL181,1.05,Lipophilicity,1,train
Cc1ccccc1-n1c(Cn2nc(-c3ccc(O)c(F)c3)c3c(N)ncnc32)nc2cccc(C)c2c1=O,Cc1ccccc1-n1c(Cn2nc(-c3ccc(O)c(F)c3)c3c(N)ncnc32)nc2cccc(C)c2c1=O,O=c1c2ccccc2nc(Cn2nc(-c3ccccc3)c3cncnc32)n1-c1ccccc1,CHEMBL1213085,3.55,Lipophilicity,1,train
Cc1cc(CN2Cc3ccccc3C[C@H]2C(=O)Nc2ccc(Cl)cc2Cl)ccc1OCC(=O)O,Cc1cc(CN2Cc3ccccc3CC2C(=O)Nc2ccc(Cl)cc2Cl)ccc1OCC(=O)O,O=C(Nc1ccccc1)C1Cc2ccccc2CN1Cc1ccccc1,CHEMBL1643200,2.41,Lipophilicity,1,train
NS(=O)(=O)c1cccc2c1c([N+](=O)[O-])cc1nc(O)c(O)nc12,NS(=O)(=O)c1cccc2c1c([N+](=O)[O-])cc1nc(O)c(O)nc12,c1ccc2c(c1)ccc1nccnc12,CHEMBL222519,0.36,Lipophilicity,1,train
COc1cc(OC)c(S(=O)(=O)N2c3ccccc3CCC2C)cc1NC(=O)CCc1nn[nH]n1,COc1cc(OC)c(S(=O)(=O)N2c3ccccc3CCC2C)cc1NC(=O)CCc1nn[nH]n1,O=C(CCc1nn[nH]n1)Nc1cccc(S(=O)(=O)N2CCCc3ccccc32)c1,CHEMBL2207607,-0.34,Lipophilicity,1,train
CC(=O)c1c(C)c2cnc(Nc3ccc(N4CCNCC4)cn3)nc2n(C2CCCC2)c1=O,CC(=O)c1c(C)c2cnc(Nc3ccc(N4CCNCC4)cn3)nc2n(C2CCCC2)c1=O,O=c1ccc2cnc(Nc3ccc(N4CCNCC4)cn3)nc2n1C1CCCC1,CHEMBL189963,0.8,Lipophilicity,1,train
COc1cccc2c1c(NS(=O)(=O)c1ccc(Cl)s1)nn2Cc1cccc(CNC(=O)C(C)(C)O)c1,COc1cccc2c1c(NS(=O)(=O)c1ccc(Cl)s1)nn2Cc1cccc(CNC(=O)C(C)(C)O)c1,O=S(=O)(Nc1nn(Cc2ccccc2)c2ccccc12)c1cccs1,CHEMBL2018969,2.09,Lipophilicity,1,train
NC(=O)c1ccc(N(C(N)=O)c2c(F)cccc2F)nc1-c1ccc(F)cc1F,NC(=O)c1ccc(N(C(N)=O)c2c(F)cccc2F)nc1-c1ccc(F)cc1F,c1ccc(Nc2cccc(-c3ccccc3)n2)cc1,CHEMBL1090090,1.6,Lipophilicity,1,train
Cc1cnc(NC(=O)C2C(=O)c3ccccc3S(=O)(=O)N2C)s1,Cc1cnc(NC(=O)C2C(=O)c3ccccc3S(=O)(=O)N2C)s1,O=C(Nc1nccs1)C1NS(=O)(=O)c2ccccc2C1=O,CHEMBL1698351,0.3,Lipophilicity,1,train
NC1(c2ccc(-c3c(-c4ccccc4)ccn4ccnc34)cc2)CCC1,NC1(c2ccc(-c3c(-c4ccccc4)ccn4ccnc34)cc2)CCC1,c1ccc(-c2ccn3ccnc3c2-c2ccc(C3CCC3)cc2)cc1,CHEMBL2035033,2.0,Lipophilicity,1,train
COc1ccc(C(=O)N2CCCC2=O)cc1,COc1ccc(C(=O)N2CCCC2=O)cc1,O=C1CCCN1C(=O)c1ccccc1,CHEMBL36994,0.93,Lipophilicity,1,train
CC(=O)Nc1ccc2ccn(-c3cc(NCCCN4CCCC4)n4ncc(C#N)c4n3)c2c1,CC(=O)Nc1ccc2ccn(-c3cc(NCCCN4CCCC4)n4ncc(C#N)c4n3)c2c1,c1ccc2c(c1)ccn2-c1cc(NCCCN2CCCC2)n2nccc2n1,CHEMBL2062576,1.87,Lipophilicity,1,train
CCCN(c1cccnc1)P(=O)(c1ccccc1)c1ccccc1,CCCN(c1cccnc1)P(=O)(c1ccccc1)c1ccccc1,O=P(Nc1cccnc1)(c1ccccc1)c1ccccc1,CHEMBL2312933,2.6,Lipophilicity,1,train
Cc1n[nH]c(C)c1Cc1sc2c(c1C(=O)N1C[C@H](O)CO1)c(=O)n(C)c(=O)n2CC(C)C,Cc1n[nH]c(C)c1Cc1sc2c(c1C(=O)N1CC(O)CO1)c(=O)n(C)c(=O)n2CC(C)C,O=C(c1c(Cc2cn[nH]c2)sc2[nH]c(=O)[nH]c(=O)c12)N1CCCO1,CHEMBL375166,1.07,Lipophilicity,1,train
Cc1nc2n(c(=O)c1CCN1CCC(c3noc4cc(F)ccc34)CC1)CCCC2,Cc1nc2n(c(=O)c1CCN1CCC(c3noc4cc(F)ccc34)CC1)CCCC2,O=c1c(CCN2CCC(c3noc4ccccc34)CC2)cnc2n1CCCC2,CHEMBL85,2.05,Lipophilicity,1,train
COc1cc(C(=O)N2CCOCC2)ccc1Nc1ncc(Cl)c(-c2cnc3ccccn23)n1,COc1cc(C(=O)N2CCOCC2)ccc1Nc1ncc(Cl)c(-c2cnc3ccccn23)n1,O=C(c1ccc(Nc2nccc(-c3cnc4ccccn34)n2)cc1)N1CCOCC1,CHEMBL1809055,3.4,Lipophilicity,1,train
CC(=O)NC1CN(c2ccc(Nc3ncc(F)c(-c4cnc(C)n4C(C)C)n3)cc2)C1,CC(=O)NC1CN(c2ccc(Nc3ncc(F)c(-c4cnc(C)n4C(C)C)n3)cc2)C1,c1cc(-c2cnc[nH]2)nc(Nc2ccc(N3CCC3)cc2)n1,CHEMBL476577,2.76,Lipophilicity,1,train
O=C(COc1ccc(SCCCCCc2ccccc2)cc1)COc1ccc(C(=O)O)cc1,O=C(COc1ccc(SCCCCCc2ccccc2)cc1)COc1ccc(C(=O)O)cc1,O=C(COc1ccccc1)COc1ccc(SCCCCCc2ccccc2)cc1,CHEMBL29838,3.63,Lipophilicity,1,train
CC(C)N(CCCNC(=O)Nc1ccc(C(C)(C)C)cc1)C[C@H]1O[C@@H](n2cnc3c(N)ncnc32)[C@H](O)[C@@H]1O,CC(C)N(CCCNC(=O)Nc1ccc(C(C)(C)C)cc1)CC1OC(n2cnc3c(N)ncnc32)C(O)C1O,O=C(NCCCNCC1CCC(n2cnc3cncnc32)O1)Nc1ccccc1,CHEMBL2171169,2.2,Lipophilicity,1,train
Cc1ccc(NC(=O)c2ccnc(N3CCOCC3)c2)cc1NC(=O)c1ccc(OCc2ccccn2)cc1,Cc1ccc(NC(=O)c2ccnc(N3CCOCC3)c2)cc1NC(=O)c1ccc(OCc2ccccn2)cc1,O=C(Nc1cccc(NC(=O)c2ccnc(N3CCOCC3)c2)c1)c1ccc(OCc2ccccn2)cc1,CHEMBL184012,3.47,Lipophilicity,1,train
O=C(NC1CCCCC1)c1cccnc1Sc1ccccc1,O=C(NC1CCCCC1)c1cccnc1Sc1ccccc1,O=C(NC1CCCCC1)c1cccnc1Sc1ccccc1,CHEMBL1870155,3.01,Lipophilicity,1,train
COCc1c(C(C)C)nc(C(C)C)c(/C=C/[C@@H](O)C[C@@H](O)CC(=O)O)c1-c1ccc(F)cc1,COCc1c(C(C)C)nc(C(C)C)c(C=CC(O)CC(O)CC(=O)O)c1-c1ccc(F)cc1,c1ccc(-c2ccncc2)cc1,CHEMBL1477,1.72,Lipophilicity,1,train
CC(C)N1CCN[C@@H](CN2CCN(C(=O)Nc3ccc(Cl)c(Cl)c3)CC2)C1,CC(C)N1CCNC(CN2CCN(C(=O)Nc3ccc(Cl)c(Cl)c3)CC2)C1,O=C(Nc1ccccc1)N1CCN(CC2CNCCN2)CC1,CHEMBL2036777,1.92,Lipophilicity,1,train
Cc1ncc(-c2nc(Nc3ccc(C(=O)N4CCCN(C)CC4)cc3)ncc2F)n1C(C)C,Cc1ncc(-c2nc(Nc3ccc(C(=O)N4CCCN(C)CC4)cc3)ncc2F)n1C(C)C,O=C(c1ccc(Nc2nccc(-c3cnc[nH]3)n2)cc1)N1CCCNCC1,CHEMBL462192,2.02,Lipophilicity,1,train
Cn1sc(=O)c2cc(S(N)(=O)=O)ccc21,Cn1sc(=O)c2cc(S(N)(=O)=O)ccc21,O=c1s[nH]c2ccccc12,CHEMBL334167,0.3,Lipophilicity,1,train
CC[C@H](NC(=O)c1c([S+](C)[O-])c(-c2ccsc2)nc2ccccc12)c1ccccc1,CCC(NC(=O)c1c([S+](C)[O-])c(-c2ccsc2)nc2ccccc12)c1ccccc1,O=C(NCc1ccccc1)c1cc(-c2ccsc2)nc2ccccc12,CHEMBL1682950,2.66,Lipophilicity,1,train
Nc1ccccc1NC(=O)c1ccc(C2CCN(Cc3ccc(C(=O)NC4CC4)cc3)CC2)cc1,Nc1ccccc1NC(=O)c1ccc(C2CCN(Cc3ccc(C(=O)NC4CC4)cc3)CC2)cc1,O=C(Nc1ccccc1)c1ccc(C2CCN(Cc3ccc(C(=O)NC4CC4)cc3)CC2)cc1,CHEMBL409493,2.31,Lipophilicity,1,train
Cc1c(-c2ccccc2)oc2c(C(=O)OCCN3CCCCC3)cccc2c1=O,Cc1c(-c2ccccc2)oc2c(C(=O)OCCN3CCCCC3)cccc2c1=O,O=C(OCCN1CCCCC1)c1cccc2c(=O)cc(-c3ccccc3)oc12,CHEMBL1493,3.42,Lipophilicity,1,train
CCOc1ccc(-c2cnc3n2CCCCC3)cc1,CCOc1ccc(-c2cnc3n2CCCCC3)cc1,c1ccc(-c2cnc3n2CCCCC3)cc1,CHEMBL1609658,3.01,Lipophilicity,1,train
O=C(Nc1ccccc1)N1CCOCC1,O=C(Nc1ccccc1)N1CCOCC1,O=C(Nc1ccccc1)N1CCOCC1,CHEMBL1170522,1.0,Lipophilicity,1,train
c1ccc(N2CC3COc4ccccc4C3=N2)cc1,c1ccc(N2CC3COc4ccccc4C3=N2)cc1,c1ccc(N2CC3COc4ccccc4C3=N2)cc1,CHEMBL1712280,4.28,Lipophilicity,1,train
O=C(O)c1cccnc1Nc1cccc(C(F)(F)F)c1,O=C(O)c1cccnc1Nc1cccc(C(F)(F)F)c1,c1ccc(Nc2ccccn2)cc1,CHEMBL63323,1.0,Lipophilicity,1,train
Nc1c(C(=O)c2cccc(OC[C@@H](O)CO)c2)cnn1-c1ccc(F)cc1,Nc1c(C(=O)c2cccc(OCC(O)CO)c2)cnn1-c1ccc(F)cc1,O=C(c1ccccc1)c1cnn(-c2ccccc2)c1,CHEMBL203567,1.9249999999999998,Lipophilicity,2,train
CCc1cc(OCc2ccc(-c3ccccc3-c3nn[nH]n3)cc2)c2c(n1)CCCC2,CCc1cc(OCc2ccc(-c3ccccc3-c3nn[nH]n3)cc2)c2c(n1)CCCC2,c1ccc(-c2nn[nH]n2)c(-c2ccc(COc3ccnc4c3CCCC4)cc2)c1,CHEMBL418226,1.7,Lipophilicity,1,train
Nc1cc2n[nH]c(=O)n2c2cc(-c3cccs3)ccc12,Nc1cc2n[nH]c(=O)n2c2cc(-c3cccs3)ccc12,O=c1[nH]nc2ccc3ccc(-c4cccs4)cc3n12,CHEMBL2012856,3.26,Lipophilicity,1,train
CCCN1CCN(c2ccc(C(=O)NC3(C(=O)NCC#N)CCCCC3)cc2)CC1,CCCN1CCN(c2ccc(C(=O)NC3(C(=O)NCC#N)CCCCC3)cc2)CC1,O=C(NC1CCCCC1)c1ccc(N2CCNCC2)cc1,CHEMBL371064,1.33,Lipophilicity,1,train
CN[C@@H](C)C(=O)N[C@H](C(=O)N1CC[C@H]2CC[C@H](NC(=O)c3cccc4ccccc34)[C@H]21)C(C)(C)C,CNC(C)C(=O)NC(C(=O)N1CCC2CCC(NC(=O)c3cccc4ccccc34)C21)C(C)(C)C,O=C(NC1CCC2CCNC21)c1cccc2ccccc12,CHEMBL511444,1.94,Lipophilicity,1,train
Cc1cc(Nc2ccccc2)n(CCC#N)n1,Cc1cc(Nc2ccccc2)n(CCC#N)n1,c1ccc(Nc2ccn[nH]2)cc1,CHEMBL1538857,2.3,Lipophilicity,1,train
CC(C)Oc1cccc(CC(=O)N2CCC[C@](CC[N+]34CCC(c5ccccc5)(CC3)CC4)(c3ccc(Cl)c(Cl)c3)C2)c1,CC(C)Oc1cccc(CC(=O)N2CCCC(CC[N+]34CCC(c5ccccc5)(CC3)CC4)(c3ccc(Cl)c(Cl)c3)C2)c1,O=C(Cc1ccccc1)N1CCCC(CC[N+]23CCC(c4ccccc4)(CC2)CC3)(c2ccccc2)C1,CHEMBL1178725,1.23,Lipophilicity,1,train
CCc1cccc(CC)c1NC(=O)N1Cc2[nH]nc(NC(=O)c3ccc(N4CCN(C)CC4)cc3)c2C1,CCc1cccc(CC)c1NC(=O)N1Cc2[nH]nc(NC(=O)c3ccc(N4CCN(C)CC4)cc3)c2C1,O=C(Nc1n[nH]c2c1CN(C(=O)Nc1ccccc1)C2)c1ccc(N2CCNCC2)cc1,CHEMBL363160,3.31,Lipophilicity,1,train
Nc1ccc(C2(c3ccc(N)cc3)CCCCC2)cc1,Nc1ccc(C2(c3ccc(N)cc3)CCCCC2)cc1,c1ccc(C2(c3ccccc3)CCCCC2)cc1,CHEMBL1472545,3.2,Lipophilicity,1,train
Cc1ccc(Oc2ccc(OCC(=O)Nc3ccncc3)cc2)cc1,Cc1ccc(Oc2ccc(OCC(=O)Nc3ccncc3)cc2)cc1,O=C(COc1ccc(Oc2ccccc2)cc1)Nc1ccncc1,CHEMBL1705098,4.3,Lipophilicity,1,train
c1nc(N2CCCCC2)c2nc[nH]c2n1,c1nc(N2CCCCC2)c2nc[nH]c2n1,c1nc(N2CCCCC2)c2nc[nH]c2n1,CHEMBL264666,1.84,Lipophilicity,1,train
Nc1nc(-c2ccccn2)nc(N)c1Cc1ccccc1F,Nc1nc(-c2ccccn2)nc(N)c1Cc1ccccc1F,c1ccc(Cc2cnc(-c3ccccn3)nc2)cc1,CHEMBL1571801,2.12,Lipophilicity,1,train
Cc1oc(=O)oc1CN1CCN(c2cc3c(cc2F)c(=O)c(C(=O)O)c2n3C(C)S2)CC1,Cc1oc(=O)oc1CN1CCN(c2cc3c(cc2F)c(=O)c(C(=O)O)c2n3C(C)S2)CC1,O=c1occ(CN2CCN(c3ccc4c(=O)cc5n(c4c3)CS5)CC2)o1,CHEMBL422648,0.47,Lipophilicity,1,train
COc1ccc2c(c1)N(CCN1CCC(NCc3ccc4c(n3)NC(=O)CO4)CC1)C(=O)CC2,COc1ccc2c(c1)N(CCN1CCC(NCc3ccc4c(n3)NC(=O)CO4)CC1)C(=O)CC2,O=C1COc2ccc(CNC3CCN(CCN4C(=O)CCc5ccccc54)CC3)nc2N1,CHEMBL1916537,0.66,Lipophilicity,1,train
N#Cc1ccc2c(c1)NC(=O)C2c1ncnc2cc(OCCCN3CCOCC3)ccc12,N#Cc1ccc2c(c1)NC(=O)C2c1ncnc2cc(OCCCN3CCOCC3)ccc12,O=C1Nc2ccccc2C1c1ncnc2cc(OCCCN3CCOCC3)ccc12,CHEMBL606052,2.99,Lipophilicity,1,train
Cc1ccc(C(=O)C(C)CN2CCCCC2)cc1,Cc1ccc(C(=O)C(C)CN2CCCCC2)cc1,O=C(CCN1CCCCC1)c1ccccc1,CHEMBL1076211,1.65,Lipophilicity,1,train
NC1(c2ccc(-c3ncc4ncccc4c3-c3ccccc3)cc2)CCC1,NC1(c2ccc(-c3ncc4ncccc4c3-c3ccccc3)cc2)CCC1,c1ccc(-c2c(-c3ccc(C4CCC4)cc3)ncc3ncccc23)cc1,CHEMBL2035028,2.0,Lipophilicity,1,train
Cc1c(F)cc(C(=O)NC2CC2)cc1-c1ccc(C(=O)NCC(C)(C)C)cn1,Cc1c(F)cc(C(=O)NC2CC2)cc1-c1ccc(C(=O)NCC(C)(C)C)cn1,O=C(NC1CC1)c1cccc(-c2ccccn2)c1,CHEMBL1088752,3.5,Lipophilicity,1,train
c1ccc(-c2n[nH]c(-c3ccncc3)n2)nc1,c1ccc(-c2n[nH]c(-c3ccncc3)n2)nc1,c1ccc(-c2n[nH]c(-c3ccncc3)n2)nc1,CHEMBL1078979,1.48,Lipophilicity,1,train
CC(C)(C)c1cc2nc3c(c(O)n2n1)CN(Cc1ccccc1)C3=O,CC(C)(C)c1cc2nc3c(c(O)n2n1)CN(Cc1ccccc1)C3=O,O=C1c2nc3ccnn3cc2CN1Cc1ccccc1,CHEMBL1491421,1.9,Lipophilicity,1,train
O=C(Nc1ccc(Nc2ccc(NC(=O)c3ccccc3)c3c2C(=O)c2ccccc2C3=O)c2c1C(=O)c1ccccc1C2=O)c1ccccc1,O=C(Nc1ccc(Nc2ccc(NC(=O)c3ccccc3)c3c2C(=O)c2ccccc2C3=O)c2c1C(=O)c1ccccc1C2=O)c1ccccc1,O=C(Nc1ccc(Nc2ccc(NC(=O)c3ccccc3)c3c2C(=O)c2ccccc2C3=O)c2c1C(=O)c1ccccc1C2=O)c1ccccc1,CHEMBL1995326,2.63,Lipophilicity,1,train
CCOC(=O)c1ccc(COC2CN(c3ccc(C)nn3)C2)cc1,CCOC(=O)c1ccc(COC2CN(c3ccc(C)nn3)C2)cc1,c1ccc(COC2CN(c3cccnn3)C2)cc1,CHEMBL1835911,2.5,Lipophilicity,1,train
CC(C)c1ccccc1Nc1nc(SCc2cccs2)n[nH]1,CC(C)c1ccccc1Nc1nc(SCc2cccs2)n[nH]1,c1ccc(Nc2nc(SCc3cccs3)n[nH]2)cc1,CHEMBL230641,4.21,Lipophilicity,1,train
Cc1ccc(S(=O)(=O)Nc2c(C(=O)N[C@@H](C)C(C)(C)C)c(C)nn2C2CCOC2)cc1,Cc1ccc(S(=O)(=O)Nc2c(C(=O)NC(C)C(C)(C)C)c(C)nn2C2CCOC2)cc1,O=S(=O)(Nc1ccnn1C1CCOC1)c1ccccc1,CHEMBL1934423,0.78,Lipophilicity,1,train
O=c1ccoc2cc(OCc3ccccc3)ccc12,O=c1ccoc2cc(OCc3ccccc3)ccc12,O=c1ccoc2cc(OCc3ccccc3)ccc12,CHEMBL144960,3.33,Lipophilicity,1,train
COc1ccc(C(=O)NCCN2CCN(Cc3ccc(Cl)c(Cl)c3)CC2)cc1Cl,COc1ccc(C(=O)NCCN2CCN(Cc3ccc(Cl)c(Cl)c3)CC2)cc1Cl,O=C(NCCN1CCN(Cc2ccccc2)CC1)c1ccccc1,CHEMBL2171017,3.74,Lipophilicity,1,train
O=C(NC[C@@H](O)CN1CCC(Oc2ccc(Cl)c(Cl)c2)CC1)n1c(=O)[nH]c2ccccc21,O=C(NCC(O)CN1CCC(Oc2ccc(Cl)c(Cl)c2)CC1)n1c(=O)[nH]c2ccccc21,O=C(NCCCN1CCC(Oc2ccccc2)CC1)n1c(=O)[nH]c2ccccc21,CHEMBL2208432,4.46,Lipophilicity,1,train
COc1cc2ncc(C(N)=O)c(Nc3ccc(F)cc3F)c2cc1NCCN1CCCCC1,COc1cc2ncc(C(N)=O)c(Nc3ccc(F)cc3F)c2cc1NCCN1CCCCC1,c1ccc(Nc2ccnc3ccc(NCCN4CCCCC4)cc23)cc1,CHEMBL518760,2.52,Lipophilicity,1,train
O=c1[nH]cnc2cc(F)c(F)cc12,O=c1[nH]cnc2cc(F)c(F)cc12,O=c1[nH]cnc2ccccc12,CHEMBL1949859,1.5,Lipophilicity,1,train
COc1cc2c(Nc3ccc(F)cc3F)c(C(N)=O)cnc2cc1N1CCN(C)CC1,COc1cc2c(Nc3ccc(F)cc3F)c(C(N)=O)cnc2cc1N1CCN(C)CC1,c1ccc(Nc2ccnc3cc(N4CCNCC4)ccc23)cc1,CHEMBL480618,1.75,Lipophilicity,1,train
CNCCC=C1c2ccccc2CCc2ccccc21,CNCCC=C1c2ccccc2CCc2ccccc21,C=C1c2ccccc2CCc2ccccc21,CHEMBL445,1.58,Lipophilicity,1,train
NC1(c2ccc(-c3ncc4ccncc4c3-c3ccccc3)cc2)CCC1,NC1(c2ccc(-c3ncc4ccncc4c3-c3ccccc3)cc2)CCC1,c1ccc(-c2c(-c3ccc(C4CCC4)cc3)ncc3ccncc23)cc1,CHEMBL2035030,2.2,Lipophilicity,1,train
COc1cc(F)ccc1-c1cncc(CNC2CCCCC2)c1,COc1cc(F)ccc1-c1cncc(CNC2CCCCC2)c1,c1ccc(-c2cncc(CNC3CCCCC3)c2)cc1,CHEMBL1779007,2.6,Lipophilicity,1,train
N#CC1(NC(=O)[C@@H]2CCCC[C@H]2C(=O)N2CCc3oc4ccccc4c3C2)CC1,N#CC1(NC(=O)C2CCCCC2C(=O)N2CCc3oc4ccccc4c3C2)CC1,O=C(NC1CC1)C1CCCCC1C(=O)N1CCc2oc3ccccc3c2C1,CHEMBL2164668,3.01,Lipophilicity,1,train
O=c1[nH]c2c(O)ccc([C@@H](O)CNCCOc3cccc(CNCCc4ccccc4F)c3)c2s1,O=c1[nH]c2c(O)ccc(C(O)CNCCOc3cccc(CNCCc4ccccc4F)c3)c2s1,O=c1[nH]c2cccc(CCNCCOc3cccc(CNCCc4ccccc4)c3)c2s1,CHEMBL1945298,1.86,Lipophilicity,1,train
N#CC1(NC(=O)[C@@H]2CCCC[C@H]2C(=O)N2CCc3[nH]c4ncccc4c3C2)CC1,N#CC1(NC(=O)C2CCCCC2C(=O)N2CCc3[nH]c4ncccc4c3C2)CC1,O=C(NC1CC1)C1CCCCC1C(=O)N1CCc2[nH]c3ncccc3c2C1,CHEMBL2163360,2.13,Lipophilicity,1,train
CN1CCN2c3ncccc3Cc3ccccc3C2C1,CN1CCN2c3ncccc3Cc3ccccc3C2C1,c1ccc2c(c1)Cc1cccnc1N1CCNCC21,CHEMBL654,2.82,Lipophilicity,1,train
OC(Cn1cncn1)(Cn1cncn1)c1ccc(F)cc1F,OC(Cn1cncn1)(Cn1cncn1)c1ccc(F)cc1F,c1ccc(C(Cn2cncn2)Cn2cncn2)cc1,CHEMBL106,0.48,Lipophilicity,1,train
C=CCCCCCCCCC(=O)N[C@H]1CCC(=O)NC1=O,C=CCCCCCCCCC(=O)NC1CCC(=O)NC1=O,O=C1CCCC(=O)N1,CHEMBL179701,2.64,Lipophilicity,1,train
C[C@H]1O[C@@H](n2cnc3c(N)nc(OCC4CC(F)(F)C4(F)F)nc32)[C@H](O)[C@@H]1O,CC1OC(n2cnc3c(N)nc(OCC4CC(F)(F)C4(F)F)nc32)C(O)C1O,c1nc(OCC2CCC2)nc2c1ncn2C1CCCO1,CHEMBL1933594,1.42,Lipophilicity,1,train
CCOC(=O)c1ccc(OCC2CCN(c3ccc(C)nn3)C2)cc1,CCOC(=O)c1ccc(OCC2CCN(c3ccc(C)nn3)C2)cc1,c1ccc(OCC2CCN(c3cccnn3)C2)cc1,CHEMBL1835909,3.44,Lipophilicity,1,train
Cc1cccc(N(Cc2cc(F)c(F)cc2F)C(=O)O[C@H]2CN3CCC2CC3)c1,Cc1cccc(N(Cc2cc(F)c(F)cc2F)C(=O)OC2CN3CCC2CC3)c1,O=C(OC1CN2CCC1CC2)N(Cc1ccccc1)c1ccccc1,CHEMBL1779045,2.24,Lipophilicity,1,train
O=C(Nc1ccc(S(=O)(=O)N2CCOCC2)cc1)c1cc(Cl)ccc1NS(=O)(=O)c1ccc(Cl)s1,O=C(Nc1ccc(S(=O)(=O)N2CCOCC2)cc1)c1cc(Cl)ccc1NS(=O)(=O)c1ccc(Cl)s1,O=C(Nc1ccc(S(=O)(=O)N2CCOCC2)cc1)c1ccccc1NS(=O)(=O)c1cccs1,CHEMBL2107729,3.02,Lipophilicity,1,train
Cc1ccc(NC(=O)c2cncs2)cc1-n1cnc2ccc(N3CCN(C)CC3)cc2c1=O,Cc1ccc(NC(=O)c2cncs2)cc1-n1cnc2ccc(N3CCN(C)CC3)cc2c1=O,O=C(Nc1cccc(-n2cnc3ccc(N4CCNCC4)cc3c2=O)c1)c1cncs1,CHEMBL2031237,2.11,Lipophilicity,1,train
CCC1=C(C)CN(C(=O)NCCc2ccc(S(=O)(=O)NC(=O)N[C@H]3CC[C@H](C)CC3)cc2)C1=O,CCC1=C(C)CN(C(=O)NCCc2ccc(S(=O)(=O)NC(=O)NC3CCC(C)CC3)cc2)C1=O,O=C(NC1CCCCC1)NS(=O)(=O)c1ccc(CCNC(=O)N2CC=CC2=O)cc1,CHEMBL1481,1.73,Lipophilicity,1,train
CCC(CC)NC(=O)c1cnn(Cc2ccccc2)c1NS(=O)(=O)c1ccc(C)cc1,CCC(CC)NC(=O)c1cnn(Cc2ccccc2)c1NS(=O)(=O)c1ccc(C)cc1,O=S(=O)(Nc1ccnn1Cc1ccccc1)c1ccccc1,CHEMBL1916267,1.52,Lipophilicity,1,train
Cc1ncc(-c2ccnc(Nc3ccc(S(=O)(=O)CCCN4CCOCC4)cc3)n2)n1C(C)C,Cc1ncc(-c2ccnc(Nc3ccc(S(=O)(=O)CCCN4CCOCC4)cc3)n2)n1C(C)C,O=S(=O)(CCCN1CCOCC1)c1ccc(Nc2nccc(-c3cnc[nH]3)n2)cc1,CHEMBL457888,2.43,Lipophilicity,1,train
O=S(=O)(NCCNc1ncccn1)c1cccc2cnccc12,O=S(=O)(NCCNc1ncccn1)c1cccc2cnccc12,O=S(=O)(NCCNc1ncccn1)c1cccc2cnccc12,CHEMBL341876,0.61,Lipophilicity,1,train
Cc1ccccc1N1C(=O)c2cc(S(N)(=O)=O)c(Cl)cc2NC1C,Cc1ccccc1N1C(=O)c2cc(S(N)(=O)=O)c(Cl)cc2NC1C,O=C1c2ccccc2NCN1c1ccccc1,CHEMBL878,1.64,Lipophilicity,1,train
O=C(NS(=O)(=O)Cc1ccccc1)N1CCC(N2CCC(Oc3ccc(Cl)c(Cl)c3)CC2)CC1,O=C(NS(=O)(=O)Cc1ccccc1)N1CCC(N2CCC(Oc3ccc(Cl)c(Cl)c3)CC2)CC1,O=C(NS(=O)(=O)Cc1ccccc1)N1CCC(N2CCC(Oc3ccccc3)CC2)CC1,CHEMBL2171215,2.13,Lipophilicity,1,train
Cc1cc(NC(=O)Nc2ccc(Cl)cc2)n(-c2ccccc2)n1,Cc1cc(NC(=O)Nc2ccc(Cl)cc2)n(-c2ccccc2)n1,O=C(Nc1ccccc1)Nc1ccnn1-c1ccccc1,CHEMBL1716201,4.15,Lipophilicity,1,train
COc1ccc(NC(=O)c2ccnc(N)n2)cc1,COc1ccc(NC(=O)c2ccnc(N)n2)cc1,O=C(Nc1ccccc1)c1ccncn1,CHEMBL391565,1.72,Lipophilicity,1,train
O=C(N[C@@H](Cc1ccc(OCCc2ccc3c(n2)NCCC3)cc1)C(=O)O)c1c(Cl)cccc1Cl,O=C(NC(Cc1ccc(OCCc2ccc3c(n2)NCCC3)cc1)C(=O)O)c1c(Cl)cccc1Cl,O=C(NCCc1ccc(OCCc2ccc3c(n2)NCCC3)cc1)c1ccccc1,CHEMBL2031160,0.33,Lipophilicity,1,train
CCN(C(=O)Cc1ccc(S(C)(=O)=O)cc1)C1CCN(CCC(c2ccccc2)C2CCN(Cc3ccccc3)CC2)CC1,CCN(C(=O)Cc1ccc(S(C)(=O)=O)cc1)C1CCN(CCC(c2ccccc2)C2CCN(Cc3ccccc3)CC2)CC1,O=C(Cc1ccccc1)NC1CCN(CCC(c2ccccc2)C2CCN(Cc3ccccc3)CC2)CC1,CHEMBL1951904,2.41,Lipophilicity,1,train
CN(CCOc1ccc(CC2SC(=O)NC2=O)cc1)c1ccccn1,CN(CCOc1ccc(CC2SC(=O)NC2=O)cc1)c1ccccn1,O=C1NC(=O)C(Cc2ccc(OCCNc3ccccn3)cc2)S1,CHEMBL121,2.5,Lipophilicity,1,train
Cc1ccc(-c2nc3ccccc3[nH]2)cc1NC(=O)c1ccc(OCc2ccccn2)cc1,Cc1ccc(-c2nc3ccccc3[nH]2)cc1NC(=O)c1ccc(OCc2ccccn2)cc1,O=C(Nc1cccc(-c2nc3ccccc3[nH]2)c1)c1ccc(OCc2ccccn2)cc1,CHEMBL2059859,3.24,Lipophilicity,1,train
COc1cccc(Oc2cncnc2O)c1,COc1cccc(Oc2cncnc2O)c1,c1ccc(Oc2cncnc2)cc1,CHEMBL8232,0.59,Lipophilicity,1,train
O=C(NCC12CC3CC(CC(C3)C1)C2)c1cc(N2CCNCC2)ccc1Cl,O=C(NCC12CC3CC(CC(C3)C1)C2)c1cc(N2CCNCC2)ccc1Cl,O=C(NCC12CC3CC(CC(C3)C1)C2)c1cccc(N2CCNCC2)c1,CHEMBL393717,1.77,Lipophilicity,1,train
C[C@@H]1C2CCCC1(c1cccc(O)c1)CCN2C,CC1C2CCCC1(c1cccc(O)c1)CCN2C,c1ccc(C23CCCC(C2)NCC3)cc1,CHEMBL287726,0.52,Lipophilicity,1,train
Cc1oc(-c2ccccc2)cc1C(=O)Nc1cccc(C(=O)O)c1,Cc1oc(-c2ccccc2)cc1C(=O)Nc1cccc(C(=O)O)c1,O=C(Nc1ccccc1)c1coc(-c2ccccc2)c1,CHEMBL1531981,1.63,Lipophilicity,1,train
NC(=O)N1c2ccccc2C=Cc2ccccc21,NC(=O)N1c2ccccc2C=Cc2ccccc21,C1=Cc2ccccc2Nc2ccccc21,CHEMBL108,1.65,Lipophilicity,1,train
Nc1ccc(C(=O)Nc2cccc(-c3nc(N4CCOCC4)c4oc5ncccc5c4n3)c2)cn1,Nc1ccc(C(=O)Nc2cccc(-c3nc(N4CCOCC4)c4oc5ncccc5c4n3)c2)cn1,O=C(Nc1cccc(-c2nc(N3CCOCC3)c3oc4ncccc4c3n2)c1)c1cccnc1,CHEMBL2178735,3.44,Lipophilicity,1,train
O=C(c1ccc(Cl)cc1)C1CCN(C(=O)C2CC2)CC1,O=C(c1ccc(Cl)cc1)C1CCN(C(=O)C2CC2)CC1,O=C(c1ccccc1)C1CCN(C(=O)C2CC2)CC1,CHEMBL1721498,2.72,Lipophilicity,1,train
CN(CCOc1ccccc1-c1cc(C(N)=O)c(NC(N)=O)s1)Cc1ccccc1,CN(CCOc1ccccc1-c1cc(C(N)=O)c(NC(N)=O)s1)Cc1ccccc1,c1ccc(CNCCOc2ccccc2-c2cccs2)cc1,CHEMBL514980,3.46,Lipophilicity,1,train
CN1CCC(COc2cc(OC3CCOCC3)c3c(Nc4c(Cl)ccc5c4OCO5)ncnc3c2)CC1,CN1CCC(COc2cc(OC3CCOCC3)c3c(Nc4c(Cl)ccc5c4OCO5)ncnc3c2)CC1,c1cc(Nc2ncnc3cc(OCC4CCNCC4)cc(OC4CCOCC4)c23)c2c(c1)OCO2,CHEMBL216105,2.59,Lipophilicity,1,train
NC1(C(=O)N[C@@H](CCN2CCCCC2)c2ccc(Cl)cc2)CCN(c2ncnc3[nH]ccc23)CC1,NC1(C(=O)NC(CCN2CCCCC2)c2ccc(Cl)cc2)CCN(c2ncnc3[nH]ccc23)CC1,O=C(NC(CCN1CCCCC1)c1ccccc1)C1CCN(c2ncnc3[nH]ccc23)CC1,CHEMBL2325729,2.4,Lipophilicity,1,train
CCC(=O)NCC[C@@H]1CCc2ccc3c(c21)CCO3,CCC(=O)NCCC1CCc2ccc3c(c21)CCO3,c1cc2c(c3c1CCC3)CCO2,CHEMBL1218,2.57,Lipophilicity,1,train
CCC1(c2ccc(N)cc2)CCC(=O)NC1=O,CCC1(c2ccc(N)cc2)CCC(=O)NC1=O,O=C1CCC(c2ccccc2)C(=O)N1,CHEMBL488,0.6,Lipophilicity,1,train
O=C(CC12CC3CC(CC(C3)C1)C2)Nc1c(Cl)ccc2nc(CN3CCN(CCO)CC3)ccc12,O=C(CC12CC3CC(CC(C3)C1)C2)Nc1c(Cl)ccc2nc(CN3CCN(CCO)CC3)ccc12,O=C(CC12CC3CC(CC(C3)C1)C2)Nc1cccc2nc(CN3CCNCC3)ccc12,CHEMBL549620,2.93,Lipophilicity,1,train
COc1ncc(-c2cccc3c2C[C@H](NC(=O)c2ccc(OCC(F)(F)F)nc2)CO3)cn1,COc1ncc(-c2cccc3c2CC(NC(=O)c2ccc(OCC(F)(F)F)nc2)CO3)cn1,O=C(NC1COc2cccc(-c3cncnc3)c2C1)c1cccnc1,CHEMBL2069421,4.3,Lipophilicity,1,train
CC1CN(C(=O)c2nnc3c(-c4ncccn4)cccc3c2N)C1,CC1CN(C(=O)c2nnc3c(-c4ncccn4)cccc3c2N)C1,O=C(c1cc2cccc(-c3ncccn3)c2nn1)N1CCC1,CHEMBL1631473,1.21,Lipophilicity,1,train
Cn1cnc(-c2ccccc2)c1C#Cc1ccnc(N)n1,Cn1cnc(-c2ccccc2)c1C#Cc1ccnc(N)n1,C(#Cc1[nH]cnc1-c1ccccc1)c1ccncn1,CHEMBL499864,2.94,Lipophilicity,1,train
Cc1cc(=O)[nH]c2sc(C(=O)c3ccc(Br)cc3)c(N)c12,Cc1cc(=O)[nH]c2sc(C(=O)c3ccc(Br)cc3)c(N)c12,O=C(c1ccccc1)c1cc2ccc(=O)[nH]c2s1,CHEMBL570135,2.57,Lipophilicity,1,train
COc1ccc(CC(=O)Nc2nc3ccccc3[nH]2)cc1,COc1ccc(CC(=O)Nc2nc3ccccc3[nH]2)cc1,O=C(Cc1ccccc1)Nc1nc2ccccc2[nH]1,CHEMBL1472189,2.9,Lipophilicity,1,train
O=c1[nH]c2c(O)ccc([C@@H](O)CNCCc3cccc(CNCCCc4ccccc4)c3)c2s1,O=c1[nH]c2c(O)ccc(C(O)CNCCc3cccc(CNCCCc4ccccc4)c3)c2s1,O=c1[nH]c2cccc(CCNCCc3cccc(CNCCCc4ccccc4)c3)c2s1,CHEMBL1945037,1.11,Lipophilicity,1,train
O=C1O[C@@H](COc2ccon2)CN1c1ccc(C2=CCOCC2)c(F)c1,O=C1OC(COc2ccon2)CN1c1ccc(C2=CCOCC2)c(F)c1,O=C1OC(COc2ccon2)CN1c1ccc(C2=CCOCC2)cc1,CHEMBL341161,2.61,Lipophilicity,1,train
O=C(NC1Cc2ccccc2N(CC(=O)N2CCC(O)CC2)C1=O)c1cc2cc(Cl)sc2[nH]1,O=C(NC1Cc2ccccc2N(CC(=O)N2CCC(O)CC2)C1=O)c1cc2cc(Cl)sc2[nH]1,O=C(NC1Cc2ccccc2N(CC(=O)N2CCCCC2)C1=O)c1cc2ccsc2[nH]1,CHEMBL397192,2.86,Lipophilicity,1,train
CC(C)Cn1c(=O)n(C)c(=O)c2c(SC3CCCCC3)c(Cc3ccccc3C(F)(F)F)sc21,CC(C)Cn1c(=O)n(C)c(=O)c2c(SC3CCCCC3)c(Cc3ccccc3C(F)(F)F)sc21,O=c1[nH]c(=O)c2c(SC3CCCCC3)c(Cc3ccccc3)sc2[nH]1,CHEMBL377309,4.14,Lipophilicity,1,train
O=c1[nH]c(S)nc2[nH]cnc12,O=c1[nH]c(S)nc2[nH]cnc12,O=c1[nH]cnc2[nH]cnc12,CHEMBL218762,-1.48,Lipophilicity,1,train
O=C(CO)N1CCC[C@@H]1COc1cccc2ncnc(Nc3ccc(OCc4ccccn4)c(Cl)c3)c12,O=C(CO)N1CCCC1COc1cccc2ncnc(Nc3ccc(OCc4ccccn4)c(Cl)c3)c12,c1ccc(COc2ccc(Nc3ncnc4cccc(OCC5CCCN5)c34)cc2)nc1,CHEMBL249927,3.665,Lipophilicity,2,train
Cc1ccc(C(=O)NC2CCC2)cc1-n1cnc2ccc(N3CCN(C)CC3)cc2c1=O,Cc1ccc(C(=O)NC2CCC2)cc1-n1cnc2ccc(N3CCN(C)CC3)cc2c1=O,O=C(NC1CCC1)c1cccc(-n2cnc3ccc(N4CCNCC4)cc3c2=O)c1,CHEMBL2031464,2.25,Lipophilicity,1,train
C#CC[C@@H](C(=O)N[C@H](/C=C/C(=O)OCC)C[C@@H]1CCNC1=O)n1cccc(NC(=O)c2cc(C)on2)c1=O,C#CCC(C(=O)NC(C=CC(=O)OCC)CC1CCNC1=O)n1cccc(NC(=O)c2cc(C)on2)c1=O,O=C(Cn1cccc(NC(=O)c2ccon2)c1=O)NCCC1CCNC1=O,CHEMBL141157,1.75,Lipophilicity,1,train
O=S(=O)(Nc1ncc(Cl)s1)c1cc(F)c(Oc2ccc(F)cc2-c2cn[nH]c2)cc1F,O=S(=O)(Nc1ncc(Cl)s1)c1cc(F)c(Oc2ccc(F)cc2-c2cn[nH]c2)cc1F,O=S(=O)(Nc1nccs1)c1ccc(Oc2ccccc2-c2cn[nH]c2)cc1,CHEMBL2323303,2.7,Lipophilicity,1,train
CCN[C@H]1C[C@H](C)S(=O)(=O)c2sc(S(N)(=O)=O)cc21,CCNC1CC(C)S(=O)(=O)c2sc(S(N)(=O)=O)cc21,O=S1(=O)CCCc2ccsc21,CHEMBL218490,0.27,Lipophilicity,1,train
COC(=O)[C@@H]1C2CCC(C[C@@H]1c1ccc(I)cc1)N2CCCF,COC(=O)C1C(c2ccc(I)cc2)CC2CCC1N2CCCF,c1ccc(C2CC3CCC(C2)N3)cc1,CHEMBL2110569,2.3,Lipophilicity,1,train
CNc1cccc(CCCc2ccc(C[C@H](NC(=O)c3c(Cl)cccc3Cl)C(=O)O)cc2)n1,CNc1cccc(CCCc2ccc(CC(NC(=O)c3c(Cl)cccc3Cl)C(=O)O)cc2)n1,O=C(NCCc1ccc(CCCc2ccccn2)cc1)c1ccccc1,CHEMBL2030963,0.57,Lipophilicity,1,train
COc1c(C)cnc(Cn2cnc3c(Cl)nc(N)nc32)c1C,COc1c(C)cnc(Cn2cnc3c(Cl)nc(N)nc32)c1C,c1ccc(Cn2cnc3cncnc32)nc1,CHEMBL467399,1.67,Lipophilicity,1,train
NC1C2CN(c3nc4c(cc3F)c(=O)c(C(=O)O)cn4-c3ccc(F)cc3F)CC12,NC1C2CN(c3nc4c(cc3F)c(=O)c(C(=O)O)cn4-c3ccc(F)cc3F)CC12,O=c1ccn(-c2ccccc2)c2nc(N3CC4CC4C3)ccc12,CHEMBL1624529,0.3,Lipophilicity,1,train
O=C(O)c1cc(N=Nc2ccc(S(=O)(=O)Nc3ccccn3)cc2)ccc1O,O=C(O)c1cc(N=Nc2ccc(S(=O)(=O)Nc3ccccn3)cc2)ccc1O,O=S(=O)(Nc1ccccn1)c1ccc(N=Nc2ccccc2)cc1,CHEMBL421,-0.58,Lipophilicity,1,train
O=C(CC1CCN(Cc2ccn(-c3ccc(C(F)(F)F)cc3)c2)CC1)N(CCCO)Cc1ccc(F)cc1,O=C(CC1CCN(Cc2ccn(-c3ccc(C(F)(F)F)cc3)c2)CC1)N(CCCO)Cc1ccc(F)cc1,O=C(CC1CCN(Cc2ccn(-c3ccccc3)c2)CC1)NCc1ccccc1,CHEMBL549635,3.04,Lipophilicity,1,train
COc1cccc(-c2ccc(/C=C3\SC(=S)N([C@@H](Cc4ccccc4)C(=O)O)C3=O)cn2)c1OC,COc1cccc(-c2ccc(C=C3SC(=S)N(C(Cc4ccccc4)C(=O)O)C3=O)cn2)c1OC,O=C1C(=Cc2ccc(-c3ccccc3)nc2)SC(=S)N1CCc1ccccc1,CHEMBL605114,1.5,Lipophilicity,1,train
NC(=O)N1c2ccccc2CC(=O)c2ccccc21,NC(=O)N1c2ccccc2CC(=O)c2ccccc21,O=C1Cc2ccccc2Nc2ccccc21,CHEMBL1068,1.28,Lipophilicity,1,train
Nc1ncnc2sccc12,Nc1ncnc2sccc12,c1ncc2ccsc2n1,CHEMBL1972934,1.19,Lipophilicity,1,train
O=C(Nc1ccc(N2CCOCC2)nc1)c1nnc(Nc2cccc(OCc3ccccn3)c2)o1,O=C(Nc1ccc(N2CCOCC2)nc1)c1nnc(Nc2cccc(OCc3ccccn3)c2)o1,O=C(Nc1ccc(N2CCOCC2)nc1)c1nnc(Nc2cccc(OCc3ccccn3)c2)o1,CHEMBL2036731,3.1,Lipophilicity,1,train
Nc1nc2nc(-c3cccs3)cc(C(F)(F)F)n2n1,Nc1nc2nc(-c3cccs3)cc(C(F)(F)F)n2n1,c1csc(-c2ccn3ncnc3n2)c1,CHEMBL1327979,2.01,Lipophilicity,1,train
COc1ccc(-c2ccc3nc(N)sc3c2)cn1,COc1ccc(-c2ccc3nc(N)sc3c2)cn1,c1cncc(-c2ccc3ncsc3c2)c1,CHEMBL1645105,3.2,Lipophilicity,1,train
Cc1cccc(NC(=O)NCC(c2cccnc2)N2CCOCC2)c1,Cc1cccc(NC(=O)NCC(c2cccnc2)N2CCOCC2)c1,O=C(NCC(c1cccnc1)N1CCOCC1)Nc1ccccc1,CHEMBL1718354,2.0,Lipophilicity,1,train
NC(=O)c1cncc(O[C@H]2C[C@H]3CC[C@@H](C2)N3Cc2ccccc2)n1,NC(=O)c1cncc(OC2CC3CCC(C2)N3Cc2ccccc2)n1,c1ccc(CN2C3CCC2CC(Oc2cnccn2)C3)cc1,CHEMBL1224138,1.1,Lipophilicity,1,train
O=C(c1ccc(F)cc1)C1CCN(CCn2c(=O)[nH]c3ccccc3c2=O)CC1,O=C(c1ccc(F)cc1)C1CCN(CCn2c(=O)[nH]c3ccccc3c2=O)CC1,O=C(c1ccccc1)C1CCN(CCn2c(=O)[nH]c3ccccc3c2=O)CC1,CHEMBL51,2.9,Lipophilicity,1,train
Nc1cccc2c1C(=O)N(Cc1cccc(Cl)c1)C2=O,Nc1cccc2c1C(=O)N(Cc1cccc(Cl)c1)C2=O,O=C1c2ccccc2C(=O)N1Cc1ccccc1,CHEMBL1574146,3.18,Lipophilicity,1,train
CNC(=O)c1[nH]cnc1C(=O)Nc1ccc(OC)cc1,CNC(=O)c1[nH]cnc1C(=O)Nc1ccc(OC)cc1,O=C(Nc1ccccc1)c1c[nH]cn1,CHEMBL1378202,2.2,Lipophilicity,1,train
Cc1ncsc1CCOCCCS(=O)(=O)CCNCCc1ccc(O)c2nc(O)sc12,Cc1ncsc1CCOCCCS(=O)(=O)CCNCCc1ccc(O)c2nc(O)sc12,O=S(=O)(CCCOCCc1cncs1)CCNCCc1cccc2ncsc12,CHEMBL320971,1.44,Lipophilicity,1,train
COc1c(C)c2c(c(O)c1C/C=C(\C)CCC(=O)OCCN1CCOCC1)C(=O)OC2,COc1c(C)c2c(c(O)c1CC=C(C)CCC(=O)OCCN1CCOCC1)C(=O)OC2,O=C(CCC=CCc1ccc2c(c1)C(=O)OC2)OCCN1CCOCC1,CHEMBL1456,2.26,Lipophilicity,1,train
O=C(C1CCN(c2nnc(-n3cccc3)s2)CC1)N1CCN(Cc2ccc3c(c2)OCO3)CC1,O=C(C1CCN(c2nnc(-n3cccc3)s2)CC1)N1CCN(Cc2ccc3c(c2)OCO3)CC1,O=C(C1CCN(c2nnc(-n3cccc3)s2)CC1)N1CCN(Cc2ccc3c(c2)OCO3)CC1,CHEMBL1486517,2.5,Lipophilicity,1,train
COc1ccc(-c2nc(N)s[n+]2-c2ccccc2)cc1,COc1ccc(-c2nc(N)s[n+]2-c2ccccc2)cc1,c1ccc(-c2ncs[n+]2-c2ccccc2)cc1,CHEMBL1739708,2.19,Lipophilicity,1,train
Cc1ncc2n1-c1ccc(Cl)cc1C(c1ccccc1F)=NC2,Cc1ncc2n1-c1ccc(Cl)cc1C(c1ccccc1F)=NC2,c1ccc(C2=NCc3cncn3-c3ccccc32)cc1,CHEMBL655,3.4,Lipophilicity,1,train
Cc1ccc(-c2nnc(N3CCN(C(=O)c4ccco4)CC3)c3ccccc23)cc1,Cc1ccc(-c2nnc(N3CCN(C(=O)c4ccco4)CC3)c3ccccc23)cc1,O=C(c1ccco1)N1CCN(c2nnc(-c3ccccc3)c3ccccc23)CC1,CHEMBL1508646,3.78,Lipophilicity,1,train
O=C(Nc1c[nH]nc1-c1nc2cc(CN3CCOCC3)ccc2[nH]1)NC1CC1,O=C(Nc1c[nH]nc1-c1nc2cc(CN3CCOCC3)ccc2[nH]1)NC1CC1,O=C(Nc1c[nH]nc1-c1nc2cc(CN3CCOCC3)ccc2[nH]1)NC1CC1,CHEMBL495727,2.3,Lipophilicity,1,train
Cc1nc(Nc2ncc(C(=O)Nc3c(C)cccc3Cl)s2)cc(N2CCN(CCO)CC2)n1,Cc1nc(Nc2ncc(C(=O)Nc3c(C)cccc3Cl)s2)cc(N2CCN(CCO)CC2)n1,O=C(Nc1ccccc1)c1cnc(Nc2cc(N3CCNCC3)ncn2)s1,CHEMBL1421,3.41,Lipophilicity,1,train
Nc1cccc(CCc2ccc3cc[nH]c3c2)n1,Nc1cccc(CCc2ccc3cc[nH]c3c2)n1,c1ccc(CCc2ccc3cc[nH]c3c2)nc1,CHEMBL221118,2.8,Lipophilicity,1,train
Clc1cccc(-n2nnnc2NCc2ccccc2Oc2ccccn2)c1Cl,Clc1cccc(-n2nnnc2NCc2ccccc2Oc2ccccn2)c1Cl,c1ccc(-n2nnnc2NCc2ccccc2Oc2ccccn2)cc1,CHEMBL1628691,3.62,Lipophilicity,1,train
CCCSc1nc(Oc2ccc(CC(=O)O)cc2)ccc1C(=O)NC1CCCCC1,CCCSc1nc(Oc2ccc(CC(=O)O)cc2)ccc1C(=O)NC1CCCCC1,O=C(NC1CCCCC1)c1ccc(Oc2ccccc2)nc1,CHEMBL2153185,1.79,Lipophilicity,1,train
CNc1c(Br)cnc2[nH]c(-c3ccc(OCCN4CCCCC4)cc3)nc12,CNc1c(Br)cnc2[nH]c(-c3ccc(OCCN4CCCCC4)cc3)nc12,c1cnc2[nH]c(-c3ccc(OCCN4CCCCC4)cc3)nc2c1,CHEMBL2011895,2.56,Lipophilicity,1,train
C[C@H](N)C(=O)N[C@H](/C=C/S(=O)(=O)c1ccccc1)CCc1ccccc1,CC(N)C(=O)NC(C=CS(=O)(=O)c1ccccc1)CCc1ccccc1,O=S(=O)(C=CCCCc1ccccc1)c1ccccc1,CHEMBL1242565,1.66,Lipophilicity,1,train
Cn1c(=O)c2nc(-c3cccnc3)[nH]c2n(C)c1=O,Cn1c(=O)c2nc(-c3cccnc3)[nH]c2n(C)c1=O,O=c1[nH]c(=O)c2nc(-c3cccnc3)[nH]c2[nH]1,CHEMBL368473,0.7,Lipophilicity,1,train
CC(c1ccccc1)N1Cc2ccccc2C1=O,CC(c1ccccc1)N1Cc2ccccc2C1=O,O=C1c2ccccc2CN1Cc1ccccc1,CHEMBL44245,3.0,Lipophilicity,1,train
CN1CCN(CC(=O)N2c3ccccc3C(=O)Nc3cccnc32)CC1,CN1CCN(CC(=O)N2c3ccccc3C(=O)Nc3cccnc32)CC1,O=C1Nc2cccnc2N(C(=O)CN2CCNCC2)c2ccccc21,CHEMBL9967,-0.49,Lipophilicity,1,train
CC(C)(C)NS(=O)(=O)c1cncc(-c2ccc3nc(NC(=O)NCC(=O)N4CCOCC4)nn3c2)c1,CC(C)(C)NS(=O)(=O)c1cncc(-c2ccc3nc(NC(=O)NCC(=O)N4CCOCC4)nn3c2)c1,O=C(NCC(=O)N1CCOCC1)Nc1nc2ccc(-c3cccnc3)cn2n1,CHEMBL2057372,0.96,Lipophilicity,1,train
NC(=O)C(c1ccccc1)(c1ccccc1)[C@@H]1CCN(CCc2ccc3c(c2)CCO3)C1,NC(=O)C(c1ccccc1)(c1ccccc1)C1CCN(CCc2ccc3c(c2)CCO3)C1,c1ccc(C(c2ccccc2)C2CCN(CCc3ccc4c(c3)CCO4)C2)cc1,CHEMBL1346,2.79,Lipophilicity,1,train
O=C(CO)N1CCC(c2n[nH]c(-c3ccc(Cl)cc3)c2-c2ccncn2)CC1,O=C(CO)N1CCC(c2n[nH]c(-c3ccc(Cl)cc3)c2-c2ccncn2)CC1,c1ccc(-c2[nH]nc(C3CCNCC3)c2-c2ccncn2)cc1,CHEMBL1090173,1.85,Lipophilicity,1,train
CN(C)c1nc(N[C@H]2CC[C@@H](NC(=O)c3ccc(F)c(F)c3)CC2)nc2ccccc12,CN(C)c1nc(NC2CCC(NC(=O)c3ccc(F)c(F)c3)CC2)nc2ccccc12,O=C(NC1CCC(Nc2ncc3ccccc3n2)CC1)c1ccccc1,CHEMBL182150,3.13,Lipophilicity,1,train
Cc1cccc(NC(=O)c2ccc(-c3ccccc3)c(C#N)c2)n1,Cc1cccc(NC(=O)c2ccc(-c3ccccc3)c(C#N)c2)n1,O=C(Nc1ccccn1)c1ccc(-c2ccccc2)cc1,CHEMBL466006,3.71,Lipophilicity,1,train
c1csc(Cn2nnnc2CN2CCN(c3nc4ccccc4s3)CC2)c1,c1csc(Cn2nnnc2CN2CCN(c3nc4ccccc4s3)CC2)c1,c1csc(Cn2nnnc2CN2CCN(c3nc4ccccc4s3)CC2)c1,CHEMBL1425658,3.65,Lipophilicity,1,train
N#Cc1ccc(-c2csc(Nc3ccc(O)cc3)n2)cc1,N#Cc1ccc(-c2csc(Nc3ccc(O)cc3)n2)cc1,c1ccc(Nc2nc(-c3ccccc3)cs2)cc1,CHEMBL1081627,4.1,Lipophilicity,1,train
Cc1cc2n[nH]c(=O)n2c2cc(-c3ccc(C(=O)N4CCOCC4)cc3)ccc12,Cc1cc2n[nH]c(=O)n2c2cc(-c3ccc(C(=O)N4CCOCC4)cc3)ccc12,O=C(c1ccc(-c2ccc3ccc4n[nH]c(=O)n4c3c2)cc1)N1CCOCC1,CHEMBL1223246,2.77,Lipophilicity,1,train
CCCCCCCN(CCc1ccc(OC(C)(C)C(=O)O)cc1)C(=O)Nc1ccc(F)cc1F,CCCCCCCN(CCc1ccc(OC(C)(C)C(=O)O)cc1)C(=O)Nc1ccc(F)cc1F,O=C(NCCc1ccccc1)Nc1ccccc1,CHEMBL124842,1.93,Lipophilicity,1,train
Cc1ccccc1NC(=O)CCS(=O)(=O)c1ccc(Br)s1,Cc1ccccc1NC(=O)CCS(=O)(=O)c1ccc(Br)s1,O=C(CCS(=O)(=O)c1cccs1)Nc1ccccc1,CHEMBL1412343,2.7,Lipophilicity,1,train
N#Cc1cnn2c(NC3CC3)cc(-c3cccs3)nc12,N#Cc1cnn2c(NC3CC3)cc(-c3cccs3)nc12,c1csc(-c2cc(NC3CC3)n3nccc3n2)c1,CHEMBL2062559,2.88,Lipophilicity,1,train
CCCc1c(OCc2ccc(/C=C/c3nn[nH]n3)cc2)ccc(C(C)=O)c1O,CCCc1c(OCc2ccc(C=Cc3nn[nH]n3)cc2)ccc(C(C)=O)c1O,C(=Cc1nn[nH]n1)c1ccc(COc2ccccc2)cc1,CHEMBL167176,3.3,Lipophilicity,1,train
COc1c(N2C[C@@H]3CCCN[C@@H]3C2)c(F)cc2c(=O)c(C(=O)O)cn(C3CC3)c12,COc1c(N2CC3CCCNC3C2)c(F)cc2c(=O)c(C(=O)O)cn(C3CC3)c12,O=c1ccn(C2CC2)c2cc(N3CC4CCCNC4C3)ccc12,CHEMBL32,-0.18,Lipophilicity,1,train
O=C1C(=O)c2cc(-c3ccsc3)ccc2-c2ccccc21,O=C1C(=O)c2cc(-c3ccsc3)ccc2-c2ccccc21,O=C1C(=O)c2cc(-c3ccsc3)ccc2-c2ccccc21,CHEMBL51583,3.1,Lipophilicity,1,train
Cn1c(=O)c(Oc2ccc(F)cc2F)cc2cnc(NC3CCOCC3)nc21,Cn1c(=O)c(Oc2ccc(F)cc2F)cc2cnc(NC3CCOCC3)nc21,O=c1[nH]c2nc(NC3CCOCC3)ncc2cc1Oc1ccccc1,CHEMBL1230122,2.76,Lipophilicity,1,train
Cc1c(Sc2ccc(Cl)cc2)c2c(-c3ccccc3)cccc2n1CC(=O)O,Cc1c(Sc2ccc(Cl)cc2)c2c(-c3ccccc3)cccc2n1CC(=O)O,c1ccc(Sc2c[nH]c3cccc(-c4ccccc4)c23)cc1,CHEMBL1917438,2.61,Lipophilicity,1,train
CC(C)OC(=O)c1cn(Cc2c(F)cccc2F)c2sc(-c3ccc(NC(=O)C(C)C)cc3)c(CN(C)Cc3ccccc3)c2c1=O,CC(C)OC(=O)c1cn(Cc2c(F)cccc2F)c2sc(-c3ccc(NC(=O)C(C)C)cc3)c(CN(C)Cc3ccccc3)c2c1=O,O=c1ccn(Cc2ccccc2)c2sc(-c3ccccc3)c(CNCc3ccccc3)c12,CHEMBL71917,3.5,Lipophilicity,1,train
COc1cc2c(cc1OC)C(=O)C(CC1CCN(Cc3ccccc3)CC1)C2,COc1cc2c(cc1OC)C(=O)C(CC1CCN(Cc3ccccc3)CC1)C2,O=C1c2ccccc2CC1CC1CCN(Cc2ccccc2)CC1,CHEMBL502,2.41,Lipophilicity,1,train
CC(=O)N1CCN(c2ccc(NC(=O)c3nnc(Nc4ccccc4F)o3)cc2)CC1,CC(=O)N1CCN(c2ccc(NC(=O)c3nnc(Nc4ccccc4F)o3)cc2)CC1,O=C(Nc1ccc(N2CCNCC2)cc1)c1nnc(Nc2ccccc2)o1,CHEMBL2036577,2.51,Lipophilicity,1,train
Cc1cc(Nc2ccc(F)cc2)nc(N)n1,Cc1cc(Nc2ccc(F)cc2)nc(N)n1,c1ccc(Nc2ccncn2)cc1,CHEMBL1586302,2.08,Lipophilicity,1,train
COc1ccc(NC(=O)c2ccc(-c3ccncc3)c(C)c2)cc1N1CCN(C)CC1,COc1ccc(NC(=O)c2ccc(-c3ccncc3)c(C)c2)cc1N1CCN(C)CC1,O=C(Nc1cccc(N2CCNCC2)c1)c1ccc(-c2ccncc2)cc1,CHEMBL1908856,2.56,Lipophilicity,1,train
CCn1c(SCC(=O)Nc2c(C#N)cnn2-c2ccccc2)nnc1-c1cccs1,CCn1c(SCC(=O)Nc2c(C#N)cnn2-c2ccccc2)nnc1-c1cccs1,O=C(CSc1nnc(-c2cccs2)[nH]1)Nc1ccnn1-c1ccccc1,CHEMBL1718768,2.1,Lipophilicity,1,train
CCn1cnc2cnc(-c3ccc(C4(N)CCC4)cc3)c(-c3ccccc3)c21,CCn1cnc2cnc(-c3ccc(C4(N)CCC4)cc3)c(-c3ccccc3)c21,c1ccc(-c2c(-c3ccc(C4CCC4)cc3)ncc3nc[nH]c23)cc1,CHEMBL2035026,2.0,Lipophilicity,1,train
COc1ccc(CNC(=O)c2ccc(Oc3ccc(C#C[C@]4(O)CN5CCC4CC5)cc3)cc2)nc1,COc1ccc(CNC(=O)c2ccc(Oc3ccc(C#CC4(O)CN5CCC4CC5)cc3)cc2)nc1,O=C(NCc1ccccn1)c1ccc(Oc2ccc(C#CC3CN4CCC3CC4)cc2)cc1,CHEMBL1940286,3.1,Lipophilicity,1,train
O=C(NC1CCCCC1)N1CCN(c2ccccc2Cl)CC1,O=C(NC1CCCCC1)N1CCN(c2ccccc2Cl)CC1,O=C(NC1CCCCC1)N1CCN(c2ccccc2)CC1,CHEMBL1464754,3.78,Lipophilicity,1,train
CCC(c1nc2ccn(C)c2c(=O)n1Cc1ccccc1)N(CCCN)C(=O)c1ccc(C)cc1,CCC(c1nc2ccn(C)c2c(=O)n1Cc1ccccc1)N(CCCN)C(=O)c1ccc(C)cc1,O=C(NCc1nc2cc[nH]c2c(=O)n1Cc1ccccc1)c1ccccc1,CHEMBL1829423,1.8,Lipophilicity,1,train
O=S(=O)(C1CCNCC1)C1(c2cc(N3CCOCC3)nc(-c3cccc4[nH]ccc34)n2)CC1,O=S(=O)(C1CCNCC1)C1(c2cc(N3CCOCC3)nc(-c3cccc4[nH]ccc34)n2)CC1,O=S(=O)(C1CCNCC1)C1(c2cc(N3CCOCC3)nc(-c3cccc4[nH]ccc34)n2)CC1,CHEMBL2325710,1.1,Lipophilicity,1,train
CNS(=O)(=O)CCc1ccc2[nH]cc(C3CCN(C)CC3)c2c1,CNS(=O)(=O)CCc1ccc2[nH]cc(C3CCN(C)CC3)c2c1,c1ccc2c(C3CCNCC3)c[nH]c2c1,CHEMBL1278,0.48,Lipophilicity,1,train
Cn1c(N)nc(CCc2cccc(-c3ccccc3)c2)cc1=O,Cn1c(N)nc(CCc2cccc(-c3ccccc3)c2)cc1=O,O=c1cc(CCc2cccc(-c3ccccc3)c2)nc[nH]1,CHEMBL393501,3.8,Lipophilicity,1,train
COc1cc(C(=O)N2CC[C@](CCN3CCC(C(N)=O)(c4ccccc4)CC3)(c3ccc(Cl)c(Cl)c3)C2)cc(OC)c1OC,COc1cc(C(=O)N2CCC(CCN3CCC(C(N)=O)(c4ccccc4)CC3)(c3ccc(Cl)c(Cl)c3)C2)cc(OC)c1OC,O=C(c1ccccc1)N1CCC(CCN2CCC(c3ccccc3)CC2)(c2ccccc2)C1,CHEMBL330366,3.23,Lipophilicity,1,train
O=c1[nH]c2c(O)ccc([C@@H](O)CNCCc3cccc(CN4CCCC4)c3)c2s1,O=c1[nH]c2c(O)ccc(C(O)CNCCc3cccc(CN4CCCC4)c3)c2s1,O=c1[nH]c2cccc(CCNCCc3cccc(CN4CCCC4)c3)c2s1,CHEMBL1945294,-0.28,Lipophilicity,1,train
Cc1ccc([N+](=O)[O-])cc1S(=O)(=O)n1ccc(-c2c(C)nc3ccc(Br)cn23)n1,Cc1ccc([N+](=O)[O-])cc1S(=O)(=O)n1ccc(-c2c(C)nc3ccc(Br)cn23)n1,O=S(=O)(c1ccccc1)n1ccc(-c2cnc3ccccn23)n1,CHEMBL224769,3.52,Lipophilicity,1,train
COc1ccc(CC(=O)NC(N/C(=N/C#N)Nc2ccccc2C)C(C)(C)C)cc1OC,COc1ccc(CC(=O)NC(NC(=NC#N)Nc2ccccc2C)C(C)(C)C)cc1OC,N=C(NCNC(=O)Cc1ccccc1)Nc1ccccc1,CHEMBL255536,2.48,Lipophilicity,1,train
Clc1ccc(COC(Cn2ccnc2)c2ccc(Cl)cc2Cl)cc1,Clc1ccc(COC(Cn2ccnc2)c2ccc(Cl)cc2Cl)cc1,c1ccc(COC(Cn2ccnc2)c2ccccc2)cc1,CHEMBL808,2.54,Lipophilicity,1,train
C1=CCC(c2ccc3ccccc3c2)CNC1,C1=CCC(c2ccc3ccccc3c2)CNC1,C1=CCC(c2ccc3ccccc3c2)CNC1,CHEMBL2322001,1.64,Lipophilicity,1,train
COc1cc2ncn(-c3cc(OCc4ccccc4C(F)(F)F)c(C(=O)O)s3)c2cc1OC,COc1cc2ncn(-c3cc(OCc4ccccc4C(F)(F)F)c(C(=O)O)s3)c2cc1OC,c1ccc(COc2csc(-n3cnc4ccccc43)c2)cc1,CHEMBL474432,0.84,Lipophilicity,1,train
O=C(Nc1ccc(N2CCOCC2)cc1)c1nnc(NC(=O)C2(c3ccc(Cl)cc3)CCCC2)o1,O=C(Nc1ccc(N2CCOCC2)cc1)c1nnc(NC(=O)C2(c3ccc(Cl)cc3)CCCC2)o1,O=C(Nc1ccc(N2CCOCC2)cc1)c1nnc(NC(=O)C2(c3ccccc3)CCCC2)o1,CHEMBL2036739,3.72,Lipophilicity,1,train
NC1(c2ccc(-c3nc4ccn5c(=O)[nH]nc5c4cc3-c3ccccc3)cc2)CCC1,NC1(c2ccc(-c3nc4ccn5c(=O)[nH]nc5c4cc3-c3ccccc3)cc2)CCC1,O=c1[nH]nc2c3cc(-c4ccccc4)c(-c4ccc(C5CCC5)cc4)nc3ccn12,CHEMBL1079175,2.5,Lipophilicity,1,train
COc1ccc(Cl)cc1NC(=O)Nc1cnccn1,COc1ccc(Cl)cc1NC(=O)Nc1cnccn1,O=C(Nc1ccccc1)Nc1cnccn1,CHEMBL1306071,3.63,Lipophilicity,1,train
Cc1c(C(=O)Nc2ccccc2)sc2ncnc(O)c12,Cc1c(C(=O)Nc2ccccc2)sc2ncnc(O)c12,O=C(Nc1ccccc1)c1cc2cncnc2s1,CHEMBL1478592,2.13,Lipophilicity,1,train
CS(=O)(=O)c1ccc(C(CCNC(=O)c2ccc(C#N)cc2)c2ccc(F)cc2)cc1,CS(=O)(=O)c1ccc(C(CCNC(=O)c2ccc(C#N)cc2)c2ccc(F)cc2)cc1,O=C(NCCC(c1ccccc1)c1ccccc1)c1ccccc1,CHEMBL556716,2.9,Lipophilicity,1,train
CN(C)c1ncnc2nc[nH]c12,CN(C)c1ncnc2nc[nH]c12,c1ncc2[nH]cnc2n1,CHEMBL407391,0.95,Lipophilicity,1,train
CC(C)C[C@H](NC(=O)N1CCOCC1)C(=O)NCC#N,CC(C)CC(NC(=O)N1CCOCC1)C(=O)NCC#N,C1COCCN1,CHEMBL153370,0.08,Lipophilicity,1,train
O=C(c1ccc(OCCN2CCCCC2)cc1)c1c(-c2ccc(O)cc2)sc2cc(O)ccc12,O=C(c1ccc(OCCN2CCCCC2)cc1)c1c(-c2ccc(O)cc2)sc2cc(O)ccc12,O=C(c1ccc(OCCN2CCCCC2)cc1)c1c(-c2ccccc2)sc2ccccc12,CHEMBL81,4.13,Lipophilicity,1,train
CC(C)(C)c1cc(O)n2nc(N)nc2n1,CC(C)(C)c1cc(O)n2nc(N)nc2n1,c1cnc2ncnn2c1,CHEMBL1508448,-0.2,Lipophilicity,1,train
CCCc1c(OCc2cccc(NC(=O)c3ccccc3C(=O)O)c2)ccc(C(C)=O)c1O,CCCc1c(OCc2cccc(NC(=O)c3ccccc3C(=O)O)c2)ccc(C(C)=O)c1O,O=C(Nc1cccc(COc2ccccc2)c1)c1ccccc1,CHEMBL424378,1.9,Lipophilicity,1,train
C[C@@]1(C(=O)Nc2ccc(F)nc2)CCCN1c1nc(Nc2cc(C3CC3)[nH]n2)c2cccn2n1,CC1(C(=O)Nc2ccc(F)nc2)CCCN1c1nc(Nc2cc(C3CC3)[nH]n2)c2cccn2n1,O=C(Nc1cccnc1)C1CCCN1c1nc(Nc2cc(C3CC3)[nH]n2)c2cccn2n1,CHEMBL575448,3.16,Lipophilicity,1,train
CCCc1c(O)c(O)c(C(=O)O)c2cc(Cc3ccccc3)c(C)cc12,CCCc1c(O)c(O)c(C(=O)O)c2cc(Cc3ccccc3)c(C)cc12,c1ccc(Cc2ccc3ccccc3c2)cc1,CHEMBL126519,2.6,Lipophilicity,1,train
CN1CCCC(n2nc(Cc3ccc(Cl)cc3)c3ccccc3c2=O)CC1,CN1CCCC(n2nc(Cc3ccc(Cl)cc3)c3ccccc3c2=O)CC1,O=c1c2ccccc2c(Cc2ccccc2)nn1C1CCCNCC1,CHEMBL639,2.46,Lipophilicity,1,train
CC[C@@H](Nc1c(Nc2cccc(C(=O)N(C)C)c2O)c(=O)c1=O)c1ccc(C)o1,CCC(Nc1c(Nc2cccc(C(=O)N(C)C)c2O)c(=O)c1=O)c1ccc(C)o1,O=c1c(NCc2ccco2)c(Nc2ccccc2)c1=O,CHEMBL216981,2.32,Lipophilicity,1,train
O=C(NC[C@@H](O)CN1CCC(Oc2ccc(Cl)c(Cl)c2)CC1)c1c[nH]nc1C1CC1,O=C(NCC(O)CN1CCC(Oc2ccc(Cl)c(Cl)c2)CC1)c1c[nH]nc1C1CC1,O=C(NCCCN1CCC(Oc2ccccc2)CC1)c1c[nH]nc1C1CC1,CHEMBL2207661,3.15,Lipophilicity,1,train
COc1cc(C(=O)NS(=O)(=O)c2ccccc2)ccc1Cn1ccc2ccc(C(=O)NCC3CCCC3)cc21,COc1cc(C(=O)NS(=O)(=O)c2ccccc2)ccc1Cn1ccc2ccc(C(=O)NCC3CCCC3)cc21,O=C(NCC1CCCC1)c1ccc2ccn(Cc3ccc(C(=O)NS(=O)(=O)c4ccccc4)cc3)c2c1,CHEMBL79537,1.93,Lipophilicity,1,train
NC(=O)c1ccc(O[C@H]2C[C@H]3CC[C@@H](C2)N3Cc2ccccc2)cn1,NC(=O)c1ccc(OC2CC3CCC(C2)N3Cc2ccccc2)cn1,c1ccc(CN2C3CCC2CC(Oc2cccnc2)C3)cc1,CHEMBL1224285,1.51,Lipophilicity,1,train
CCCCCc1cc(=O)[nH]c(N)n1,CCCCCc1cc(=O)[nH]c(N)n1,O=c1ccnc[nH]1,CHEMBL235619,1.62,Lipophilicity,1,train
COc1cc(C(=O)Nc2ccc(Cl)c(-c3nc4ccccc4[nH]3)c2)cc(OC)c1OC,COc1cc(C(=O)Nc2ccc(Cl)c(-c3nc4ccccc4[nH]3)c2)cc(OC)c1OC,O=C(Nc1cccc(-c2nc3ccccc3[nH]2)c1)c1ccccc1,CHEMBL568011,3.83,Lipophilicity,1,train
COc1ccc(-c2nc3c(NCCCNC(=O)C4CCCC4)c(C(N)=O)cnc3[nH]2)cc1,COc1ccc(-c2nc3c(NCCCNC(=O)C4CCCC4)c(C(N)=O)cnc3[nH]2)cc1,O=C(NCCCNc1ccnc2[nH]c(-c3ccccc3)nc12)C1CCCC1,CHEMBL2011943,3.13,Lipophilicity,1,train
O=c1[nH]c2c(O)ccc([C@@H](O)CNCCCOCCNCCc3cccc(Cl)c3)c2s1,O=c1[nH]c2c(O)ccc(C(O)CNCCCOCCNCCc3cccc(Cl)c3)c2s1,O=c1[nH]c2cccc(CCNCCCOCCNCCc3ccccc3)c2s1,CHEMBL1807872,-0.03,Lipophilicity,1,train
N#Cc1nc(N2CCCCC2)c(N)c(N2CCOCC2)n1,N#Cc1nc(N2CCCCC2)c(N)c(N2CCOCC2)n1,c1nc(N2CCCCC2)cc(N2CCOCC2)n1,CHEMBL471951,2.71,Lipophilicity,1,train
Cc1oc(-c2ccccc2)nc1CCOc1ccc(C[C@H](Nc2ccccc2C(=O)c2ccccc2)C(=O)O)cc1,Cc1oc(-c2ccccc2)nc1CCOc1ccc(CC(Nc2ccccc2C(=O)c2ccccc2)C(=O)O)cc1,O=C(c1ccccc1)c1ccccc1NCCc1ccc(OCCc2coc(-c3ccccc3)n2)cc1,CHEMBL107367,3.5,Lipophilicity,1,train
CC(C)C(NC(=O)Cn1c(C2CCCCC2)ncc(NC(=O)OCc2ccccc2)c1=O)C(=O)C(F)(F)F,CC(C)C(NC(=O)Cn1c(C2CCCCC2)ncc(NC(=O)OCc2ccccc2)c1=O)C(=O)C(F)(F)F,O=C(Nc1cnc(C2CCCCC2)[nH]c1=O)OCc1ccccc1,CHEMBL11428,2.87,Lipophilicity,1,train
c1ccc(CSc2nc3cccnc3[nH]2)cc1,c1ccc(CSc2nc3cccnc3[nH]2)cc1,c1ccc(CSc2nc3cccnc3[nH]2)cc1,CHEMBL1405928,3.22,Lipophilicity,1,train
Cc1cc(C)cc(-c2nnc(SCC(=O)N3CCN(C(=O)c4ccco4)CC3)o2)c1,Cc1cc(C)cc(-c2nnc(SCC(=O)N3CCN(C(=O)c4ccco4)CC3)o2)c1,O=C(CSc1nnc(-c2ccccc2)o1)N1CCN(C(=O)c2ccco2)CC1,CHEMBL1489611,3.0,Lipophilicity,1,train
CCn1c(C)c(C(=O)O)c(-c2cccc(N3CCN(c4ccc(NS(=O)(=O)c5ccc(N[C@H](CCN6CCC(O)CC6)CSc6ccccc6)c(S(=O)(=O)C(F)(F)F)c5)cc4)CC3)c2)c1-c1ccc(Cl)cc1,CCn1c(C)c(C(=O)O)c(-c2cccc(N3CCN(c4ccc(NS(=O)(=O)c5ccc(NC(CCN6CCC(O)CC6)CSc6ccccc6)c(S(=O)(=O)C(F)(F)F)c5)cc4)CC3)c2)c1-c1ccc(Cl)cc1,O=S(=O)(Nc1ccc(N2CCN(c3cccc(-c4cc[nH]c4-c4ccccc4)c3)CC2)cc1)c1ccc(NC(CCN2CCCCC2)CSc2ccccc2)cc1,CHEMBL2170837,4.2,Lipophilicity,1,train
CN1CCN(C(=O)OC2c3nccnc3C(=O)N2c2ccc(Cl)cn2)CC1,CN1CCN(C(=O)OC2c3nccnc3C(=O)N2c2ccc(Cl)cn2)CC1,O=C(OC1c2nccnc2C(=O)N1c1ccccn1)N1CCNCC1,CHEMBL135400,1.1,Lipophilicity,1,train
CC(C)C(=O)Nc1ccc2c(c1)C(=O)NC2=O,CC(C)C(=O)Nc1ccc2c(c1)C(=O)NC2=O,O=C1NC(=O)c2ccccc21,CHEMBL1351138,1.55,Lipophilicity,1,train
COc1cc(-c2ccc(Nc3ccccc3C(=O)O)c(OC)c2)ccc1Nc1ccccc1C(=O)O,COc1cc(-c2ccc(Nc3ccccc3C(=O)O)c(OC)c2)ccc1Nc1ccccc1C(=O)O,c1ccc(Nc2ccc(-c3ccc(Nc4ccccc4)cc3)cc2)cc1,CHEMBL1340633,1.8,Lipophilicity,1,train
C[C@@](O)(C(=O)Nc1ccc(C(=O)N2CCCCC2)cc1Cl)C(F)(F)F,CC(O)(C(=O)Nc1ccc(C(=O)N2CCCCC2)cc1Cl)C(F)(F)F,O=C(c1ccccc1)N1CCCCC1,CHEMBL327693,2.62,Lipophilicity,1,train
N=C(N)c1cc2c(-c3ccccc3)cccc2s1,N=C(N)c1cc2c(-c3ccccc3)cccc2s1,c1ccc(-c2cccc3sccc23)cc1,CHEMBL591931,1.27,Lipophilicity,1,train
Cc1nnsc1C(=O)Nc1ccccc1,Cc1nnsc1C(=O)Nc1ccccc1,O=C(Nc1ccccc1)c1cnns1,CHEMBL1607641,0.97,Lipophilicity,1,train
CC(=O)NC[C@H]1CN(c2ccc(N3CCN(c4ccc(C#N)cn4)CC3)c(F)c2)C(=O)O1,CC(=O)NCC1CN(c2ccc(N3CCN(c4ccc(C#N)cn4)CC3)c(F)c2)C(=O)O1,O=C1OCCN1c1ccc(N2CCN(c3ccccn3)CC2)cc1,CHEMBL121889,1.98,Lipophilicity,1,train
Cc1nc(C)c(-c2ccc([C@H]3CC[C@H](Cc4nnn[nH]4)CC3)cc2)nc1C(N)=O,Cc1nc(C)c(-c2ccc(C3CCC(Cc4nnn[nH]4)CC3)cc2)nc1C(N)=O,c1cnc(-c2ccc(C3CCC(Cc4nnn[nH]4)CC3)cc2)cn1,CHEMBL2178940,1.4,Lipophilicity,1,train
Cc1nc2c(C#N)cnn2c(O)c1Cc1ccccc1,Cc1nc2c(C#N)cnn2c(O)c1Cc1ccccc1,c1ccc(Cc2cnc3ccnn3c2)cc1,CHEMBL1519083,0.68,Lipophilicity,1,train
O=C(O)C[C@H](O)C[C@H](O)/C=C/c1c(C2CC2)nc2ccccc2c1-c1ccc(F)cc1,O=C(O)CC(O)CC(O)C=Cc1c(C2CC2)nc2ccccc2c1-c1ccc(F)cc1,c1ccc(-c2cc(C3CC3)nc3ccccc23)cc1,CHEMBL1201753,0.91,Lipophilicity,1,train
NS(=O)(=O)c1cc(C(=O)O)c(NCc2ccco2)cc1Cl,NS(=O)(=O)c1cc(C(=O)O)c(NCc2ccco2)cc1Cl,c1ccc(NCc2ccco2)cc1,CHEMBL35,-0.9,Lipophilicity,1,train
OCC[C@@]1(c2cc3ccccc3o2)CCCNC1,OCCC1(c2cc3ccccc3o2)CCCNC1,c1ccc2oc(C3CCCNC3)cc2c1,CHEMBL2321994,0.09,Lipophilicity,2,train
COc1cc(C(=O)NC2CCN(C)CC2)ccc1Nc1ncc2c(n1)N(C1CCCCC1)CCC(=O)N2C,COc1cc(C(=O)NC2CCN(C)CC2)ccc1Nc1ncc2c(n1)N(C1CCCCC1)CCC(=O)N2C,O=C1CCN(C2CCCCC2)c2nc(Nc3ccc(C(=O)NC4CCNCC4)cc3)ncc2N1,CHEMBL1706173,2.87,Lipophilicity,1,train
O=C(NCC12CC3CC(CC(C3)C1)C2)c1c(Cl)ccc2nc(N3CCC[C@H](NCCc4nnn[nH]4)C3)ccc12,O=C(NCC12CC3CC(CC(C3)C1)C2)c1c(Cl)ccc2nc(N3CCCC(NCCc4nnn[nH]4)C3)ccc12,O=C(NCC12CC3CC(CC(C3)C1)C2)c1cccc2nc(N3CCCC(NCCc4nnn[nH]4)C3)ccc12,CHEMBL551707,3.08,Lipophilicity,1,train
Nc1nc2ccccc2n1C(=O)c1ccccc1,Nc1nc2ccccc2n1C(=O)c1ccccc1,O=C(c1ccccc1)n1cnc2ccccc21,CHEMBL1599290,1.56,Lipophilicity,1,train
FC(F)(F)c1nnc2ccc(NCc3cccnc3)nn12,FC(F)(F)c1nnc2ccc(NCc3cccnc3)nn12,c1cncc(CNc2ccc3nncn3n2)c1,CHEMBL1486187,2.06,Lipophilicity,1,train
CN(C)C(=O)N[C@H]1CC[C@@H](CCN2[C@@H]3CC[C@H]2C[C@@H](Oc2cccc(C(N)=O)c2)C3)CC1,CN(C)C(=O)NC1CCC(CCN2C3CCC2CC(Oc2cccc(C(N)=O)c2)C3)CC1,c1ccc(OC2CC3CCC(C2)N3CCC2CCCCC2)cc1,CHEMBL1223872,0.16999999999999998,Lipophilicity,2,train
Nc1ccccc1NC(=O)c1ccc(CNc2nccc(-c3cccnc3)n2)cc1,Nc1ccccc1NC(=O)c1ccc(CNc2nccc(-c3cccnc3)n2)cc1,O=C(Nc1ccccc1)c1ccc(CNc2nccc(-c3cccnc3)n2)cc1,CHEMBL272980,2.28,Lipophilicity,1,train
O=C(O)c1cc(-c2ccncc2)nc2ccc(F)cc12,O=C(O)c1cc(-c2ccncc2)nc2ccc(F)cc12,c1ccc2nc(-c3ccncc3)ccc2c1,CHEMBL1559397,-0.8,Lipophilicity,1,train
COc1cc2c(Nc3cnc(NC(=O)c4ccccc4)nc3)ncnc2cc1OCCCN1CCOCC1,COc1cc2c(Nc3cnc(NC(=O)c4ccccc4)nc3)ncnc2cc1OCCCN1CCOCC1,O=C(Nc1ncc(Nc2ncnc3cc(OCCCN4CCOCC4)ccc23)cn1)c1ccccc1,CHEMBL381724,2.7,Lipophilicity,1,train
C[C@@H]1CN(Cc2nnc(-c3cc(-c4cccc5[nH]ccc45)cc4[nH]ncc34)o2)C[C@H](C)O1,CC1CN(Cc2nnc(-c3cc(-c4cccc5[nH]ccc45)cc4[nH]ncc34)o2)CC(C)O1,c1cc(-c2cc(-c3nnc(CN4CCOCC4)o3)c3cn[nH]c3c2)c2cc[nH]c2c1,CHEMBL2216839,4.01,Lipophilicity,1,train
O=C(OCCN1CCCCC1)c1c[nH]c2ccccc12,O=C(OCCN1CCCCC1)c1c[nH]c2ccccc12,O=C(OCCN1CCCCC1)c1c[nH]c2ccccc12,CHEMBL1255781,2.0,Lipophilicity,1,train
O=C(NC[C@@H](O)CN1CCC(Oc2ccc(Cl)c(Cl)c2)CC1)c1c[nH]c(=O)c2cc(S(=O)(=O)NC3CC3)ccc12,O=C(NCC(O)CN1CCC(Oc2ccc(Cl)c(Cl)c2)CC1)c1c[nH]c(=O)c2cc(S(=O)(=O)NC3CC3)ccc12,O=C(NCCCN1CCC(Oc2ccccc2)CC1)c1c[nH]c(=O)c2cc(S(=O)(=O)NC3CC3)ccc12,CHEMBL2207285,3.67,Lipophilicity,1,train
CC(C)CNc1nc(C#N)nc(NC2CCS(=O)(=O)C2)c1N,CC(C)CNc1nc(C#N)nc(NC2CCS(=O)(=O)C2)c1N,O=S1(=O)CCC(Nc2ccncn2)C1,CHEMBL474829,2.3,Lipophilicity,1,train
CNC(=O)c1ccccc1Sc1ccc2c(/C=C/c3ccccn3)n[nH]c2c1,CNC(=O)c1ccccc1Sc1ccc2c(C=Cc3ccccn3)n[nH]c2c1,C(=Cc1n[nH]c2cc(Sc3ccccc3)ccc12)c1ccccn1,CHEMBL1289926,3.8,Lipophilicity,1,train
Cc1noc2cc(N3CCN(C(=O)[C@@H]4CCCC[C@H]4C(=O)NC4(C#N)CC4)[C@H](C)C3)ccc12,Cc1noc2cc(N3CCN(C(=O)C4CCCCC4C(=O)NC4(C#N)CC4)C(C)C3)ccc12,O=C(NC1CC1)C1CCCCC1C(=O)N1CCN(c2ccc3cnoc3c2)CC1,CHEMBL2169908,2.67,Lipophilicity,1,train
CCCNC(=O)c1nnc2c(-c3cnc(OC)nc3OC)cccc2c1N,CCCNC(=O)c1nnc2c(-c3cnc(OC)nc3OC)cccc2c1N,c1cc(-c2cncnc2)c2nnccc2c1,CHEMBL1783279,3.26,Lipophilicity,1,train
CS(=O)(=O)N1CCc2c(-c3cnc(N)nc3)nc(N3CCOCC3)nc21,CS(=O)(=O)N1CCc2c(-c3cnc(N)nc3)nc(N3CCOCC3)nc21,c1ncc(-c2nc(N3CCOCC3)nc3c2CCN3)cn1,CHEMBL1684984,1.2,Lipophilicity,1,train
Cc1ccc(NC(=O)c2cccc(N3CCOCC3)c2)cc1NC(=O)c1ccc(OCc2ccccn2)cc1,Cc1ccc(NC(=O)c2cccc(N3CCOCC3)c2)cc1NC(=O)c1ccc(OCc2ccccn2)cc1,O=C(Nc1cccc(NC(=O)c2cccc(N3CCOCC3)c2)c1)c1ccc(OCc2ccccn2)cc1,CHEMBL184721,3.2,Lipophilicity,1,train
O=c1c(-c2ccc3c(c2)OCO3)coc2cc(O)cc(O)c12,O=c1c(-c2ccc3c(c2)OCO3)coc2cc(O)cc(O)c12,O=c1c(-c2ccc3c(c2)OCO3)coc2ccccc12,CHEMBL591023,3.5,Lipophilicity,1,train
CNc1c(Br)cnc2[nH]c(-c3ccc(OCCN4CCN(C)CC4)cc3)nc12,CNc1c(Br)cnc2[nH]c(-c3ccc(OCCN4CCN(C)CC4)cc3)nc12,c1cnc2[nH]c(-c3ccc(OCCN4CCNCC4)cc3)nc2c1,CHEMBL2011918,2.91,Lipophilicity,1,train
O=c1cc(N2CCOCC2)nc2n(Cc3cccc4ccccc34)ccn12,O=c1cc(N2CCOCC2)nc2n(Cc3cccc4ccccc34)ccn12,O=c1cc(N2CCOCC2)nc2n(Cc3cccc4ccccc34)ccn12,CHEMBL1957841,3.3,Lipophilicity,1,train
O=C1OCCN1N=Cc1ccc([N+](=O)[O-])o1,O=C1OCCN1N=Cc1ccc([N+](=O)[O-])o1,O=C1OCCN1N=Cc1ccco1,CHEMBL1374738,-0.12,Lipophilicity,1,train
COc1ccc(-c2cc(NC(=O)Cc3ccc4ccccc4c3)[nH]n2)cc1OC,COc1ccc(-c2cc(NC(=O)Cc3ccc4ccccc4c3)[nH]n2)cc1OC,O=C(Cc1ccc2ccccc2c1)Nc1cc(-c2ccccc2)n[nH]1,CHEMBL291666,3.1,Lipophilicity,1,train
COc1cccc(NC(=O)Cn2cc(Oc3ncnc4cc(OC)c(OC)cc34)cn2)c1,COc1cccc(NC(=O)Cn2cc(Oc3ncnc4cc(OC)c(OC)cc34)cn2)c1,O=C(Cn1cc(Oc2ncnc3ccccc23)cn1)Nc1ccccc1,CHEMBL1940108,3.11,Lipophilicity,1,train
Cc1nn(-c2ccccc2)c(NS(=O)(=O)c2cccc(CN3CCOCC3)c2)c1C(=O)N[C@@H](C)C(C)(C)C,Cc1nn(-c2ccccc2)c(NS(=O)(=O)c2cccc(CN3CCOCC3)c2)c1C(=O)NC(C)C(C)(C)C,O=S(=O)(Nc1ccnn1-c1ccccc1)c1cccc(CN2CCOCC2)c1,CHEMBL1916285,0.29,Lipophilicity,1,train
COc1cc(NC(=O)Nc2cccc(CNC(=O)O[C@H]3CCOC3)c2)ccc1-c1cnco1,COc1cc(NC(=O)Nc2cccc(CNC(=O)OC3CCOC3)c2)ccc1-c1cnco1,O=C(Nc1ccc(-c2cnco2)cc1)Nc1cccc(CNC(=O)OC2CCOC2)c1,CHEMBL304087,3.6,Lipophilicity,1,train
CC(C)C(NC(=O)Cn1c(-c2ccccc2)ccc(NC(=O)NCc2ccc[n+]([O-])c2)c1=O)C(=O)C(F)(F)F,CC(C)C(NC(=O)Cn1c(-c2ccccc2)ccc(NC(=O)NCc2ccc[n+]([O-])c2)c1=O)C(=O)C(F)(F)F,O=C(NCc1ccc[nH+]c1)Nc1ccc(-c2ccccc2)[nH]c1=O,CHEMBL325503,1.48,Lipophilicity,1,train
CN(C)CCCNC(=O)c1nc(Cl)c(N)nc1N,CN(C)CCCNC(=O)c1nc(Cl)c(N)nc1N,c1cnccn1,CHEMBL1944739,-1.0,Lipophilicity,1,train
CNC1=Nc2ncccc2C(c2ccccc2)=NC1c1cccs1,CNC1=Nc2ncccc2C(c2ccccc2)=NC1c1cccs1,C1=Nc2ncccc2C(c2ccccc2)=NC1c1cccs1,CHEMBL474200,2.68,Lipophilicity,1,train
Cc1cc(N)nc(CCNC(=O)c2ccc(C#N)cc2)c1,Cc1cc(N)nc(CCNC(=O)c2ccc(C#N)cc2)c1,O=C(NCCc1ccccn1)c1ccccc1,CHEMBL1221659,1.62,Lipophilicity,1,train
O=C(O)c1cncc(-c2ccc(Cl)c(C(=O)NCC34CC5CC(CC(C5)C3)C4)c2)c1,O=C(O)c1cncc(-c2ccc(Cl)c(C(=O)NCC34CC5CC(CC(C5)C3)C4)c2)c1,O=C(NCC12CC3CC(CC(C3)C1)C2)c1cccc(-c2cccnc2)c1,CHEMBL550902,0.85,Lipophilicity,1,train
COc1ccc(N(C(=O)c2ccccc2)C(C(=O)NC[C@@H](C)O)c2ccccc2F)c(OC)c1,COc1ccc(N(C(=O)c2ccccc2)C(C(=O)NCC(C)O)c2ccccc2F)c(OC)c1,O=C(c1ccccc1)N(Cc1ccccc1)c1ccccc1,CHEMBL511782,2.55,Lipophilicity,1,train
O=C(CN1C2=NCCN2c2ccccc21)c1ccc(Cl)cc1,O=C(CN1C2=NCCN2c2ccccc21)c1ccc(Cl)cc1,O=C(CN1C2=NCCN2c2ccccc21)c1ccccc1,CHEMBL2094588,2.62,Lipophilicity,1,train
CN(C)CCCOc1nn(Cc2ccccc2)c2ccccc12,CN(C)CCCOc1nn(Cc2ccccc2)c2ccccc12,c1ccc(Cn2ncc3ccccc32)cc1,CHEMBL12610,2.4,Lipophilicity,1,train
Cc1ccc(-c2nnc(O)c3ccccc23)c(C)c1,Cc1ccc(-c2nnc(O)c3ccccc23)c(C)c1,c1ccc(-c2nncc3ccccc23)cc1,CHEMBL1702519,3.41,Lipophilicity,1,train
Cc1cc(CCCOc2c(C)cc(-c3noc(C(F)(F)F)n3)cc2C)on1,Cc1cc(CCCOc2c(C)cc(-c3noc(C(F)(F)F)n3)cc2C)on1,c1cc(CCCOc2ccc(-c3ncon3)cc2)on1,CHEMBL29609,3.63,Lipophilicity,1,train
Cc1nc(C)c(C(=O)N[C@@H](Cc2cccc(Cl)c2)C(=O)NCC#N)s1,Cc1nc(C)c(C(=O)NC(Cc2cccc(Cl)c2)C(=O)NCC#N)s1,O=C(NCCc1ccccc1)c1cncs1,CHEMBL551060,2.0,Lipophilicity,1,train
CC(C)[C@H](N)C(=O)OCCOCn1cnc2c(=O)nc(N)[nH]c21,CC(C)C(N)C(=O)OCCOCn1cnc2c(=O)nc(N)[nH]c21,O=c1nc[nH]c2[nH]cnc12,CHEMBL1349,-1.3,Lipophilicity,1,train
COc1ccc(-c2csc(N(CCCN3CCOCC3)C(=O)c3ccco3)n2)cc1,COc1ccc(-c2csc(N(CCCN3CCOCC3)C(=O)c3ccco3)n2)cc1,O=C(c1ccco1)N(CCCN1CCOCC1)c1nc(-c2ccccc2)cs1,CHEMBL1624252,3.34,Lipophilicity,1,train
Cc1ccc(-n2c(C)cc(C(=O)NS(=O)(=O)c3ccc(C)cc3)c2C)cc1,Cc1ccc(-n2c(C)cc(C(=O)NS(=O)(=O)c3ccc(C)cc3)c2C)cc1,O=C(NS(=O)(=O)c1ccccc1)c1ccn(-c2ccccc2)c1,CHEMBL1562923,2.5,Lipophilicity,1,train
COc1ccccc1CNCCc1cccc(CCNC[C@H](O)c2ccc(O)c3[nH]c(=O)sc23)c1,COc1ccccc1CNCCc1cccc(CCNCC(O)c2ccc(O)c3[nH]c(=O)sc23)c1,O=c1[nH]c2cccc(CCNCCc3cccc(CCNCc4ccccc4)c3)c2s1,CHEMBL1945299,0.91,Lipophilicity,1,train
Cc1csc(NC(=O)c2cc(Sc3nncn3C)ccc2N)n1,Cc1csc(NC(=O)c2cc(Sc3nncn3C)ccc2N)n1,O=C(Nc1nccs1)c1cccc(Sc2nnc[nH]2)c1,CHEMBL489514,2.3,Lipophilicity,1,train
Cc1ccc(NC(=O)c2cccc(N3CCOCC3)c2)cc1NC(=O)c1ccc(OCc2ccncc2)cc1,Cc1ccc(NC(=O)c2cccc(N3CCOCC3)c2)cc1NC(=O)c1ccc(OCc2ccncc2)cc1,O=C(Nc1cccc(NC(=O)c2cccc(N3CCOCC3)c2)c1)c1ccc(OCc2ccncc2)cc1,CHEMBL186791,3.2,Lipophilicity,1,train
CC(C)Oc1cc(OCCc2cccnc2)cc(C(=O)Nc2ccc(C(=O)O)cn2)c1,CC(C)Oc1cc(OCCc2cccnc2)cc(C(=O)Nc2ccc(C(=O)O)cn2)c1,O=C(Nc1ccccn1)c1cccc(OCCc2cccnc2)c1,CHEMBL193757,0.81,Lipophilicity,1,train
CO[C@@H](C(=O)N1Cc2n[nH]c(NC(=O)c3ccc(N4CCN(C)CC4)cc3)c2C1)c1ccccc1,COC(C(=O)N1Cc2n[nH]c(NC(=O)c3ccc(N4CCN(C)CC4)cc3)c2C1)c1ccccc1,O=C(Nc1[nH]nc2c1CN(C(=O)Cc1ccccc1)C2)c1ccc(N2CCNCC2)cc1,CHEMBL402548,2.0,Lipophilicity,1,train
O=c1ccnc2cc(C#Cc3ccccc3)ccn12,O=c1ccnc2cc(C#Cc3ccccc3)ccn12,O=c1ccnc2cc(C#Cc3ccccc3)ccn12,CHEMBL1682793,2.9,Lipophilicity,1,train
NC(=O)c1sc(-c2ccsc2)cc1NS(=O)(=O)c1ccc(C(F)(F)F)cc1,NC(=O)c1sc(-c2ccsc2)cc1NS(=O)(=O)c1ccc(C(F)(F)F)cc1,O=S(=O)(Nc1csc(-c2ccsc2)c1)c1ccccc1,CHEMBL1555870,2.39,Lipophilicity,1,train
O=S(=O)(c1ccccc1-c1ccc(CNC2CCOCC2)cc1)N1CCCC1,O=S(=O)(c1ccccc1-c1ccc(CNC2CCOCC2)cc1)N1CCCC1,O=S(=O)(c1ccccc1-c1ccc(CNC2CCOCC2)cc1)N1CCCC1,CHEMBL1818328,1.4,Lipophilicity,1,train
COc1ccc2c(c1)N(CCN1CCC(NCc3cc4c(cn3)OCCO4)CC1)C(=O)CS2,COc1ccc2c(c1)N(CCN1CCC(NCc3cc4c(cn3)OCCO4)CC1)C(=O)CS2,O=C1CSc2ccccc2N1CCN1CCC(NCc2cc3c(cn2)OCCO3)CC1,CHEMBL1916536,1.78,Lipophilicity,1,train
CCCNC(=O)c1nnc2c(-c3cnccc3OC)cccc2c1N,CCCNC(=O)c1nnc2c(-c3cnccc3OC)cccc2c1N,c1cncc(-c2cccc3ccnnc23)c1,CHEMBL1783280,2.83,Lipophilicity,1,train
CC(=O)Nc1cccc(Nc2nc(NC3CC3)n3ncc(C#N)c3n2)c1,CC(=O)Nc1cccc(Nc2nc(NC3CC3)n3ncc(C#N)c3n2)c1,c1ccc(Nc2nc(NC3CC3)n3nccc3n2)cc1,CHEMBL398149,2.1,Lipophilicity,1,train
Nc1nnc(Cc2ccc(Cl)cc2)s1,Nc1nnc(Cc2ccc(Cl)cc2)s1,c1ccc(Cc2nncs2)cc1,CHEMBL1566172,2.34,Lipophilicity,1,train
CS(=O)(=O)Cc1cc(N2CCOCC2)nc(-c2cccc3cc[nH]c23)n1,CS(=O)(=O)Cc1cc(N2CCOCC2)nc(-c2cccc3cc[nH]c23)n1,c1cc(-c2nccc(N3CCOCC3)n2)c2[nH]ccc2c1,CHEMBL2325701,2.8,Lipophilicity,1,train
CCc1ccc(NC(=O)c2ccc3cc(C(=N)N)ccc3c2)cc1,CCc1ccc(NC(=O)c2ccc3cc(C(=N)N)ccc3c2)cc1,O=C(Nc1ccccc1)c1ccc2ccccc2c1,CHEMBL111660,1.1,Lipophilicity,1,train
Nc1ncc(-c2ccc(F)cc2)[nH]1,Nc1ncc(-c2ccc(F)cc2)[nH]1,c1ccc(-c2cnc[nH]2)cc1,CHEMBL1649771,1.39,Lipophilicity,1,train
CN1CCC(=C2c3ccccc3C=Cc3ccccc32)CC1,CN1CCC(=C2c3ccccc3C=Cc3ccccc32)CC1,C1=Cc2ccccc2C(=C2CCNCC2)c2ccccc21,CHEMBL516,3.06,Lipophilicity,1,train
CS(=O)(=O)Nc1cccc(NC(=O)CN2CCN(C(=O)C[C@H](N)Cc3ccc(F)c(F)c3)[C@H](Cc3ccccc3)C2)c1,CS(=O)(=O)Nc1cccc(NC(=O)CN2CCN(C(=O)CC(N)Cc3ccc(F)c(F)c3)C(Cc3ccccc3)C2)c1,O=C(CN1CCN(C(=O)CCCc2ccccc2)C(Cc2ccccc2)C1)Nc1ccccc1,CHEMBL360425,2.06,Lipophilicity,1,train
CC(C)Oc1cc(-n2cnc3cnc(N[C@@H](C)c4ncc(F)cn4)nc32)n[nH]1,CC(C)Oc1cc(-n2cnc3cnc(NC(C)c4ncc(F)cn4)nc32)n[nH]1,c1cnc(CNc2ncc3ncn(-c4cc[nH]n4)c3n2)nc1,CHEMBL2151323,2.41,Lipophilicity,1,train
CCC(c1cccnc1)n1[nH]c(=O)c2nc3cc(Cl)ccc3c(O)c2c1=O,CCC(c1cccnc1)n1[nH]c(=O)c2nc3cc(Cl)ccc3c(O)c2c1=O,O=c1[nH]n(Cc2cccnc2)c(=O)c2cc3ccccc3nc12,CHEMBL1180237,0.7,Lipophilicity,1,train
CCc1cccc(N(C)C(=N)Nc2cccc3ccccc23)c1,CCc1cccc(N(C)C(=N)Nc2cccc3ccccc23)c1,N=C(Nc1ccccc1)Nc1cccc2ccccc12,CHEMBL92484,1.57,Lipophilicity,1,train
C[C@@H](Oc1cccc2ncnc(Nc3ccc4c(cnn4Cc4cscn4)c3)c12)C(=O)N1CCOCC1,CC(Oc1cccc2ncnc(Nc3ccc4c(cnn4Cc4cscn4)c3)c12)C(=O)N1CCOCC1,O=C(COc1cccc2ncnc(Nc3ccc4c(cnn4Cc4cscn4)c3)c12)N1CCOCC1,CHEMBL404327,2.81,Lipophilicity,1,train
O=C(NNc1cccc(Cl)c1)c1cccnc1Cl,O=C(NNc1cccc(Cl)c1)c1cccnc1Cl,O=C(NNc1ccccc1)c1cccnc1,CHEMBL1462105,1.87,Lipophilicity,1,train
CC1(C)N=C(N)N=C(N)N1c1ccc(Oc2ccc(Cl)cc2)c(Cl)c1,CC1(C)N=C(N)N=C(N)N1c1ccc(Oc2ccc(Cl)cc2)c(Cl)c1,C1=NC=NCN1c1ccc(Oc2ccccc2)cc1,CHEMBL588001,0.79,Lipophilicity,1,train
CC(C)N1CCN[C@@H](C(=O)N2CCN(C(=O)Nc3ccc(Cl)c(Cl)c3)CC2)C1,CC(C)N1CCNC(C(=O)N2CCN(C(=O)Nc3ccc(Cl)c(Cl)c3)CC2)C1,O=C(Nc1ccccc1)N1CCN(C(=O)C2CNCCN2)CC1,CHEMBL2036782,2.21,Lipophilicity,1,train
O=S(=O)(CCCNCCc1ccc(O)c2nc(O)sc12)NCCSCCc1ccccc1,O=S(=O)(CCCNCCc1ccc(O)c2nc(O)sc12)NCCSCCc1ccccc1,O=S(=O)(CCCNCCc1cccc2ncsc12)NCCSCCc1ccccc1,CHEMBL111350,1.77,Lipophilicity,1,train
COc1cc(C)c(S(=O)(=O)N(C)CCOCC(=O)N2CCC(C3CCN(C)CC3)CC2)c(C)c1,COc1cc(C)c(S(=O)(=O)N(C)CCOCC(=O)N2CCC(C3CCN(C)CC3)CC2)c(C)c1,O=C(COCCNS(=O)(=O)c1ccccc1)N1CCC(C2CCNCC2)CC1,CHEMBL2087433,0.3,Lipophilicity,1,train
COc1cc(OC)nc(-n2ncc(Cl)c(Cl)c2=O)n1,COc1cc(OC)nc(-n2ncc(Cl)c(Cl)c2=O)n1,O=c1cccnn1-c1ncccn1,CHEMBL2094541,1.4,Lipophilicity,1,train
Cc1cn([C@H]2CCCN([C@H](CC3CCCCC3)c3ccc(C(=O)O)c(Oc4cccc(Cl)c4)c3)C2)c(=O)[nH]c1=O,Cc1cn(C2CCCN(C(CC3CCCCC3)c3ccc(C(=O)O)c(Oc4cccc(Cl)c4)c3)C2)c(=O)[nH]c1=O,O=c1ccn(C2CCCN(C(CC3CCCCC3)c3cccc(Oc4ccccc4)c3)C2)c(=O)[nH]1,CHEMBL2179284,1.83,Lipophilicity,1,train
COc1cc2ncnc(Nc3cc(NC(=O)c4ccnc(N5CCOCC5)c4)ccc3C)c2cc1OCCN1CCCCC1,COc1cc2ncnc(Nc3cc(NC(=O)c4ccnc(N5CCOCC5)c4)ccc3C)c2cc1OCCN1CCCCC1,O=C(Nc1cccc(Nc2ncnc3ccc(OCCN4CCCCC4)cc23)c1)c1ccnc(N2CCOCC2)c1,CHEMBL188167,3.35,Lipophilicity,1,train
C[C@H]1C[C@@H](NS(=O)(=O)c2cc(Br)ccc2Br)CN1C#N,CC1CC(NS(=O)(=O)c2cc(Br)ccc2Br)CN1C#N,O=S(=O)(NC1CCNC1)c1ccccc1,CHEMBL1672434,2.13,Lipophilicity,1,train
Oc1ccc(-c2nc3ccccc3nc2-c2ccc(O)cc2)cc1,Oc1ccc(-c2nc3ccccc3nc2-c2ccc(O)cc2)cc1,c1ccc(-c2nc3ccccc3nc2-c2ccccc2)cc1,CHEMBL1782927,2.7,Lipophilicity,1,train
O=C1CC2(CCCC2)CC(=O)N1CCCCN1CCN(c2ncccn2)CC1,O=C1CC2(CCCC2)CC(=O)N1CCCCN1CCN(c2ncccn2)CC1,O=C1CC2(CCCC2)CC(=O)N1CCCCN1CCN(c2ncccn2)CC1,CHEMBL49,2.19,Lipophilicity,1,train
O=C(NCc1ccncn1)c1ccc(Oc2ccc(CCC3(O)CN4CCC3CC4)cc2)cc1,O=C(NCc1ccncn1)c1ccc(Oc2ccc(CCC3(O)CN4CCC3CC4)cc2)cc1,O=C(NCc1ccncn1)c1ccc(Oc2ccc(CCC3CN4CCC3CC4)cc2)cc1,CHEMBL1796300,0.76,Lipophilicity,1,train
Clc1cccc(Cl)c1/C(=C/n1cncn1)OC1CCCCCC1,Clc1cccc(Cl)c1C(=Cn1cncn1)OC1CCCCCC1,C(=C(OC1CCCCCC1)c1ccccc1)n1cncn1,CHEMBL305406,4.1,Lipophilicity,1,train
NS(=O)(=O)c1cc2c(cc1C(F)(F)F)NC(Cc1ccccc1)NS2(=O)=O,NS(=O)(=O)c1cc2c(cc1C(F)(F)F)NC(Cc1ccccc1)NS2(=O)=O,O=S1(=O)NC(Cc2ccccc2)Nc2ccccc21,CHEMBL1684,1.78,Lipophilicity,1,train
COc1ccc(NC(=O)c2nnc(Nc3ccccc3F)o2)cn1,COc1ccc(NC(=O)c2nnc(Nc3ccccc3F)o2)cn1,O=C(Nc1cccnc1)c1nnc(Nc2ccccc2)o1,CHEMBL2036581,3.2,Lipophilicity,1,train
CCCc1c(C(=O)Nc2cc(C)on2)cnn1-c1ccccc1,CCCc1c(C(=O)Nc2cc(C)on2)cnn1-c1ccccc1,O=C(Nc1ccon1)c1cnn(-c2ccccc2)c1,CHEMBL1565348,3.7,Lipophilicity,1,train
COc1ccc(CN2C(=O)CCC2(C)C(=O)NC2CCCCC2)c(OC)c1,COc1ccc(CN2C(=O)CCC2(C)C(=O)NC2CCCCC2)c(OC)c1,O=C(NC1CCCCC1)C1CCC(=O)N1Cc1ccccc1,CHEMBL1886566,2.38,Lipophilicity,1,train
CSCCC(NC(=O)c1ccccc1)c1nc2ccccc2n1Cc1ccc(C#N)cc1,CSCCC(NC(=O)c1ccccc1)c1nc2ccccc2n1Cc1ccc(C#N)cc1,O=C(NCc1nc2ccccc2n1Cc1ccccc1)c1ccccc1,CHEMBL1770475,4.24,Lipophilicity,1,train
Cc1cc(CN2CCc3ccccc3C2C(=O)Nc2ccc(Cl)cc2Cl)ccc1OCC(=O)O,Cc1cc(CN2CCc3ccccc3C2C(=O)Nc2ccc(Cl)cc2Cl)ccc1OCC(=O)O,O=C(Nc1ccccc1)C1c2ccccc2CCN1Cc1ccccc1,CHEMBL1643199,2.63,Lipophilicity,1,train
N#Cc1c(-c2ccccc2)nc(SCCc2ccccc2)[nH]c1=O,N#Cc1c(-c2ccccc2)nc(SCCc2ccccc2)[nH]c1=O,O=c1cc(-c2ccccc2)nc(SCCc2ccccc2)[nH]1,CHEMBL1082812,1.71,Lipophilicity,1,train
Cc1nc(C(=O)N2CCOC3(CCN(Cc4ccc(Cl)cc4)CC3)C2)cs1,Cc1nc(C(=O)N2CCOC3(CCN(Cc4ccc(Cl)cc4)CC3)C2)cs1,O=C(c1cscn1)N1CCOC2(CCN(Cc3ccccc3)CC2)C1,CHEMBL1289545,2.17,Lipophilicity,1,train
COc1cccc(Nc2c(C(N)=O)cnc3c(C)cc(S(=O)(=O)c4cccc(C(=O)N(C)C)c4)cc23)c1,COc1cccc(Nc2c(C(N)=O)cnc3c(C)cc(S(=O)(=O)c4cccc(C(=O)N(C)C)c4)cc23)c1,O=S(=O)(c1ccccc1)c1ccc2nccc(Nc3ccccc3)c2c1,CHEMBL570015,2.69,Lipophilicity,1,train
Nc1nc(N)c2nc(-c3ccccc3)c(N)nc2n1,Nc1nc(N)c2nc(-c3ccccc3)c(N)nc2n1,c1ccc(-c2cnc3ncncc3n2)cc1,CHEMBL585,1.16,Lipophilicity,1,train
CCOc1ccc(Oc2ccc(S(=O)(=O)NC(=O)c3cccc(-c4ccc(Cl)c(Cl)c4)c3)cc2)cc1,CCOc1ccc(Oc2ccc(S(=O)(=O)NC(=O)c3cccc(-c4ccc(Cl)c(Cl)c4)c3)cc2)cc1,O=C(NS(=O)(=O)c1ccc(Oc2ccccc2)cc1)c1cccc(-c2ccccc2)c1,CHEMBL1824832,2.94,Lipophilicity,1,train
c1ccc(Nc2[nH]nnc2-c2ccccc2)cc1,c1ccc(Nc2[nH]nnc2-c2ccccc2)cc1,c1ccc(Nc2[nH]nnc2-c2ccccc2)cc1,CHEMBL1345333,3.37,Lipophilicity,1,train
CCC(c1nc2nccnc2c(=O)n1Cc1ccccc1)N(CCCN)C(=O)c1ccc(C)cc1,CCC(c1nc2nccnc2c(=O)n1Cc1ccccc1)N(CCCN)C(=O)c1ccc(C)cc1,O=C(NCc1nc2nccnc2c(=O)n1Cc1ccccc1)c1ccccc1,CHEMBL1829429,-0.14,Lipophilicity,1,train
S=C(NC1CCCCC1)N1CCC(c2cnc[nH]2)CC1,S=C(NC1CCCCC1)N1CCC(c2cnc[nH]2)CC1,S=C(NC1CCCCC1)N1CCC(c2cnc[nH]2)CC1,CHEMBL260374,2.3,Lipophilicity,1,train
Cc1ccc(C(=O)c2ccc(CC(=O)O)n2C)cc1,Cc1ccc(C(=O)c2ccc(CC(=O)O)n2C)cc1,O=C(c1ccccc1)c1ccc[nH]1,CHEMBL1020,-1.02,Lipophilicity,1,train
O=C(O)CN1C(=O)C(NC(=O)c2cc3sc(Cl)c(Cl)c3[nH]2)Cc2ccccc21,O=C(O)CN1C(=O)C(NC(=O)c2cc3sc(Cl)c(Cl)c3[nH]2)Cc2ccccc21,O=C(NC1Cc2ccccc2NC1=O)c1cc2sccc2[nH]1,CHEMBL232627,0.67,Lipophilicity,1,train
Cc1c(Sc2ccc(Cl)cc2)c2c(-c3cnccn3)cccc2n1CC(=O)O,Cc1c(Sc2ccc(Cl)cc2)c2c(-c3cnccn3)cccc2n1CC(=O)O,c1ccc(Sc2c[nH]c3cccc(-c4cnccn4)c23)cc1,CHEMBL1917440,0.03,Lipophilicity,1,train
C[C@@H](NCc1ccccc1-c1ccc(CCNC[C@H](O)c2ccc(O)c3[nH]c(=O)sc23)cc1)c1ccccc1,CC(NCc1ccccc1-c1ccc(CCNCC(O)c2ccc(O)c3[nH]c(=O)sc23)cc1)c1ccccc1,O=c1[nH]c2cccc(CCNCCc3ccc(-c4ccccc4CNCc4ccccc4)cc3)c2s1,CHEMBL1947155,2.28,Lipophilicity,1,train
Nc1cc2n[nH]c(=O)n2c2cc(-c3ccsc3)ccc12,Nc1cc2n[nH]c(=O)n2c2cc(-c3ccsc3)ccc12,O=c1[nH]nc2ccc3ccc(-c4ccsc4)cc3n12,CHEMBL2012857,3.18,Lipophilicity,1,train
Cc1ccccc1CN1CCC(N2CCC(n3c(=O)[nH]c4ccccc43)CC2)CC1,Cc1ccccc1CN1CCC(N2CCC(n3c(=O)[nH]c4ccccc43)CC2)CC1,O=c1[nH]c2ccccc2n1C1CCN(C2CCN(Cc3ccccc3)CC2)CC1,CHEMBL522460,2.68,Lipophilicity,1,train
Cn1cnc2c(-c3ccc(C4(N)CCC4)cc3)c(-c3ccccc3)ccc21,Cn1cnc2c(-c3ccc(C4(N)CCC4)cc3)c(-c3ccccc3)ccc21,c1ccc(-c2ccc3[nH]cnc3c2-c2ccc(C3CCC3)cc2)cc1,CHEMBL2035037,2.5,Lipophilicity,1,train
Cc1ccc(S(=O)(=O)Nc2c(C(=O)NC3CCOCC3)c(C)nn2-c2ccccc2)cc1,Cc1ccc(S(=O)(=O)Nc2c(C(=O)NC3CCOCC3)c(C)nn2-c2ccccc2)cc1,O=C(NC1CCOCC1)c1cnn(-c2ccccc2)c1NS(=O)(=O)c1ccccc1,CHEMBL1916278,0.16,Lipophilicity,1,train
CCCc1c(C(=O)Nc2ccc(F)cc2C)cnn1-c1ccccc1,CCCc1c(C(=O)Nc2ccc(F)cc2C)cnn1-c1ccccc1,O=C(Nc1ccccc1)c1cnn(-c2ccccc2)c1,CHEMBL1351893,3.89,Lipophilicity,1,train
N#C[C@@H]1CCCN1C(=O)CNC12CC3CC(CC(O)(C3)C1)C2,N#CC1CCCN1C(=O)CNC12CC3CC(CC(O)(C3)C1)C2,O=C(CNC12CC3CC(CC(C3)C1)C2)N1CCCC1,CHEMBL142703,-0.48,Lipophilicity,1,train
Cn1c(-c2ccccc2)cc2onc(-c3ccncc3)c2c1=O,Cn1c(-c2ccccc2)cc2onc(-c3ccncc3)c2c1=O,O=c1[nH]c(-c2ccccc2)cc2onc(-c3ccncc3)c12,CHEMBL592956,3.17,Lipophilicity,1,train
CCCc1c(OCCCSc2ccc(CC(=O)O)cc2Cl)ccc2c(CC)noc12,CCCc1c(OCCCSc2ccc(CC(=O)O)cc2Cl)ccc2c(CC)noc12,c1ccc(SCCCOc2ccc3cnoc3c2)cc1,CHEMBL279053,3.92,Lipophilicity,1,train
CCc1c(C)[nH]c2c1C(=O)C(CN1CCOCC1)CC2,CCc1c(C)[nH]c2c1C(=O)C(CN1CCOCC1)CC2,O=C1c2cc[nH]c2CCC1CN1CCOCC1,CHEMBL460,1.54,Lipophilicity,1,train
CN1C(=O)CC(c2ccccc2)C1=O,CN1C(=O)CC(c2ccccc2)C1=O,O=C1CC(c2ccccc2)C(=O)N1,CHEMBL797,0.68,Lipophilicity,1,train
O=C(O)COc1ccc(Cl)cc1CN1CCCN(S(=O)(=O)Cc2ccccc2)CC1,O=C(O)COc1ccc(Cl)cc1CN1CCCN(S(=O)(=O)Cc2ccccc2)CC1,O=S(=O)(Cc1ccccc1)N1CCCN(Cc2ccccc2)CC1,CHEMBL1689115,1.01,Lipophilicity,1,train
COC(Cn1c(=O)[nH]c2c(=O)n(CC(=O)NC(C(=O)C(F)(F)F)C(C)C)c(-c3ccccc3)cc2c1=O)OC,COC(Cn1c(=O)[nH]c2c(=O)n(CC(=O)NC(C(=O)C(F)(F)F)C(C)C)c(-c3ccccc3)cc2c1=O)OC,O=c1[nH]c(=O)c2cc(-c3ccccc3)[nH]c(=O)c2[nH]1,CHEMBL13902,1.56,Lipophilicity,1,train
Nc1nc(OCc2nccs2)nc2c1ncn2[C@@H]1O[C@H](CF)[C@@H](O)[C@H]1O,Nc1nc(OCc2nccs2)nc2c1ncn2C1OC(CF)C(O)C1O,c1csc(COc2ncc3ncn(C4CCCO4)c3n2)n1,CHEMBL1807855,0.47,Lipophilicity,1,train
O=c1cc(N2CCOCC2)nc2c3ccccc3ccn12,O=c1cc(N2CCOCC2)nc2c3ccccc3ccn12,O=c1cc(N2CCOCC2)nc2c3ccccc3ccn12,CHEMBL179242,2.78,Lipophilicity,1,train
Cn1cnc(-c2ccccc2)c1-c1cc2c(N)ncnc2s1,Cn1cnc(-c2ccccc2)c1-c1cc2c(N)ncnc2s1,c1ccc(-c2nc[nH]c2-c2cc3cncnc3s2)cc1,CHEMBL1079428,2.94,Lipophilicity,1,train
O=CN(O)C1(CS(=O)(=O)N2CCN(c3ccc(F)cc3)CC2)CCOCC1,O=CN(O)C1(CS(=O)(=O)N2CCN(c3ccc(F)cc3)CC2)CCOCC1,O=S(=O)(CC1CCOCC1)N1CCN(c2ccccc2)CC1,CHEMBL1784357,0.85,Lipophilicity,1,train
Cc1nccn1CCC(C(N)=O)(c1ccccc1)c1ccccc1,Cc1nccn1CCC(C(N)=O)(c1ccccc1)c1ccccc1,c1ccc(C(CCn2ccnc2)c2ccccc2)cc1,CHEMBL53366,1.79,Lipophilicity,1,train
c1ccc(C2OC3(CCNCC3)c3ccccc32)cc1,c1ccc(C2OC3(CCNCC3)c3ccccc32)cc1,c1ccc(C2OC3(CCNCC3)c3ccccc32)cc1,CHEMBL436281,0.75,Lipophilicity,1,train
O=C(Nc1cccc(O)c1)c1ccc(OCCCN2CCCC2)cc1OCc1cccnc1,O=C(Nc1cccc(O)c1)c1ccc(OCCCN2CCCC2)cc1OCc1cccnc1,O=C(Nc1ccccc1)c1ccc(OCCCN2CCCC2)cc1OCc1cccnc1,CHEMBL1824375,1.59,Lipophilicity,1,train
CCN(CC)CCNc1ncnc2c1sc1nc(N3CCOCC3)c3c(c12)CCCC3,CCN(CC)CCNc1ncnc2c1sc1nc(N3CCOCC3)c3c(c12)CCCC3,c1ncc2sc3nc(N4CCOCC4)c4c(c3c2n1)CCCC4,CHEMBL1389370,3.3,Lipophilicity,1,train
O=C(O)c1cncc(-c2cnc3[nH]c(C(=O)NC4CC4)cc3c2-n2ccc(C(F)(F)F)n2)c1,O=C(O)c1cncc(-c2cnc3[nH]c(C(=O)NC4CC4)cc3c2-n2ccc(C(F)(F)F)n2)c1,O=C(NC1CC1)c1cc2c(-n3cccn3)c(-c3cccnc3)cnc2[nH]1,CHEMBL2059373,-0.98,Lipophilicity,1,train
O=C(c1cc(Cc2n[nH]c(=O)c3ccccc23)ccc1F)N1CCN(C(=O)C2CCCO2)CC1,O=C(c1cc(Cc2n[nH]c(=O)c3ccccc23)ccc1F)N1CCN(C(=O)C2CCCO2)CC1,O=C(c1cccc(Cc2n[nH]c(=O)c3ccccc23)c1)N1CCN(C(=O)C2CCCO2)CC1,CHEMBL492671,0.9,Lipophilicity,1,train
COc1ccc2c(c1)C(c1ccccc1)=NC(NC(=O)c1ccccc1OC)C(=O)N2,COc1ccc2c(c1)C(c1ccccc1)=NC(NC(=O)c1ccccc1OC)C(=O)N2,O=C(NC1N=C(c2ccccc2)c2ccccc2NC1=O)c1ccccc1,CHEMBL380130,3.8,Lipophilicity,1,train
CC(C)Cn1c(=O)n(C)c(=O)c2c(C(=O)N3CC[C@@H](O)C3)c(Oc3cccc4ccccc34)sc21,CC(C)Cn1c(=O)n(C)c(=O)c2c(C(=O)N3CCC(O)C3)c(Oc3cccc4ccccc34)sc21,O=C(c1c(Oc2cccc3ccccc23)sc2[nH]c(=O)[nH]c(=O)c12)N1CCCC1,CHEMBL219098,2.87,Lipophilicity,1,train
Cc1ncccc1Oc1ncnc(OC2CCN(C(=O)OC(C)C)CC2)c1C,Cc1ncccc1Oc1ncnc(OC2CCN(C(=O)OC(C)C)CC2)c1C,c1cncc(Oc2cc(OC3CCNCC3)ncn2)c1,CHEMBL1766081,3.8,Lipophilicity,1,train
COc1ccc(N(C(=O)c2ccccc2)C(C(=O)NC2CCCC2)c2ccccc2F)c(OC)c1,COc1ccc(N(C(=O)c2ccccc2)C(C(=O)NC2CCCC2)c2ccccc2F)c(OC)c1,O=C(NC1CCCC1)C(c1ccccc1)N(C(=O)c1ccccc1)c1ccccc1,CHEMBL471412,3.86,Lipophilicity,1,train
Cc1[nH]c2ccccc2c1CCNCc1ccc(/C=C/C(=O)NO)cc1,Cc1[nH]c2ccccc2c1CCNCc1ccc(C=CC(=O)NO)cc1,c1ccc(CNCCc2c[nH]c3ccccc23)cc1,CHEMBL483254,1.1,Lipophilicity,1,train
CN[C@@H](C)C(=O)N[C@H](C(=O)N[C@H]1CCN(Cc2ccccc2)C1)C1CCCCC1,CNC(C)C(=O)NC(C(=O)NC1CCN(Cc2ccccc2)C1)C1CCCCC1,O=C(CC1CCCCC1)NC1CCN(Cc2ccccc2)C1,CHEMBL1950721,1.49,Lipophilicity,1,train
NC1(c2ccc(-c3c(-c4ccccc4)ccc4ccnn34)cc2)CCC1,NC1(c2ccc(-c3c(-c4ccccc4)ccc4ccnn34)cc2)CCC1,c1ccc(-c2ccc3ccnn3c2-c2ccc(C3CCC3)cc2)cc1,CHEMBL2035032,2.9,Lipophilicity,1,train
CC(=O)NC[C@H]1CN(c2ccc(-n3cc(C#N)nn3)c(F)c2)C(=O)O1,CC(=O)NCC1CN(c2ccc(-n3cc(C#N)nn3)c(F)c2)C(=O)O1,O=C1OCCN1c1ccc(-n2ccnn2)cc1,CHEMBL175627,0.8,Lipophilicity,1,train
N#Cc1nc(N2CCOCC2)nc(N2CCOCC2)n1,N#Cc1nc(N2CCOCC2)nc(N2CCOCC2)n1,c1nc(N2CCOCC2)nc(N2CCOCC2)n1,CHEMBL1321641,1.51,Lipophilicity,1,train
CCOC(=O)[C@H](Cc1ccc([N+](=O)[O-])cc1)NC(=O)c1ccccc1,CCOC(=O)C(Cc1ccc([N+](=O)[O-])cc1)NC(=O)c1ccccc1,O=C(NCCc1ccccc1)c1ccccc1,CHEMBL284954,2.79,Lipophilicity,1,train
N#CC1=C2C(=NC1=O)c1cccc3c(N4CCSCC4)ccc2c13,N#CC1=C2C(=NC1=O)c1cccc3c(N4CCSCC4)ccc2c13,O=C1C=C2C(=N1)c1cccc3c(N4CCSCC4)ccc2c13,CHEMBL595134,3.22,Lipophilicity,1,train
O=C1NC(=O)/C(=C/c2cccc(Cl)c2N2CCNCC2)S1,O=C1NC(=O)C(=Cc2cccc(Cl)c2N2CCNCC2)S1,O=C1NC(=O)C(=Cc2ccccc2N2CCNCC2)S1,CHEMBL2048864,0.68,Lipophilicity,1,train
C[C@@H]1CN(c2ncc(F)cn2)CCN1c1ncc(OCc2ccncc2C#N)cn1,CC1CN(c2ncc(F)cn2)CCN1c1ncc(OCc2ccncc2C#N)cn1,c1cnc(N2CCN(c3ncc(OCc4ccncc4)cn3)CC2)nc1,CHEMBL2086689,3.4,Lipophilicity,1,train
COC[C@H](C)Oc1cc(O[C@@H](C)Cc2ccccc2)cc(C(=O)Nc2ccc(C(=O)O)cn2)c1,COCC(C)Oc1cc(OC(C)Cc2ccccc2)cc(C(=O)Nc2ccc(C(=O)O)cn2)c1,O=C(Nc1ccccn1)c1cccc(OCCc2ccccc2)c1,CHEMBL205627,1.5,Lipophilicity,1,train
COc1cc(O)c2c(c1)/C=C/C[C@H](O)[C@H](O)C(=O)/C=C\C[C@H](C)OC2=O,COc1cc(O)c2c(c1)C=CCC(O)C(O)C(=O)C=CCC(C)OC2=O,O=C1C=CCCOC(=O)c2ccccc2C=CCCC1,CHEMBL1077979,1.64,Lipophilicity,1,train
O=C(O)C(c1ccccc1)N1CCCC(CN2CCC(Oc3ccc(Cl)c(Cl)c3)CC2)C1,O=C(O)C(c1ccccc1)N1CCCC(CN2CCC(Oc3ccc(Cl)c(Cl)c3)CC2)C1,c1ccc(CN2CCCC(CN3CCC(Oc4ccccc4)CC3)C2)cc1,CHEMBL2158816,2.6,Lipophilicity,1,train
Cc1onc(-c2ccccc2)c1-c1ccc(S(N)(=O)=O)cc1,Cc1onc(-c2ccccc2)c1-c1ccc(S(N)(=O)=O)cc1,c1ccc(-c2conc2-c2ccccc2)cc1,CHEMBL865,2.37,Lipophilicity,1,validation
COCCN1CCC(Cc2ccc(C(=O)NCc3cnc(C#N)nc3NCC(C)(C)C)cc2)CC1,COCCN1CCC(Cc2ccc(C(=O)NCc3cnc(C#N)nc3NCC(C)(C)C)cc2)CC1,O=C(NCc1cncnc1)c1ccc(CC2CCNCC2)cc1,CHEMBL228739,3.5,Lipophilicity,1,validation
COc1cccc(OC)c1-c1ccc(C[C@H](NC(=O)c2c(Cl)cccc2Cl)C(=O)O)cc1,COc1cccc(OC)c1-c1ccc(CC(NC(=O)c2c(Cl)cccc2Cl)C(=O)O)cc1,O=C(NCCc1ccc(-c2ccccc2)cc1)c1ccccc1,CHEMBL91485,-0.27,Lipophilicity,1,validation
O=C1c2ccccc2CN1C1CCN(CCC(c2ccccc2)c2ccccc2)CC1,O=C1c2ccccc2CN1C1CCN(CCC(c2ccccc2)c2ccccc2)CC1,O=C1c2ccccc2CN1C1CCN(CCC(c2ccccc2)c2ccccc2)CC1,CHEMBL27364,4.1,Lipophilicity,1,validation
CC(C)(C)OC(=O)N1CCN(c2ccc(OCc3ccc(S(C)(=O)=O)cc3)cc2)CC1,CC(C)(C)OC(=O)N1CCN(c2ccc(OCc3ccc(S(C)(=O)=O)cc3)cc2)CC1,c1ccc(COc2ccc(N3CCNCC3)cc2)cc1,CHEMBL2086656,3.9,Lipophilicity,1,validation
N#CC1(NC(=O)[C@@H]2CCCC[C@H]2C(=O)N2CCN(c3nc4ccncc4s3)CC2)CC1,N#CC1(NC(=O)C2CCCCC2C(=O)N2CCN(c3nc4ccncc4s3)CC2)CC1,O=C(NC1CC1)C1CCCCC1C(=O)N1CCN(c2nc3ccncc3s2)CC1,CHEMBL2070950,1.6,Lipophilicity,1,validation
CC[C@@H](Nc1c(Nc2cccc(C(=O)N(C)C)c2O)c(=O)c1=O)c1ccccc1,CCC(Nc1c(Nc2cccc(C(=O)N(C)C)c2O)c(=O)c1=O)c1ccccc1,O=c1c(NCc2ccccc2)c(Nc2ccccc2)c1=O,CHEMBL254370,2.14,Lipophilicity,1,validation
CC(C)Cn1c(=O)n(C)c(=O)c2c(C(=O)N3CCCCC3)c(Cc3ccccc3C(F)(F)F)sc21,CC(C)Cn1c(=O)n(C)c(=O)c2c(C(=O)N3CCCCC3)c(Cc3ccccc3C(F)(F)F)sc21,O=C(c1c(Cc2ccccc2)sc2[nH]c(=O)[nH]c(=O)c12)N1CCCCC1,CHEMBL205465,4.07,Lipophilicity,1,validation
Cc1cc(Oc2ccnc(Nc3ccc(N4CCOCC4)cc3)c2)c(-c2ccccn2)nc1C,Cc1cc(Oc2ccnc(Nc3ccc(N4CCOCC4)cc3)c2)c(-c2ccccn2)nc1C,c1ccc(-c2ncccc2Oc2ccnc(Nc3ccc(N4CCOCC4)cc3)c2)nc1,CHEMBL575311,2.59,Lipophilicity,1,validation
CNCC[C@H](Oc1cccc2ccccc12)c1cccs1,CNCCC(Oc1cccc2ccccc12)c1cccs1,c1csc(COc2cccc3ccccc23)c1,CHEMBL1175,2.09,Lipophilicity,1,validation
Nc1[nH]ncc1S(=O)(=O)c1ccccc1,Nc1[nH]ncc1S(=O)(=O)c1ccccc1,O=S(=O)(c1ccccc1)c1cn[nH]c1,CHEMBL1571558,1.1,Lipophilicity,1,validation
Nc1nnc(-c2cccc(Cl)c2Cl)c(N)n1,Nc1nnc(-c2cccc(Cl)c2Cl)c(N)n1,c1ccc(-c2cncnn2)cc1,CHEMBL741,1.38,Lipophilicity,1,validation
COc1ccccc1N1CCN(Cc2c(Br)c(=O)n(-c3ccccc3)n2C)CC1,COc1ccccc1N1CCN(Cc2c(Br)c(=O)n(-c3ccccc3)n2C)CC1,O=c1cc(CN2CCN(c3ccccc3)CC2)[nH]n1-c1ccccc1,CHEMBL1774099,2.5,Lipophilicity,1,validation
NC(=O)c1cnc2[nH]c(-c3ccc(OCCN4CCCCC4)cc3)nc2c1NCCCNC(=O)C1CCC1,NC(=O)c1cnc2[nH]c(-c3ccc(OCCN4CCCCC4)cc3)nc2c1NCCCNC(=O)C1CCC1,O=C(NCCCNc1ccnc2[nH]c(-c3ccc(OCCN4CCCCC4)cc3)nc12)C1CCC1,CHEMBL2011942,2.48,Lipophilicity,1,validation
CN1CCOc2nc(C#Cc3ccccc3)ccc21,CN1CCOc2nc(C#Cc3ccccc3)ccc21,C(#Cc1ccc2c(n1)OCCN2)c1ccccc1,CHEMBL1682810,3.8,Lipophilicity,1,validation
OCCN(CCO)c1nc(N2CCCCC2)c2nc(N(CCO)CCO)nc(N3CCCCC3)c2n1,OCCN(CCO)c1nc(N2CCCCC2)c2nc(N(CCO)CCO)nc(N3CCCCC3)c2n1,c1nc(N2CCCCC2)c2ncnc(N3CCCCC3)c2n1,CHEMBL932,3.97,Lipophilicity,1,validation
COc1cc2nc(N3CCN(C(=O)C4CCCO4)CC3)nc(N)c2cc1OC,COc1cc2nc(N3CCN(C(=O)C4CCCO4)CC3)nc(N)c2cc1OC,O=C(C1CCCO1)N1CCN(c2ncc3ccccc3n2)CC1,CHEMBL611,0.9,Lipophilicity,1,validation
O=C(NCc1ccccn1)c1ccc(Oc2ccccc2)cc1,O=C(NCc1ccccn1)c1ccc(Oc2ccccc2)cc1,O=C(NCc1ccccn1)c1ccc(Oc2ccccc2)cc1,CHEMBL199237,2.7,Lipophilicity,1,validation
Nc1ncc(-c2ccc(S(=O)(=O)N3CCOCC3)cc2)nc1C(=O)Nc1cccnc1,Nc1ncc(-c2ccc(S(=O)(=O)N3CCOCC3)cc2)nc1C(=O)Nc1cccnc1,O=C(Nc1cccnc1)c1cncc(-c2ccc(S(=O)(=O)N3CCOCC3)cc2)n1,CHEMBL2177165,2.83,Lipophilicity,1,validation
NC(=O)c1cnc(N[C@H]2CCCNC2)c2cc(-c3ccncc3)sc12,NC(=O)c1cnc(NC2CCCNC2)c2cc(-c3ccncc3)sc12,c1cc(-c2cc3c(NC4CCCNC4)nccc3s2)ccn1,CHEMBL1287891,0.77,Lipophilicity,1,validation
O=C(N1CCN(c2ccncc2Cl)CC1)N1CCN(S(=O)(=O)c2ccc(C(F)(F)F)cc2)CC1,O=C(N1CCN(c2ccncc2Cl)CC1)N1CCN(S(=O)(=O)c2ccc(C(F)(F)F)cc2)CC1,O=C(N1CCN(c2ccncc2)CC1)N1CCN(S(=O)(=O)c2ccccc2)CC1,CHEMBL69023,3.54,Lipophilicity,1,validation
NC(=O)c1c(OCc2c(F)cc(Br)cc2F)nsc1NC(=O)NCCCCN1CCCC1,NC(=O)c1c(OCc2c(F)cc(Br)cc2F)nsc1NC(=O)NCCCCN1CCCC1,O=C(NCCCCN1CCCC1)Nc1cc(OCc2ccccc2)ns1,CHEMBL253969,2.5,Lipophilicity,1,validation
O=c1c2ccccc2nc2n1CCO2,O=c1c2ccccc2nc2n1CCO2,O=c1c2ccccc2nc2n1CCO2,CHEMBL1417095,0.6,Lipophilicity,1,validation
CC(C)c1ccc2oc3nc(N)c(C(=O)O)cc3c(=O)c2c1,CC(C)c1ccc2oc3nc(N)c(C(=O)O)cc3c(=O)c2c1,O=c1c2ccccc2oc2ncccc12,CHEMBL1096,1.1,Lipophilicity,1,validation
C[C@H](CO)Nc1nc(SCc2ccco2)nc2[nH]c(=O)sc12,CC(CO)Nc1nc(SCc2ccco2)nc2[nH]c(=O)sc12,O=c1[nH]c2nc(SCc3ccco3)ncc2s1,CHEMBL272705,2.21,Lipophilicity,1,validation
N#Cc1c(N)nc2c(c1N)CC(COc1ccccc1)O2,N#Cc1c(N)nc2c(c1N)CC(COc1ccccc1)O2,c1ccc(OCC2Cc3cccnc3O2)cc1,CHEMBL1352372,2.08,Lipophilicity,1,validation
O=C(NCc1ccncc1)c1ccc(Oc2ccc(C#CC3(O)CN4CCC3CC4)cc2)cc1,O=C(NCc1ccncc1)c1ccc(Oc2ccc(C#CC3(O)CN4CCC3CC4)cc2)cc1,O=C(NCc1ccncc1)c1ccc(Oc2ccc(C#CC3CN4CCC3CC4)cc2)cc1,CHEMBL1796296,2.42,Lipophilicity,3,validation
Cc1cc(C(=O)Cn2cc(C(F)(F)F)ccc2=O)c(C)n1Cc1ccccc1,Cc1cc(C(=O)Cn2cc(C(F)(F)F)ccc2=O)c(C)n1Cc1ccccc1,O=C(Cn1ccccc1=O)c1ccn(Cc2ccccc2)c1,CHEMBL1359777,3.46,Lipophilicity,1,validation
O=C(c1ccccc1)C(O)(CN1CCCCC1)c1ccccc1,O=C(c1ccccc1)C(O)(CN1CCCCC1)c1ccccc1,O=C(c1ccccc1)C(CN1CCCCC1)c1ccccc1,CHEMBL1896037,3.41,Lipophilicity,1,validation
O=C(COc1ccccc1O)NC1CCCC1,O=C(COc1ccccc1O)NC1CCCC1,O=C(COc1ccccc1)NC1CCCC1,CHEMBL1366397,2.31,Lipophilicity,1,validation
O=C(NCc1ccnc2ccccc12)c1ccc(Oc2ccc(C#C[C@]3(O)CN4CCC3CC4)cc2)cc1,O=C(NCc1ccnc2ccccc12)c1ccc(Oc2ccc(C#CC3(O)CN4CCC3CC4)cc2)cc1,O=C(NCc1ccnc2ccccc12)c1ccc(Oc2ccc(C#CC3CN4CCC3CC4)cc2)cc1,CHEMBL1940279,3.88,Lipophilicity,1,validation
O=C(O)CCc1ccc(OCc2cccc(Oc3ccccc3)c2)cc1,O=C(O)CCc1ccc(OCc2cccc(Oc3ccccc3)c2)cc1,c1ccc(OCc2cccc(Oc3ccccc3)c2)cc1,CHEMBL1688458,2.47,Lipophilicity,1,validation
CCOc1ncc(C)c2c1[C@H](c1ccc(C#N)cc1OC)C(C(N)=O)=C(C)N2,CCOc1ncc(C)c2c1C(c1ccc(C#N)cc1OC)C(C(N)=O)=C(C)N2,C1=CC(c2ccccc2)c2cnccc2N1,CHEMBL2181927,2.51,Lipophilicity,1,validation
O=c1cc(N2CCOCC2)nc2ccccn12,O=c1cc(N2CCOCC2)nc2ccccn12,O=c1cc(N2CCOCC2)nc2ccccn12,CHEMBL179043,1.0,Lipophilicity,1,validation
O=[N+]([O-])c1c(Cl)c(Cl)cc2nc(O)c(O)nc12,O=[N+]([O-])c1c(Cl)c(Cl)cc2nc(O)c(O)nc12,c1ccc2nccnc2c1,CHEMBL289832,0.21,Lipophilicity,1,validation
Cc1cc2c(s1)Nc1ccccc1N=C2N1CCN(C)CC1,Cc1cc2c(s1)Nc1ccccc1N=C2N1CCN(C)CC1,c1ccc2c(c1)N=C(N1CCNCC1)c1ccsc1N2,CHEMBL715,2.19,Lipophilicity,1,validation
NS(=O)(=O)c1ccc2c(c1)C1C=CCC1C(c1cccc3ccccc13)N2,NS(=O)(=O)c1ccc2c(c1)C1C=CCC1C(c1cccc3ccccc13)N2,C1=CC2c3ccccc3NC(c3cccc4ccccc34)C2C1,CHEMBL412119,1.9,Lipophilicity,1,validation
Cn1c(-c2ccc(O)nc2)nc2ccccc21,Cn1c(-c2ccc(O)nc2)nc2ccccc21,c1cncc(-c2nc3ccccc3[nH]2)c1,CHEMBL1382733,1.2,Lipophilicity,1,validation
CNC1=Nc2ncccc2C(c2cc[nH]c2)=NC1c1cccs1,CNC1=Nc2ncccc2C(c2cc[nH]c2)=NC1c1cccs1,C1=Nc2ncccc2C(c2cc[nH]c2)=NC1c1cccs1,CHEMBL445496,1.73,Lipophilicity,1,validation
Cc1c(Oc2ccc(S(C)(=O)=O)cc2F)ncnc1OC1CCN(C(=O)OC(C)C)CC1,Cc1c(Oc2ccc(S(C)(=O)=O)cc2F)ncnc1OC1CCN(C(=O)OC(C)C)CC1,c1ccc(Oc2cc(OC3CCNCC3)ncn2)cc1,CHEMBL1951011,3.7,Lipophilicity,1,validation
COc1cc(N2CC3COCC(C2)N3)ccc1Nc1ncc(Cl)c(-c2cnc3ccccn23)n1,COc1cc(N2CC3COCC(C2)N3)ccc1Nc1ncc(Cl)c(-c2cnc3ccccn23)n1,c1ccn2c(-c3ccnc(Nc4ccc(N5CC6COCC(C5)N6)cc4)n3)cnc2c1,CHEMBL1809060,3.0,Lipophilicity,1,validation
COc1ccc(-c2nc3c(NCCCNC(=O)c4ccccc4)c(Br)cnc3[nH]2)cc1,COc1ccc(-c2nc3c(NCCCNC(=O)c4ccccc4)c(Br)cnc3[nH]2)cc1,O=C(NCCCNc1ccnc2[nH]c(-c3ccccc3)nc12)c1ccccc1,CHEMBL2011937,0.25,Lipophilicity,1,validation
NC(=O)c1cncc(-c2ccc([C@H]3CC[C@H](CC(=O)O)CC3)cc2)c1,NC(=O)c1cncc(-c2ccc(C3CCC(CC(=O)O)CC3)cc2)c1,c1cncc(-c2ccc(C3CCCCC3)cc2)c1,CHEMBL2178385,0.22,Lipophilicity,1,validation
CCOc1noc2cc(OCCC3CCN(c4ccc(C)nn4)CC3)ccc12,CCOc1noc2cc(OCCC3CCN(c4ccc(C)nn4)CC3)ccc12,c1cnnc(N2CCC(CCOc3ccc4cnoc4c3)CC2)c1,CHEMBL2062774,4.23,Lipophilicity,1,validation
Nc1ccnc(-c2cccnc2)n1,Nc1ccnc(-c2cccnc2)n1,c1cnc(-c2cccnc2)nc1,CHEMBL168484,0.44,Lipophilicity,1,validation
COc1cc(C(=O)NS(=O)(=O)c2ccccc2)ccc1Cn1ncc2ccc(NC(=O)CC3CCCC3)cc21,COc1cc(C(=O)NS(=O)(=O)c2ccccc2)ccc1Cn1ncc2ccc(NC(=O)CC3CCCC3)cc21,O=C(CC1CCCC1)Nc1ccc2cnn(Cc3ccc(C(=O)NS(=O)(=O)c4ccccc4)cc3)c2c1,CHEMBL81624,1.6,Lipophilicity,1,validation
Nc1nnc(CCSCCc2nnc(N)s2)s1,Nc1nnc(CCSCCc2nnc(N)s2)s1,c1nnc(CCSCCc2nncs2)s1,CHEMBL2177758,-0.1,Lipophilicity,1,validation
N#C/C(=C(/N)Sc1ccc(N)cc1)c1ccccc1C(F)(F)F,N#CC(=C(N)Sc1ccc(N)cc1)c1ccccc1C(F)(F)F,C(=Cc1ccccc1)Sc1ccccc1,CHEMBL261237,3.3499999999999996,Lipophilicity,2,validation
Cc1ccc(NC(=O)CCC2CCCCC2)cc1NC(=O)c1ccc(O)cc1,Cc1ccc(NC(=O)CCC2CCCCC2)cc1NC(=O)c1ccc(O)cc1,O=C(CCC1CCCCC1)Nc1cccc(NC(=O)c2ccccc2)c1,CHEMBL419763,4.13,Lipophilicity,1,validation
CC(=O)Nc1nc(CCc2ccc(NC(=N)N)cc2)cs1,CC(=O)Nc1nc(CCc2ccc(NC(=N)N)cc2)cs1,c1ccc(CCc2cscn2)cc1,CHEMBL2326864,-0.82,Lipophilicity,1,validation
O=C(O)c1[nH]c2cc(Cl)cc(Cl)c2c1/C=C1\CCN(c2ccccc2)C1=O,O=C(O)c1[nH]c2cc(Cl)cc(Cl)c2c1C=C1CCN(c2ccccc2)C1=O,O=C1C(=Cc2c[nH]c3ccccc23)CCN1c1ccccc1,CHEMBL295135,1.85,Lipophilicity,1,validation
OC1(c2ccc(F)cc2)CCN(c2ccc3nnc(C(F)(F)F)n3n2)CC1,OC1(c2ccc(F)cc2)CCN(c2ccc3nnc(C(F)(F)F)n3n2)CC1,c1ccc(C2CCN(c3ccc4nncn4n3)CC2)cc1,CHEMBL2346970,3.5,Lipophilicity,1,validation
CC(C)C[C@H](N)c1nnc(S(=O)(=O)Cc2ccc(F)cc2)o1,CC(C)CC(N)c1nnc(S(=O)(=O)Cc2ccc(F)cc2)o1,O=S(=O)(Cc1ccccc1)c1nnco1,CHEMBL404957,1.11,Lipophilicity,1,validation
COc1ccc(CCN2CN=C(SCc3ccc(Cl)cc3)NC2)cc1OC,COc1ccc(CCN2CN=C(SCc3ccc(Cl)cc3)NC2)cc1OC,c1ccc(CCN2CN=C(SCc3ccccc3)NC2)cc1,CHEMBL1213376,2.41,Lipophilicity,1,validation
COc1cc(-n2cnc3cc(-c4ccc(Cl)cc4)sc3c2=O)ccc1OC[C@H](OP(=O)(O)O)C1CC1,COc1cc(-n2cnc3cc(-c4ccc(Cl)cc4)sc3c2=O)ccc1OCC(OP(=O)(O)O)C1CC1,O=c1c2sc(-c3ccccc3)cc2ncn1-c1ccc(OCCC2CC2)cc1,CHEMBL2147475,-0.04,Lipophilicity,1,validation
NC1CCc2cc(OC(=O)c3ccccc3)c(OC(=O)c3ccccc3)cc2C1,NC1CCc2cc(OC(=O)c3ccccc3)c(OC(=O)c3ccccc3)cc2C1,O=C(Oc1cc2c(cc1OC(=O)c1ccccc1)CCCC2)c1ccccc1,CHEMBL1197102,2.6,Lipophilicity,1,validation
CCCSc1nc(NC[C@H]2CC[C@H](C(=O)O)CC2)ccc1C(=O)NC1CCCCC1,CCCSc1nc(NCC2CCC(C(=O)O)CC2)ccc1C(=O)NC1CCCCC1,O=C(NC1CCCCC1)c1ccc(NCC2CCCCC2)nc1,CHEMBL2153184,2.61,Lipophilicity,1,validation
O=C(c1ccc(F)cc1)C1CCN(C(=O)NCc2ccccc2)CC1,O=C(c1ccc(F)cc1)C1CCN(C(=O)NCc2ccccc2)CC1,O=C(c1ccccc1)C1CCN(C(=O)NCc2ccccc2)CC1,CHEMBL1461377,3.15,Lipophilicity,1,validation
Cc1ccc(CCCOCCS(=O)(=O)CCCNCCc2ccc(O)c3nc(O)sc23)s1,Cc1ccc(CCCOCCS(=O)(=O)CCCNCCc2ccc(O)c3nc(O)sc23)s1,O=S(=O)(CCCNCCc1cccc2ncsc12)CCOCCCc1cccs1,CHEMBL322722,2.41,Lipophilicity,1,validation
C[C@@H](Oc1cc(-c2cnn(C3CCNCC3)c2)cnc1N)c1c(Cl)ccc(F)c1Cl,CC(Oc1cc(-c2cnn(C3CCNCC3)c2)cnc1N)c1c(Cl)ccc(F)c1Cl,c1ccc(COc2cncc(-c3cnn(C4CCNCC4)c3)c2)cc1,CHEMBL601719,2.33,Lipophilicity,1,validation
COCC1=C(C(=O)OC(C)OC(=O)OC(C)C)N2C(=O)[C@@H](NC(=O)/C(=N\OC)c3csc(N)n3)[C@H]2SC1,COCC1=C(C(=O)OC(C)OC(=O)OC(C)C)N2C(=O)C(NC(=O)C(=NOC)c3csc(N)n3)C2SC1,N=C(C(=O)NC1C(=O)N2C=CCSC12)c1cscn1,CHEMBL1201016,1.7,Lipophilicity,1,validation
Cc1ccc2nc(NCCN)c3ncc(C)n3c2c1,Cc1ccc2nc(NCCN)c3ncc(C)n3c2c1,c1ccc2c(c1)ncc1nccn12,CHEMBL249697,0.88,Lipophilicity,1,validation
COc1cccc(NC(=O)c2cccc(Cc3c(C)nn(CCO)c3-c3ccccc3)c2)c1,COc1cccc(NC(=O)c2cccc(Cc3c(C)nn(CCO)c3-c3ccccc3)c2)c1,O=C(Nc1ccccc1)c1cccc(Cc2cn[nH]c2-c2ccccc2)c1,CHEMBL561771,4.29,Lipophilicity,1,validation
CNc1cccc(CCCc2ccc(C[C@H](NC(=O)c3c(Cl)cccc3Cl)C(=O)O)s2)n1,CNc1cccc(CCCc2ccc(CC(NC(=O)c3c(Cl)cccc3Cl)C(=O)O)s2)n1,O=C(NCCc1ccc(CCCc2ccccn2)s1)c1ccccc1,CHEMBL2030964,0.78,Lipophilicity,1,validation
COc1cc([C@@H]2c3cc4c(cc3C(O[C@@H]3O[C@@H]5CO[C@@H](C)O[C@H]5[C@H](O)[C@H]3O)C3COC(=O)[C@@H]32)OCO4)cc(OC)c1O,COc1cc(C2c3cc4c(cc3C(OC3OC5COC(C)OC5C(O)C3O)C3COC(=O)C23)OCO4)cc(OC)c1O,O=C1OCC2C(OC3CCC4OCOCC4O3)c3cc4c(cc3C(c3ccccc3)C12)OCO4,CHEMBL320876,0.91,Lipophilicity,1,validation
COc1ccc2c(c1)c(CC(=O)O)c(C)n2-c1ccnc2cc(Cl)ccc12,COc1ccc2c(c1)c(CC(=O)O)c(C)n2-c1ccnc2cc(Cl)ccc12,c1ccc2c(c1)ccn2-c1ccnc2ccccc12,CHEMBL213029,1.68,Lipophilicity,1,validation
CCCN(CCC)C(=O)c1cccc(C(=O)N[C@@H](Cc2ccccc2)[C@H](O)CNCc2cccc(OC)c2)c1,CCCN(CCC)C(=O)c1cccc(C(=O)NC(Cc2ccccc2)C(O)CNCc2cccc(OC)c2)c1,O=C(NC(CCNCc1ccccc1)Cc1ccccc1)c1ccccc1,CHEMBL443239,2.7,Lipophilicity,1,validation
COc1cc(-n2cnc3cc(-c4ccc(Cl)cc4)sc3c2=O)ccc1OCCN1CCCC1,COc1cc(-n2cnc3cc(-c4ccc(Cl)cc4)sc3c2=O)ccc1OCCN1CCCC1,O=c1c2sc(-c3ccccc3)cc2ncn1-c1ccc(OCCN2CCCC2)cc1,CHEMBL214957,2.74,Lipophilicity,1,validation
COc1cc(F)ccc1-c1cncc(CNC(=O)c2ccccc2)c1,COc1cc(F)ccc1-c1cncc(CNC(=O)c2ccccc2)c1,O=C(NCc1cncc(-c2ccccc2)c1)c1ccccc1,CHEMBL1779014,3.76,Lipophilicity,1,validation
Cc1ccc(NC(=O)c2cccc(C(F)(F)F)c2)cc1NC(=O)c1cccnc1,Cc1ccc(NC(=O)c2cccc(C(F)(F)F)c2)cc1NC(=O)c1cccnc1,O=C(Nc1cccc(NC(=O)c2cccnc2)c1)c1ccccc1,CHEMBL507803,3.11,Lipophilicity,1,validation
O=C(O)C[C@H]1CC[C@H](c2ccc(NC(=O)c3nnc(Nc4ccccc4F)o3)cc2)CC1,O=C(O)CC1CCC(c2ccc(NC(=O)c3nnc(Nc4ccccc4F)o3)cc2)CC1,O=C(Nc1ccc(C2CCCCC2)cc1)c1nnc(Nc2ccccc2)o1,CHEMBL2036745,2.48,Lipophilicity,1,validation
O=C1CCOc2nc(C#CC3CCCC3)ccc21,O=C1CCOc2nc(C#CC3CCCC3)ccc21,O=C1CCOc2nc(C#CC3CCCC3)ccc21,CHEMBL1682822,3.0,Lipophilicity,1,validation
Cc1cc(Nc2ccnc(NCc3cc(C4CC4)no3)n2)n[nH]1,Cc1cc(Nc2ccnc(NCc3cc(C4CC4)no3)n2)n[nH]1,c1cc(Nc2cc[nH]n2)nc(NCc2cc(C3CC3)no2)n1,CHEMBL2088108,2.5,Lipophilicity,1,validation
O=C(c1ccc(C(=C2CCN(Cc3cscn3)CC2)c2cccc3cccnc23)cc1)N1CCC(O)CC1,O=C(c1ccc(C(=C2CCN(Cc3cscn3)CC2)c2cccc3cccnc23)cc1)N1CCC(O)CC1,O=C(c1ccc(C(=C2CCN(Cc3cscn3)CC2)c2cccc3cccnc23)cc1)N1CCCCC1,CHEMBL1946617,1.89,Lipophilicity,1,validation
O=C(O)c1ccc(-n2ncc(C(=O)NC3C4CC5CC(C4)CC3C5)c2C2CCC2)cc1,O=C(O)c1ccc(-n2ncc(C(=O)NC3C4CC5CC(C4)CC3C5)c2C2CCC2)cc1,O=C(NC1C2CC3CC(C2)CC1C3)c1cnn(-c2ccccc2)c1C1CCC1,CHEMBL2177605,1.33,Lipophilicity,1,validation
CN1CCN(C(=O)[C@@H]2CCCC[C@H]2C(=O)NCC#N)CC1,CN1CCN(C(=O)C2CCCCC2C(=O)NCC#N)CC1,O=C(C1CCCCC1)N1CCNCC1,CHEMBL2164675,-0.1,Lipophilicity,1,validation
CS(=O)(=O)C1(c2cc(N3CC4CCC(C3)O4)nc(-c3cccc4[nH]ccc34)n2)CC1,CS(=O)(=O)C1(c2cc(N3CC4CCC(C3)O4)nc(-c3cccc4[nH]ccc34)n2)CC1,c1cc(-c2nc(C3CC3)cc(N3CC4CCC(C3)O4)n2)c2cc[nH]c2c1,CHEMBL2325699,2.6,Lipophilicity,1,validation
O=C(NCc1ccccc1Cl)c1ccccc1Oc1ccccc1,O=C(NCc1ccccc1Cl)c1ccccc1Oc1ccccc1,O=C(NCc1ccccc1)c1ccccc1Oc1ccccc1,CHEMBL187845,3.58,Lipophilicity,1,validation
CC(C)N1CCN(Cc2cnc(-c3cc(-c4cccc5[nH]ccc45)cc4[nH]ncc34)o2)CC1,CC(C)N1CCN(Cc2cnc(-c3cc(-c4cccc5[nH]ccc45)cc4[nH]ncc34)o2)CC1,c1cc(-c2cc(-c3ncc(CN4CCNCC4)o3)c3cn[nH]c3c2)c2cc[nH]c2c1,CHEMBL2216859,3.49,Lipophilicity,1,validation
C[C@H]1O[C@@H](n2cnc3c(N)nc(OCC45CC6CC(CC(C6)C4)C5)nc32)[C@H](O)[C@@H]1O,CC1OC(n2cnc3c(N)nc(OCC45CC6CC(CC(C6)C4)C5)nc32)C(O)C1O,c1nc(OCC23CC4CC(CC(C4)C2)C3)nc2c1ncn2C1CCCO1,CHEMBL2147150,3.58,Lipophilicity,1,validation
NC1(c2ccc(-c3nn4ccc(=O)nc4cc3-c3ccccc3)cc2)CCC1,NC1(c2ccc(-c3nn4ccc(=O)nc4cc3-c3ccccc3)cc2)CCC1,O=c1ccn2nc(-c3ccc(C4CCC4)cc3)c(-c3ccccc3)cc2n1,CHEMBL2035023,0.2,Lipophilicity,1,validation
Cc1ccc(CO)cc1N(C)c1ccnc(Nc2cc(N3CCCCC3)cc(N3CCOCC3)c2)n1,Cc1ccc(CO)cc1N(C)c1ccnc(Nc2cc(N3CCCCC3)cc(N3CCOCC3)c2)n1,c1ccc(Nc2ccnc(Nc3cc(N4CCCCC4)cc(N4CCOCC4)c3)n2)cc1,CHEMBL1762537,4.2,Lipophilicity,1,validation
Cc1cccc([C@H](C)c2c[nH]cn2)c1C,Cc1cccc(C(C)c2c[nH]cn2)c1C,c1ccc(Cc2c[nH]cn2)cc1,CHEMBL778,2.79,Lipophilicity,1,validation
CC(C)[C@@H](CN1CC[C@@](C)(c2cccc(O)c2)[C@@H](C)C1)NC(=O)[C@H]1Cc2ccc(O)cc2CN1,CC(C)C(CN1CCC(C)(c2cccc(O)c2)C(C)C1)NC(=O)C1Cc2ccc(O)cc2CN1,O=C(NCCN1CCC(c2ccccc2)CC1)C1Cc2ccccc2CN1,CHEMBL415247,2.39,Lipophilicity,1,validation
Cc1nc(CSc2nc(N[C@H](C)CO)c3sc(=O)[nH]c3n2)cs1,Cc1nc(CSc2nc(NC(C)CO)c3sc(=O)[nH]c3n2)cs1,O=c1[nH]c2nc(SCc3cscn3)ncc2s1,CHEMBL402728,1.73,Lipophilicity,1,validation
CC(C)Cn1c(=O)n(C)c(=O)c2c(C(=O)N3CC[C@@H](O)C3)c(Cc3cncc4ccccc34)sc21,CC(C)Cn1c(=O)n(C)c(=O)c2c(C(=O)N3CCC(O)C3)c(Cc3cncc4ccccc34)sc21,O=C(c1c(Cc2cncc3ccccc23)sc2[nH]c(=O)[nH]c(=O)c12)N1CCCC1,CHEMBL207100,1.74,Lipophilicity,1,validation
O=C(NCc1ccc(OC(F)(F)F)cc1)C1c2ccccc2C(=O)N1CC1CC(F)(F)C1,O=C(NCc1ccc(OC(F)(F)F)cc1)C1c2ccccc2C(=O)N1CC1CC(F)(F)C1,O=C(NCc1ccccc1)C1c2ccccc2C(=O)N1CC1CCC1,CHEMBL2164377,3.9,Lipophilicity,1,validation
COc1cc(OC)c(S(=O)(=O)N2c3ccccc3Oc3ccccc32)cc1NC(=O)Cc1ccnc(F)c1,COc1cc(OC)c(S(=O)(=O)N2c3ccccc3Oc3ccccc32)cc1NC(=O)Cc1ccnc(F)c1,O=C(Cc1ccncc1)Nc1cccc(S(=O)(=O)N2c3ccccc3Oc3ccccc32)c1,CHEMBL2207226,3.37,Lipophilicity,1,validation
NS(=O)(=O)c1ccc(CCNc2ccc3nnc(-c4ccccc4)n3n2)cc1,NS(=O)(=O)c1ccc(CCNc2ccc3nnc(-c4ccccc4)n3n2)cc1,c1ccc(CCNc2ccc3nnc(-c4ccccc4)n3n2)cc1,CHEMBL1952147,2.19,Lipophilicity,1,validation
COc1ccnc(CSc2nc3ccccc3[nH]2)c1,COc1ccnc(CSc2nc3ccccc3[nH]2)c1,c1ccc(CSc2nc3ccccc3[nH]2)nc1,CHEMBL51478,2.89,Lipophilicity,1,validation
C[C@]12CC[C@@H]3c4ccc(O)cc4CC[C@H]3[C@@H]1CCC2=O,CC12CCC3c4ccc(O)cc4CCC3C1CCC2=O,O=C1CCC2C1CCC1c3ccccc3CCC12,CHEMBL1405,3.4,Lipophilicity,1,validation
COc1ccc(COc2ccc(Cc3cnc(N)nc3N)cc2OC)cc1,COc1ccc(COc2ccc(Cc3cnc(N)nc3N)cc2OC)cc1,c1ccc(COc2ccc(Cc3cncnc3)cc2)cc1,CHEMBL261849,2.27,Lipophilicity,1,validation
O=c1[nH]c2c(O)ccc([C@@H](O)CNCCCOCCOCCc3ccccc3)c2s1,O=c1[nH]c2c(O)ccc(C(O)CNCCCOCCOCCc3ccccc3)c2s1,O=c1[nH]c2cccc(CCNCCCOCCOCCc3ccccc3)c2s1,CHEMBL1807821,1.09,Lipophilicity,1,validation
C=CC(=O)Nc1cccc(CN2C(=O)N(c3c(Cl)c(OC)cc(OC)c3Cl)Cc3cnc(NCCCCN(CC)CC)nc32)c1,C=CC(=O)Nc1cccc(CN2C(=O)N(c3c(Cl)c(OC)cc(OC)c3Cl)Cc3cnc(NCCCCN(CC)CC)nc32)c1,O=C1N(c2ccccc2)Cc2cncnc2N1Cc1ccccc1,CHEMBL2216830,2.04,Lipophilicity,1,validation
c1ccc(-c2nnc(-c3ccccc3)s2)cc1,c1ccc(-c2nnc(-c3ccccc3)s2)cc1,c1ccc(-c2nnc(-c3ccccc3)s2)cc1,CHEMBL1592130,4.2,Lipophilicity,1,validation
CC(O)(C(=O)Nc1ccc(S(=O)(=O)c2cccnc2)cc1)C(F)(F)F,CC(O)(C(=O)Nc1ccc(S(=O)(=O)c2cccnc2)cc1)C(F)(F)F,O=S(=O)(c1ccccc1)c1cccnc1,CHEMBL139557,2.08,Lipophilicity,1,validation
Cc1ccc(-c2ccc(N)nn2)cc1NC(=O)c1ccc(OCc2ccccn2)cc1,Cc1ccc(-c2ccc(N)nn2)cc1NC(=O)c1ccc(OCc2ccccn2)cc1,O=C(Nc1cccc(-c2cccnn2)c1)c1ccc(OCc2ccccn2)cc1,CHEMBL2057336,2.47,Lipophilicity,1,validation
Oc1ccc(-c2ccc3cc(O)ccc3c2)cc1,Oc1ccc(-c2ccc3cc(O)ccc3c2)cc1,c1ccc(-c2ccc3ccccc3c2)cc1,CHEMBL191974,4.0,Lipophilicity,1,validation
CCc1nc(N)nc(N)c1-c1ccc(Cl)cc1,CCc1nc(N)nc(N)c1-c1ccc(Cl)cc1,c1ccc(-c2cncnc2)cc1,CHEMBL36,2.31,Lipophilicity,1,validation
O=S(=O)(CCCNCCc1ccc(O)c2nc(O)sc12)NCCOCCSc1ccccc1,O=S(=O)(CCCNCCc1ccc(O)c2nc(O)sc12)NCCOCCSc1ccccc1,O=S(=O)(CCCNCCc1cccc2ncsc12)NCCOCCSc1ccccc1,CHEMBL110147,1.84,Lipophilicity,1,validation
CCC(c1nc2ccsc2c(=O)n1Cc1cccnc1)N(CCCN)C(=O)c1ccc(C)cc1,CCC(c1nc2ccsc2c(=O)n1Cc1cccnc1)N(CCCN)C(=O)c1ccc(C)cc1,O=C(NCc1nc2ccsc2c(=O)n1Cc1cccnc1)c1ccccc1,CHEMBL1829254,0.01,Lipophilicity,1,validation
Cn1c(N)nc(CCc2ccc3ccccc3c2)cc1=O,Cn1c(N)nc(CCc2ccc3ccccc3c2)cc1=O,O=c1cc(CCc2ccc3ccccc3c2)nc[nH]1,CHEMBL237889,2.7,Lipophilicity,1,validation
Cc1cc(Oc2ccnc(Nc3cccc(N4CCOCC4)c3)c2)c(-c2ccccn2)nc1C,Cc1cc(Oc2ccnc(Nc3cccc(N4CCOCC4)c3)c2)c(-c2ccccn2)nc1C,c1ccc(-c2ncccc2Oc2ccnc(Nc3cccc(N4CCOCC4)c3)c2)nc1,CHEMBL574413,3.27,Lipophilicity,1,validation
O=C(O)COc1ccc(C(=O)c2cccs2)c(Cl)c1Cl,O=C(O)COc1ccc(C(=O)c2cccs2)c(Cl)c1Cl,O=C(c1ccccc1)c1cccs1,CHEMBL267744,-0.84,Lipophilicity,1,validation
CC1(COc2ccc3c(c2)ncn3-c2ccc3cccc(N4CCC(N)CC4)c3n2)COC1,CC1(COc2ccc3c(c2)ncn3-c2ccc3cccc(N4CCC(N)CC4)c3n2)COC1,c1cc(N2CCCCC2)c2nc(-n3cnc4cc(OCC5COC5)ccc43)ccc2c1,CHEMBL2105728,1.99,Lipophilicity,1,validation
CC(=O)Nc1nc(-c2cccs2)cs1,CC(=O)Nc1nc(-c2cccs2)cs1,c1csc(-c2cscn2)c1,CHEMBL1333251,2.77,Lipophilicity,1,validation
C=CCNC(=O)c1cc([N+](=O)[O-])cc2c(=O)[nH]c(Nc3ccc(Cl)c(Cl)c3)nc12,C=CCNC(=O)c1cc([N+](=O)[O-])cc2c(=O)[nH]c(Nc3ccc(Cl)c(Cl)c3)nc12,O=c1[nH]c(Nc2ccccc2)nc2ccccc12,CHEMBL586058,2.7,Lipophilicity,1,validation
CC(C)(Cc1cccc(CC(=O)NCc2cccc(-c3ccc(O)cc3)c2)c1)NC[C@H](O)c1ccc(O)c(NS(C)(=O)=O)c1,CC(C)(Cc1cccc(CC(=O)NCc2cccc(-c3ccc(O)cc3)c2)c1)NCC(O)c1ccc(O)c(NS(C)(=O)=O)c1,O=C(Cc1cccc(CCNCCc2ccccc2)c1)NCc1cccc(-c2ccccc2)c1,CHEMBL1240967,1.91,Lipophilicity,1,validation
Cc1oc(S(C)(=O)=O)cc1-c1c2c(=O)n(C)c(=O)n(CC3CC3)c2nn1Cc1cn(C)c2ccc(Cl)cc12,Cc1oc(S(C)(=O)=O)cc1-c1c2c(=O)n(C)c(=O)n(CC3CC3)c2nn1Cc1cn(C)c2ccc(Cl)cc12,O=c1[nH]c(=O)n(CC2CC2)c2nn(Cc3c[nH]c4ccccc34)c(-c3ccoc3)c12,CHEMBL467803,4.48,Lipophilicity,1,validation
N#Cc1ccc(C(=O)N2CCC3(CC2)N=C(N)c2c(F)ccc(F)c2N3)cn1,N#Cc1ccc(C(=O)N2CCC3(CC2)N=C(N)c2c(F)ccc(F)c2N3)cn1,O=C(c1cccnc1)N1CCC2(CC1)N=Cc1ccccc1N2,CHEMBL447183,0.79,Lipophilicity,1,validation
COc1ccc(OC)c(-c2cccc3c(N)c(C(=O)NC4(C)CCC4)nnc23)c1,COc1ccc(OC)c(-c2cccc3c(N)c(C(=O)NC4(C)CCC4)nnc23)c1,O=C(NC1CCC1)c1cc2cccc(-c3ccccc3)c2nn1,CHEMBL1783264,4.48,Lipophilicity,1,validation
O=c1cc(N2CCOCC2)oc2c(-c3ccccc3)cccc12,O=c1cc(N2CCOCC2)oc2c(-c3ccccc3)cccc12,O=c1cc(N2CCOCC2)oc2c(-c3ccccc3)cccc12,CHEMBL98350,2.9,Lipophilicity,1,validation
CC(=O)Nc1ccc2c(c1)N(c1cc(NC3CC3)n3ncc(C#N)c3n1)CC2,CC(=O)Nc1ccc2c(c1)N(c1cc(NC3CC3)n3ncc(C#N)c3n1)CC2,c1ccc2c(c1)CCN2c1cc(NC2CC2)n2nccc2n1,CHEMBL2062566,3.3,Lipophilicity,1,validation
CN[C@@H](C)C(=O)N[C@H]1CN(C(=O)CC(C)C)CC[C@H]2CC[C@@H](C(=O)NC(c3ccccc3)c3ccccc3)N2C1=O,CNC(C)C(=O)NC1CN(C(=O)CC(C)C)CCC2CCC(C(=O)NC(c3ccccc3)c3ccccc3)N2C1=O,O=C(NC(c1ccccc1)c1ccccc1)C1CCC2CCNCCC(=O)N21,CHEMBL2158051,1.82,Lipophilicity,1,validation
CN(C)c1ccc2nc3ccc(=[N+](C)C)cc-3sc2c1,CN(C)c1ccc2nc3ccc(=[N+](C)C)cc-3sc2c1,[N+]=c1ccc2nc3ccccc3sc-2c1,CHEMBL191083,-0.88,Lipophilicity,1,validation
COc1cc2c(Nc3ccc(Cl)cc3F)ncnc2cc1OCCn1cncn1,COc1cc2c(Nc3ccc(Cl)cc3F)ncnc2cc1OCCn1cncn1,c1ccc(Nc2ncnc3cc(OCCn4cncn4)ccc23)cc1,CHEMBL150606,3.2,Lipophilicity,1,validation
CCC(CC)NC(=O)c1cnn(-c2ccccc2)c1NS(=O)(=O)C1CCCC1,CCC(CC)NC(=O)c1cnn(-c2ccccc2)c1NS(=O)(=O)C1CCCC1,O=S(=O)(Nc1ccnn1-c1ccccc1)C1CCCC1,CHEMBL1916260,0.69,Lipophilicity,1,validation
Nc1ccc2[nH]c(Cc3ccc(Oc4ccccc4)cc3)nc2c1,Nc1ccc2[nH]c(Cc3ccc(Oc4ccccc4)cc3)nc2c1,c1ccc(Oc2ccc(Cc3nc4ccccc4[nH]3)cc2)cc1,CHEMBL65119,3.8,Lipophilicity,1,validation
Nc1nccc(-c2cccs2)n1,Nc1nccc(-c2cccs2)n1,c1csc(-c2ccncn2)c1,CHEMBL1458783,1.75,Lipophilicity,1,validation
N#Cc1cccc(-c2ccc(C3(CNC(=O)Nc4cc(Cl)cc(Cl)c4)CCN(CC4CC4)CC3)cc2)c1,N#Cc1cccc(-c2ccc(C3(CNC(=O)Nc4cc(Cl)cc(Cl)c4)CCN(CC4CC4)CC3)cc2)c1,O=C(NCC1(c2ccc(-c3ccccc3)cc2)CCN(CC2CC2)CC1)Nc1ccccc1,CHEMBL176219,3.37,Lipophilicity,1,validation
CC(C)NC(=O)c1cnc(N2CCC(N3C(=O)OCc4ccccc43)CC2)c(Cl)c1,CC(C)NC(=O)c1cnc(N2CCC(N3C(=O)OCc4ccccc43)CC2)c(Cl)c1,O=C1OCc2ccccc2N1C1CCN(c2ccccn2)CC1,CHEMBL561368,3.57,Lipophilicity,1,validation
CC(NC(=O)C1(N)CCN(c2ncnc3[nH]ccc23)CC1)c1ccccn1,CC(NC(=O)C1(N)CCN(c2ncnc3[nH]ccc23)CC1)c1ccccn1,O=C(NCc1ccccn1)C1CCN(c2ncnc3[nH]ccc23)CC1,CHEMBL2325989,1.3,Lipophilicity,1,validation
CS(=O)(=O)c1cccc(Nc2nccc(Nc3cccc4ocnc34)n2)c1,CS(=O)(=O)c1cccc(Nc2nccc(Nc3cccc4ocnc34)n2)c1,c1ccc(Nc2nccc(Nc3cccc4ocnc34)n2)cc1,CHEMBL1270874,2.9,Lipophilicity,1,validation
O=C1NC(=O)/C(=C/c2ccc3c(c2)OC(F)(F)O3)S1,O=C1NC(=O)C(=Cc2ccc3c(c2)OC(F)(F)O3)S1,O=C1NC(=O)C(=Cc2ccc3c(c2)OCO3)S1,CHEMBL1231533,2.8,Lipophilicity,1,validation
O=S(=O)(Nc1ccc2[nH]c(-c3ccc(Br)o3)nc2c1)c1ccccc1,O=S(=O)(Nc1ccc2[nH]c(-c3ccc(Br)o3)nc2c1)c1ccccc1,O=S(=O)(Nc1ccc2[nH]c(-c3ccco3)nc2c1)c1ccccc1,CHEMBL1312599,4.38,Lipophilicity,1,validation
O=C(O)c1cccc(-c2ccc3c(C(=O)NCC45CC6CC(CC(C6)C4)C5)c(Cl)ccc3n2)c1,O=C(O)c1cccc(-c2ccc3c(C(=O)NCC45CC6CC(CC(C6)C4)C5)c(Cl)ccc3n2)c1,O=C(NCC12CC3CC(CC(C3)C1)C2)c1cccc2nc(-c3ccccc3)ccc12,CHEMBL557697,2.84,Lipophilicity,1,validation
Cc1cnc(Nc2cc(N3CCN(C)CC3)nc(N[C@@H](C)c3ccc(F)cn3)n2)s1,Cc1cnc(Nc2cc(N3CCN(C)CC3)nc(NC(C)c3ccc(F)cn3)n2)s1,c1ccc(CNc2nc(Nc3nccs3)cc(N3CCNCC3)n2)nc1,CHEMBL1087268,2.9,Lipophilicity,1,validation
Cc1cc2n[nH]c(=O)n2c2cc(-c3cn[nH]c3)ccc12,Cc1cc2n[nH]c(=O)n2c2cc(-c3cn[nH]c3)ccc12,O=c1[nH]nc2ccc3ccc(-c4cn[nH]c4)cc3n12,CHEMBL1223528,2.13,Lipophilicity,1,validation
O=C(OC1CN2CCC1CC2)C(O)(c1ccccc1)c1ccccc1,O=C(OC1CN2CCC1CC2)C(O)(c1ccccc1)c1ccccc1,O=C(OC1CN2CCC1CC2)C(c1ccccc1)c1ccccc1,CHEMBL12980,1.19,Lipophilicity,1,validation
CC(=O)N1CCN(c2ccc(OCC3COC(Cn4ccnc4)(c4ccc(Cl)cc4Cl)O3)cc2)CC1,CC(=O)N1CCN(c2ccc(OCC3COC(Cn4ccnc4)(c4ccc(Cl)cc4Cl)O3)cc2)CC1,c1ccc(C2(Cn3ccnc3)OCC(COc3ccc(N4CCNCC4)cc3)O2)cc1,CHEMBL157101,3.7,Lipophilicity,1,validation
CC(C)(C)OC(=O)c1ncn2c1[C@@H]1CCCN1C(=O)c1c(Br)cccc1-2,CC(C)(C)OC(=O)c1ncn2c1C1CCCN1C(=O)c1c(Br)cccc1-2,O=C1c2ccccc2-n2cncc2C2CCCN12,CHEMBL366947,2.48,Lipophilicity,1,validation
Cc1cc(N2CCC[C@@H]2C(=O)NCCc2ccc3c(c2)OCO3)nc(-n2ccnc2)n1,Cc1cc(N2CCCC2C(=O)NCCc2ccc3c(c2)OCO3)nc(-n2ccnc2)n1,O=C(NCCc1ccc2c(c1)OCO2)C1CCCN1c1ccnc(-n2ccnc2)n1,CHEMBL376632,2.5,Lipophilicity,1,validation
Cc1cnc(-c2cc(NC(=O)c3ccc(C(F)(F)F)nc3C)ccc2Cl)[nH]1,Cc1cnc(-c2cc(NC(=O)c3ccc(C(F)(F)F)nc3C)ccc2Cl)[nH]1,O=C(Nc1cccc(-c2ncc[nH]2)c1)c1cccnc1,CHEMBL572016,3.3,Lipophilicity,1,validation
CCCNC(=O)c1nnc2c(-c3cncc(C(=O)N4CCC4)c3)cccc2c1N,CCCNC(=O)c1nnc2c(-c3cncc(C(=O)N4CCC4)c3)cccc2c1N,O=C(c1cncc(-c2cccc3ccnnc23)c1)N1CCC1,CHEMBL1631467,2.79,Lipophilicity,1,validation
c1ccc2c(OCC3=NCCN3)cccc2c1,c1ccc2c(OCC3=NCCN3)cccc2c1,c1ccc2c(OCC3=NCCN3)cccc2c1,CHEMBL279200,0.68,Lipophilicity,1,validation
Cc1ccc(F)cc1S(=O)(=O)N[C@@H]1CCN(Cc2ccc(-c3ccccc3)cc2)C1,Cc1ccc(F)cc1S(=O)(=O)NC1CCN(Cc2ccc(-c3ccccc3)cc2)C1,O=S(=O)(NC1CCN(Cc2ccc(-c3ccccc3)cc2)C1)c1ccccc1,CHEMBL250961,4.0,Lipophilicity,1,validation
COc1cccc(C(=O)NCCCOc2cccc3ccc(N)nc23)c1,COc1cccc(C(=O)NCCCOc2cccc3ccc(N)nc23)c1,O=C(NCCCOc1cccc2cccnc12)c1ccccc1,CHEMBL184243,2.46,Lipophilicity,1,validation
O=C1CN(C(=O)c2ccccc2)C(c2ccccc2)c2cc(Cl)ccc2N1,O=C1CN(C(=O)c2ccccc2)C(c2ccccc2)c2cc(Cl)ccc2N1,O=C1CN(C(=O)c2ccccc2)C(c2ccccc2)c2ccccc2N1,CHEMBL1600099,3.31,Lipophilicity,1,validation
Cc1ccc(CO)cc1N(C)c1ccnc(Nc2cc(N3CCCOCC3)cc(N3CCOCC3)c2)n1,Cc1ccc(CO)cc1N(C)c1ccnc(Nc2cc(N3CCCOCC3)cc(N3CCOCC3)c2)n1,c1ccc(Nc2ccnc(Nc3cc(N4CCCOCC4)cc(N4CCOCC4)c3)n2)cc1,CHEMBL1762538,3.3,Lipophilicity,1,validation
O=C([C@@H]1CCCN1)N1CCN(c2nc(NCc3ccc(Cl)cc3Cl)c3cccnc3n2)CC1,O=C(C1CCCN1)N1CCN(c2nc(NCc3ccc(Cl)cc3Cl)c3cccnc3n2)CC1,O=C(C1CCCN1)N1CCN(c2nc(NCc3ccccc3)c3cccnc3n2)CC1,CHEMBL394859,2.41,Lipophilicity,1,validation
CN(C)C/C=C/C(=O)Nc1cc2c(Nc3ccc(F)c(Cl)c3)ncnc2cc1O[C@H]1CCOC1,CN(C)CC=CC(=O)Nc1cc2c(Nc3ccc(F)c(Cl)c3)ncnc2cc1OC1CCOC1,c1ccc(Nc2ncnc3cc(OC4CCOC4)ccc23)cc1,CHEMBL1173655,3.7,Lipophilicity,1,validation
CC(=O)Nc1nc(N)n(-c2ccccc2)n1,CC(=O)Nc1nc(N)n(-c2ccccc2)n1,c1ccc(-n2cncn2)cc1,CHEMBL1385161,-0.2,Lipophilicity,1,validation
c1ccc(CNCCNCc2ccccc2)cc1,c1ccc(CNCCNCc2ccccc2)cc1,c1ccc(CNCCNCc2ccccc2)cc1,CHEMBL193646,0.73,Lipophilicity,1,validation
Cc1ccc(CNC(=O)C2CCCN2S(=O)(=O)c2ccc(F)cc2)cc1,Cc1ccc(CNC(=O)C2CCCN2S(=O)(=O)c2ccc(F)cc2)cc1,O=C(NCc1ccccc1)C1CCCN1S(=O)(=O)c1ccccc1,CHEMBL1896341,2.9,Lipophilicity,1,validation
N#Cc1ccc(Cl)cc1S[C@H](CCN)c1ccccc1,N#Cc1ccc(Cl)cc1SC(CCN)c1ccccc1,c1ccc(CSc2ccccc2)cc1,CHEMBL1789155,1.26,Lipophilicity,1,validation
O=c1[nH]c2ccccc2n1CCCN1CCC(n2c(=O)[nH]c3cc(Cl)ccc32)CC1,O=c1[nH]c2ccccc2n1CCCN1CCC(n2c(=O)[nH]c3cc(Cl)ccc32)CC1,O=c1[nH]c2ccccc2n1CCCN1CCC(n2c(=O)[nH]c3ccccc32)CC1,CHEMBL219916,3.45,Lipophilicity,1,validation
CCc1[nH]c2nc(Sc3cnc4ccc[n+]([O-])c4c3)nc(N3C[C@@H]4[C@@H](N)[C@@H]4C3)c2c1Cl,CCc1[nH]c2nc(Sc3cnc4ccc[n+]([O-])c4c3)nc(N3CC4C(N)C4C3)c2c1Cl,c1c[nH+]c2cc(Sc3nc(N4CC5CC5C4)c4cc[nH]c4n3)cnc2c1,CHEMBL2338020,2.3,Lipophilicity,1,validation
O=C(CO)N1CCC(c2[nH]nc(-c3ccc(Cl)cc3F)c2-c2ccncn2)CC1,O=C(CO)N1CCC(c2[nH]nc(-c3ccc(Cl)cc3F)c2-c2ccncn2)CC1,c1ccc(-c2n[nH]c(C3CCNCC3)c2-c2ccncn2)cc1,CHEMBL1614705,1.79,Lipophilicity,1,validation
O=C(Nc1cccc(O)c1)c1ccc(OCCCN2CCCC2)cc1OCc1ccccn1,O=C(Nc1cccc(O)c1)c1ccc(OCCCN2CCCC2)cc1OCc1ccccn1,O=C(Nc1ccccc1)c1ccc(OCCCN2CCCC2)cc1OCc1ccccn1,CHEMBL1824376,1.78,Lipophilicity,1,validation
C[C@@H](Oc1cccc2ncnc(Nc3ccc4c(cnn4Cc4ccccn4)c3)c12)C(=O)N1CCOCC1,CC(Oc1cccc2ncnc(Nc3ccc4c(cnn4Cc4ccccn4)c3)c12)C(=O)N1CCOCC1,O=C(COc1cccc2ncnc(Nc3ccc4c(cnn4Cc4ccccn4)c3)c12)N1CCOCC1,CHEMBL256576,2.82,Lipophilicity,1,validation
COc1cc(F)ccc1-c1cccc(CNC2CCCC2)c1,COc1cc(F)ccc1-c1cccc(CNC2CCCC2)c1,c1ccc(-c2cccc(CNC3CCCC3)c2)cc1,CHEMBL1779004,2.29,Lipophilicity,1,validation
O=S(=O)(Nc1ccc(S(=O)(=O)Nc2nccs2)cc1)c1ccc2c(c1)OCCO2,O=S(=O)(Nc1ccc(S(=O)(=O)Nc2nccs2)cc1)c1ccc2c(c1)OCCO2,O=S(=O)(Nc1ccc(S(=O)(=O)Nc2nccs2)cc1)c1ccc2c(c1)OCCO2,CHEMBL1340091,1.97,Lipophilicity,1,validation
COc1cc(F)ccc1-c1cccc(CNC2CCCC2)n1,COc1cc(F)ccc1-c1cccc(CNC2CCCC2)n1,c1ccc(-c2cccc(CNC3CCCC3)n2)cc1,CHEMBL1779005,2.06,Lipophilicity,1,validation
Cc1ncc(-c2ccnc(Nc3ccc(C(=O)NC4CC4)cc3)n2)n1C(C)C,Cc1ncc(-c2ccnc(Nc3ccc(C(=O)NC4CC4)cc3)n2)n1C(C)C,O=C(NC1CC1)c1ccc(Nc2nccc(-c3cnc[nH]3)n2)cc1,CHEMBL487066,3.06,Lipophilicity,1,validation
O=c1[nH]c2c(O)ccc([C@@H](O)CNCCCOCCOCCc3cccc4ccccc34)c2s1,O=c1[nH]c2c(O)ccc(C(O)CNCCCOCCOCCc3cccc4ccccc34)c2s1,O=c1[nH]c2cccc(CCNCCCOCCOCCc3cccc4ccccc34)c2s1,CHEMBL1807822,2.28,Lipophilicity,1,validation
COc1cc2c(Nc3ncc(NC(=O)c4ccccc4)cn3)ncnc2cc1OCCCN1CCOCC1,COc1cc2c(Nc3ncc(NC(=O)c4ccccc4)cn3)ncnc2cc1OCCCN1CCOCC1,O=C(Nc1cnc(Nc2ncnc3cc(OCCCN4CCOCC4)ccc23)nc1)c1ccccc1,CHEMBL206266,2.32,Lipophilicity,1,validation
Nc1nnc(CCSCCc2nnc(NC(=O)Cc3ccccc3)s2)s1,Nc1nnc(CCSCCc2nnc(NC(=O)Cc3ccccc3)s2)s1,O=C(Cc1ccccc1)Nc1nnc(CCSCCc2nncs2)s1,CHEMBL2178393,2.0,Lipophilicity,1,validation
CN1CCN([C@H]2C[C@@H](c3nc(-c4ccc5ccc(-c6ccccc6)nc5c4)c4c(N)nccn43)C2)CC1,CN1CCN(C2CC(c3nc(-c4ccc5ccc(-c6ccccc6)nc5c4)c4c(N)nccn34)C2)CC1,c1ccc(-c2ccc3ccc(-c4nc(C5CC(N6CCNCC6)C5)n5ccncc45)cc3n2)cc1,CHEMBL249295,3.2,Lipophilicity,1,validation
O=C1CCC(=O)N1C(CCc1ccncc1)COc1ccc(-c2cccc([N+](=O)[O-])c2)cc1,O=C1CCC(=O)N1C(CCc1ccncc1)COc1ccc(-c2cccc([N+](=O)[O-])c2)cc1,O=C1CCC(=O)N1C(CCc1ccncc1)COc1ccc(-c2ccccc2)cc1,CHEMBL335550,3.88,Lipophilicity,1,validation
O=C1CCC(=O)N1c1cc(Cc2n[nH]c(=O)c3ccccc23)ccc1F,O=C1CCC(=O)N1c1cc(Cc2n[nH]c(=O)c3ccccc23)ccc1F,O=C1CCC(=O)N1c1cccc(Cc2n[nH]c(=O)c3ccccc23)c1,CHEMBL196444,1.0,Lipophilicity,1,validation
Fc1ccc(CN2CCN(C3=Nn4c(nnc4C(F)(F)F)CC3)CC2)cc1,Fc1ccc(CN2CCN(C3=Nn4c(nnc4C(F)(F)F)CC3)CC2)cc1,c1ccc(CN2CCN(C3=Nn4cnnc4CC3)CC2)cc1,CHEMBL2346972,2.8,Lipophilicity,1,validation
COc1ccccc1CNC(=O)NS(=O)(=O)c1ccc(Cl)cc1,COc1ccccc1CNC(=O)NS(=O)(=O)c1ccc(Cl)cc1,O=C(NCc1ccccc1)NS(=O)(=O)c1ccccc1,CHEMBL484304,0.87,Lipophilicity,1,validation
Cc1nc2ccc(Oc3ccc(F)cc3)cc2c(=O)n1C[C@H]1CCCN(C(C)C)C1,Cc1nc2ccc(Oc3ccc(F)cc3)cc2c(=O)n1CC1CCCN(C(C)C)C1,O=c1c2cc(Oc3ccccc3)ccc2ncn1CC1CCCNC1,CHEMBL243001,2.4,Lipophilicity,1,validation
COc1ccc(N(C(C)=O)C(C(=O)NC2CCCC2)c2ccccc2F)c(OC)c1,COc1ccc(N(C(C)=O)C(C(=O)NC2CCCC2)c2ccccc2F)c(OC)c1,O=C(NC1CCCC1)C(Nc1ccccc1)c1ccccc1,CHEMBL450470,2.81,Lipophilicity,1,validation
CC(C)(C)c1ccc(-c2n[nH]c(NC(=O)c3ccccc3Cl)c2Br)cc1,CC(C)(C)c1ccc(-c2n[nH]c(NC(=O)c3ccccc3Cl)c2Br)cc1,O=C(Nc1cc(-c2ccccc2)n[nH]1)c1ccccc1,CHEMBL244522,4.3,Lipophilicity,1,validation
O=S(=O)(Nc1cccnc1)c1ccc2c(c1)OCCO2,O=S(=O)(Nc1cccnc1)c1ccc2c(c1)OCCO2,O=S(=O)(Nc1cccnc1)c1ccc2c(c1)OCCO2,CHEMBL1522360,1.34,Lipophilicity,1,validation
c1ccc2[nH]c(CCCc3nc4ccccc4[nH]3)nc2c1,c1ccc2[nH]c(CCCc3nc4ccccc4[nH]3)nc2c1,c1ccc2[nH]c(CCCc3nc4ccccc4[nH]3)nc2c1,CHEMBL1718800,3.5,Lipophilicity,1,validation
CN1CCCC1CCNC(=O)c1ccc(Nc2ncc3cc(-c4ccncc4)ccc3n2)cc1,CN1CCCC1CCNC(=O)c1ccc(Nc2ncc3cc(-c4ccncc4)ccc3n2)cc1,O=C(NCCC1CCCN1)c1ccc(Nc2ncc3cc(-c4ccncc4)ccc3n2)cc1,CHEMBL2335879,2.01,Lipophilicity,1,validation
CC(C)(C)NC(=O)[C@@H]1CN(Cc2cccnc2)CCN1C[C@@H](O)C[C@@H](Cc1ccccc1)C(=O)N[C@H]1c2ccccc2C[C@H]1O,CC(C)(C)NC(=O)C1CN(Cc2cccnc2)CCN1CC(O)CC(Cc1ccccc1)C(=O)NC1c2ccccc2CC1O,O=C(NC1CCc2ccccc21)C(CCCN1CCN(Cc2cccnc2)CC1)Cc1ccccc1,CHEMBL115,2.9,Lipophilicity,1,validation
Cc1ncc(-c2ccnc(Nc3ccc(S(=O)(=O)CC4CCCO4)cc3)n2)n1C(C)C,Cc1ncc(-c2ccnc(Nc3ccc(S(=O)(=O)CC4CCCO4)cc3)n2)n1C(C)C,O=S(=O)(CC1CCCO1)c1ccc(Nc2nccc(-c3cnc[nH]3)n2)cc1,CHEMBL515839,2.82,Lipophilicity,1,validation
Nc1c2c(nc3ccccc13)CCCC2,Nc1c2c(nc3ccccc13)CCCC2,c1ccc2nc3c(cc2c1)CCCC3,CHEMBL95,0.38,Lipophilicity,1,validation
CCC(CC)NC(=O)c1cnn(-c2ccccc2)c1NS(=O)(=O)c1ccc(-c2cnco2)cc1,CCC(CC)NC(=O)c1cnn(-c2ccccc2)c1NS(=O)(=O)c1ccc(-c2cnco2)cc1,O=S(=O)(Nc1ccnn1-c1ccccc1)c1ccc(-c2cnco2)cc1,CHEMBL1916270,0.8,Lipophilicity,1,validation
CCc1ccc(CCOc2ccc(CC3SC(=O)NC3=O)cc2)nc1,CCc1ccc(CCOc2ccc(CC3SC(=O)NC3=O)cc2)nc1,O=C1NC(=O)C(Cc2ccc(OCCc3ccccn3)cc2)S1,CHEMBL595,2.8,Lipophilicity,1,validation
Cc1cccc2c(CCNCc3cccc(CCNC[C@H](O)c4ccc(O)c5[nH]c(=O)sc45)c3)c[nH]c12,Cc1cccc2c(CCNCc3cccc(CCNCC(O)c4ccc(O)c5[nH]c(=O)sc45)c3)c[nH]c12,O=c1[nH]c2cccc(CCNCCc3cccc(CNCCc4c[nH]c5ccccc45)c3)c2s1,CHEMBL1945031,1.13,Lipophilicity,1,validation
O=C(Nc1cccc2cccnc12)c1ccc(N2C(=O)[C@@H]3[C@H](C2=O)[C@@H]2C=C[C@H]3C2)cc1,O=C(Nc1cccc2cccnc12)c1ccc(N2C(=O)C3C4C=CC(C4)C3C2=O)cc1,O=C(Nc1cccc2cccnc12)c1ccc(N2C(=O)C3C4C=CC(C4)C3C2=O)cc1,CHEMBL562310,3.28,Lipophilicity,1,validation
COc1cc2ncnc(Nc3ccc(F)c(Cl)c3)c2cc1OCCCN1CCCC1,COc1cc2ncnc(Nc3ccc(F)c(Cl)c3)c2cc1OCCCN1CCCC1,c1ccc(Nc2ncnc3ccc(OCCCN4CCCC4)cc23)cc1,CHEMBL299672,3.13,Lipophilicity,1,validation
Fc1cccc(COc2ccc(Nc3ncnc4ccc(-c5cccc(N6CCOCC6)c5)cc34)cc2Cl)c1,Fc1cccc(COc2ccc(Nc3ncnc4ccc(-c5cccc(N6CCOCC6)c5)cc34)cc2Cl)c1,c1ccc(COc2ccc(Nc3ncnc4ccc(-c5cccc(N6CCOCC6)c5)cc34)cc2)cc1,CHEMBL2347404,3.2,Lipophilicity,1,validation
O=C(c1cc(Cc2n[nH]c(=O)c3ccccc23)ccc1F)N1CCN(C(=O)C2CCOC2)CC1,O=C(c1cc(Cc2n[nH]c(=O)c3ccccc23)ccc1F)N1CCN(C(=O)C2CCOC2)CC1,O=C(c1cccc(Cc2n[nH]c(=O)c3ccccc23)c1)N1CCN(C(=O)C2CCOC2)CC1,CHEMBL524165,0.8,Lipophilicity,1,validation
CCCSc1ncccc1C(=O)N1CCCC1c1ccncc1,CCCSc1ncccc1C(=O)N1CCCC1c1ccncc1,O=C(c1cccnc1)N1CCCC1c1ccncc1,CHEMBL2153181,1.95,Lipophilicity,1,validation
O=c1[nH][nH]c(=O)c2c(O)c3c(Cl)cc(Cl)cc3nc12,O=c1[nH][nH]c(=O)c2c(O)c3c(Cl)cc(Cl)cc3nc12,O=c1[nH][nH]c(=O)c2nc3ccccc3cc12,CHEMBL131842,0.89,Lipophilicity,1,validation
Cn1c(CN2CCC(c3ccccc3)CC2)nc2ccccc21,Cn1c(CN2CCC(c3ccccc3)CC2)nc2ccccc21,c1ccc(C2CCN(Cc3nc4ccccc4[nH]3)CC2)cc1,CHEMBL593196,3.6,Lipophilicity,1,validation
Cn1nnc2c(C(N)=O)ncn2c1=O,Cn1nnc2c(C(N)=O)ncn2c1=O,O=c1[nH]nnc2cncn12,CHEMBL810,-1.08,Lipophilicity,1,validation
CC(=O)N1CCN(CC(O)COc2ccc(Br)cc2)CC1,CC(=O)N1CCN(CC(O)COc2ccc(Br)cc2)CC1,c1ccc(OCCCN2CCNCC2)cc1,CHEMBL1623850,1.6,Lipophilicity,1,validation
CC(=O)c1ncccc1NC(=O)[C@H]1CC[C@H](N2C(=O)[C@@H]3[C@@H]4CC[C@@H](C4)[C@@H]3C2=O)CC1,CC(=O)c1ncccc1NC(=O)C1CCC(N2C(=O)C3C4CCC(C4)C3C2=O)CC1,O=C(Nc1cccnc1)C1CCC(N2C(=O)C3C4CCC(C4)C3C2=O)CC1,CHEMBL1956334,3.01,Lipophilicity,1,validation
Cn1ncnc1COc1nn2c(-c3cc(F)ccc3F)nnc2cc1C(C)(C)C,Cn1ncnc1COc1nn2c(-c3cc(F)ccc3F)nnc2cc1C(C)(C)C,c1ccc(-c2nnc3ccc(OCc4ncn[nH]4)nn23)cc1,CHEMBL373250,2.4,Lipophilicity,1,validation
O=C(N[C@@H](Cc1cccc(OCCCNc2ccccn2)c1)C(=O)O)c1c(Cl)cccc1Cl,O=C(NC(Cc1cccc(OCCCNc2ccccn2)c1)C(=O)O)c1c(Cl)cccc1Cl,O=C(NCCc1cccc(OCCCNc2ccccn2)c1)c1ccccc1,CHEMBL2030957,0.16,Lipophilicity,1,validation
COc1ccc(-n2sc3ccccc3c2=O)cc1,COc1ccc(-n2sc3ccccc3c2=O)cc1,O=c1c2ccccc2sn1-c1ccccc1,CHEMBL327502,3.02,Lipophilicity,1,validation
O=C(O)CCC(=O)N1CCC(c2nc(-c3cccs3)no2)CC1,O=C(O)CCC(=O)N1CCC(c2nc(-c3cccs3)no2)CC1,c1csc(-c2noc(C3CCNCC3)n2)c1,CHEMBL1773959,-1.27,Lipophilicity,1,validation
NC1=NC(c2ccco2)Nc2c(F)ccc(F)c21,NC1=NC(c2ccco2)Nc2c(F)ccc(F)c21,C1=NC(c2ccco2)Nc2ccccc21,CHEMBL354788,1.2,Lipophilicity,1,validation
Oc1ncnc2scc(-c3ccsc3)c12,Oc1ncnc2scc(-c3ccsc3)c12,c1ncc2c(-c3ccsc3)csc2n1,CHEMBL1527751,2.25,Lipophilicity,1,validation
COc1ccccc1OCCNCC(O)COc1cccc2[nH]c3ccccc3c12,COc1ccccc1OCCNCC(O)COc1cccc2[nH]c3ccccc3c12,c1ccc(OCCNCCCOc2cccc3[nH]c4ccccc4c23)cc1,CHEMBL723,3.27,Lipophilicity,1,validation
O=C1CCOc2cc(COc3ccccc3)ccc21,O=C1CCOc2cc(COc3ccccc3)ccc21,O=C1CCOc2cc(COc3ccccc3)ccc21,CHEMBL1682820,3.0,Lipophilicity,1,validation
Clc1cccc(-c2cnc3ccc(NC4CCOCC4)nn23)c1,Clc1cccc(-c2cnc3ccc(NC4CCOCC4)nn23)c1,c1ccc(-c2cnc3ccc(NC4CCOCC4)nn23)cc1,CHEMBL426658,4.3,Lipophilicity,1,validation
CCN(CC)CCOc1ccc(C(O)(Cc2ccc(Cl)cc2)c2ccc(C)cc2)cc1,CCN(CC)CCOc1ccc(C(O)(Cc2ccc(Cl)cc2)c2ccc(C)cc2)cc1,c1ccc(CC(c2ccccc2)c2ccccc2)cc1,CHEMBL187709,3.98,Lipophilicity,1,validation
CC#Cc1ccnc(-c2cc(C3(C4CC4)N=C(C)C(N)=N3)ccc2O)c1,CC#Cc1ccnc(-c2cc(C3(C4CC4)N=C(C)C(N)=N3)ccc2O)c1,C1=NC(c2cccc(-c3ccccn3)c2)(C2CC2)N=C1,CHEMBL2180015,3.6,Lipophilicity,1,validation
CCCSc1ncccc1C(=O)N(C)C1CCOCC1,CCCSc1ncccc1C(=O)N(C)C1CCOCC1,O=C(NC1CCOCC1)c1cccnc1,CHEMBL2153177,1.63,Lipophilicity,1,validation
CS(=O)(=O)c1ccc(CC(=O)N(C2CC2)C2CCN(CCC(c3ccccc3)c3ccccc3)CC2)cc1,CS(=O)(=O)c1ccc(CC(=O)N(C2CC2)C2CCN(CCC(c3ccccc3)c3ccccc3)CC2)cc1,O=C(Cc1ccccc1)N(C1CC1)C1CCN(CCC(c2ccccc2)c2ccccc2)CC1,CHEMBL182074,2.89,Lipophilicity,1,validation
O=c1cc(-c2ccco2)[nH]c2ccccc12,O=c1cc(-c2ccco2)[nH]c2ccccc12,O=c1cc(-c2ccco2)[nH]c2ccccc12,CHEMBL2042442,2.21,Lipophilicity,1,validation
C=C(C)[C@H]1Cc2c(ccc3c2O[C@@H]2COc4cc(OC)c(OC)cc4[C@@H]2C3=O)O1,C=C(C)C1Cc2c(ccc3c2OC2COc4cc(OC)c(OC)cc4C2C3=O)O1,O=C1c2ccc3c(c2OC2COc4ccccc4C12)CCO3,CHEMBL429023,3.57,Lipophilicity,1,validation
CCCc1cc(=O)[nH]c(=S)[nH]1,CCCc1cc(=O)[nH]c(=S)[nH]1,O=c1cc[nH]c(=S)[nH]1,CHEMBL1518,0.7,Lipophilicity,1,validation
CC(C)[N+](C)(CCOC(=O)C1c2ccccc2Oc2ccccc21)C(C)C,CC(C)[N+](C)(CCOC(=O)C1c2ccccc2Oc2ccccc21)C(C)C,c1ccc2c(c1)Cc1ccccc1O2,CHEMBL1180725,0.2,Lipophilicity,1,validation
Cc1ccc(CO)cc1N(C)c1ccnc(Nc2cc(C(=O)N3CCOCC3)cc(N3CCOCC3)c2)n1,Cc1ccc(CO)cc1N(C)c1ccnc(Nc2cc(C(=O)N3CCOCC3)cc(N3CCOCC3)c2)n1,O=C(c1cc(Nc2nccc(Nc3ccccc3)n2)cc(N2CCOCC2)c1)N1CCOCC1,CHEMBL1762542,2.2,Lipophilicity,1,validation
Nc1nc(N)c2cc(NCc3ccc(Cl)c(Cl)c3)ccc2n1,Nc1nc(N)c2cc(NCc3ccc(Cl)c(Cl)c3)ccc2n1,c1ccc(CNc2ccc3ncncc3c2)cc1,CHEMBL414017,2.22,Lipophilicity,1,validation
C[C@@H]1CCCN1CCc1cc2cc(-c3ccc(C#N)cc3)ccc2o1,CC1CCCN1CCc1cc2cc(-c3ccc(C#N)cc3)ccc2o1,c1ccc(-c2ccc3oc(CCN4CCCC4)cc3c2)cc1,CHEMBL351231,3.38,Lipophilicity,2,validation
NC1(c2ccc(-c3ncc4cccnc4c3-c3ccccc3)cc2)CCC1,NC1(c2ccc(-c3ncc4cccnc4c3-c3ccccc3)cc2)CCC1,c1ccc(-c2c(-c3ccc(C4CCC4)cc3)ncc3cccnc23)cc1,CHEMBL2035031,1.7,Lipophilicity,1,validation
COc1cc(F)ccc1-c1cncc(CNC(=O)C2CC2)c1,COc1cc(F)ccc1-c1cncc(CNC(=O)C2CC2)c1,O=C(NCc1cncc(-c2ccccc2)c1)C1CC1,CHEMBL1779019,2.9,Lipophilicity,1,validation
Cc1cn([C@H]2CCCN([C@H](CC3CCOCC3)c3ccc(C(=O)O)c(Oc4cccc(Cl)c4)c3)C2)c(=O)[nH]c1=O,Cc1cn(C2CCCN(C(CC3CCOCC3)c3ccc(C(=O)O)c(Oc4cccc(Cl)c4)c3)C2)c(=O)[nH]c1=O,O=c1ccn(C2CCCN(C(CC3CCOCC3)c3cccc(Oc4ccccc4)c3)C2)c(=O)[nH]1,CHEMBL2179285,-0.25,Lipophilicity,1,validation
CCOC(=O)/C=C/[C@H](C[C@@H]1CCNC1=O)NC(=O)[C@@H](CC(=O)[C@@H](NC(=O)c1cc(C)on1)C(C)C)Cc1ccc(F)cc1,CCOC(=O)C=CC(CC1CCNC1=O)NC(=O)C(CC(=O)C(NC(=O)c1cc(C)on1)C(C)C)Cc1ccc(F)cc1,O=C(CNC(=O)c1ccon1)CC(Cc1ccccc1)C(=O)NCCC1CCNC1=O,CHEMBL20210,2.8,Lipophilicity,1,validation
CO[C@H]1CC[C@]2(CC1)Cc1ccc(-c3cncc(Br)c3)cc1C21N=C(C)C(N)=N1,COC1CCC2(CC1)Cc1ccc(-c3cncc(Br)c3)cc1C21N=C(C)C(N)=N1,C1=NC2(N=C1)c1cc(-c3cccnc3)ccc1CC21CCCCC1,CHEMBL2152918,3.4,Lipophilicity,1,validation
NC(=O)c1c(N)sc2c1CCCC2,NC(=O)c1c(N)sc2c1CCCC2,c1cc2c(s1)CCCC2,CHEMBL567508,1.84,Lipophilicity,1,validation
Cc1ccc(S(=O)(=O)N2CCN(C(=O)c3ccco3)CC2)cc1,Cc1ccc(S(=O)(=O)N2CCN(C(=O)c3ccco3)CC2)cc1,O=C(c1ccco1)N1CCN(S(=O)(=O)c2ccccc2)CC1,CHEMBL1560812,2.17,Lipophilicity,1,validation
CC(C)[C@H](NC(=O)CCc1ccccc1)C(=O)N1CCCC1,CC(C)C(NC(=O)CCc1ccccc1)C(=O)N1CCCC1,O=C(CCc1ccccc1)NCC(=O)N1CCCC1,CHEMBL429330,2.49,Lipophilicity,1,validation
CC(NC(=O)c1cc(O)nc2ccccc12)c1ccccc1,CC(NC(=O)c1cc(O)nc2ccccc12)c1ccccc1,O=C(NCc1ccccc1)c1ccnc2ccccc12,CHEMBL1431736,2.2,Lipophilicity,1,validation
CCc1cccc2c3c([nH]c12)C(CC)(CC(=O)O)OCC3,CCc1cccc2c3c([nH]c12)C(CC)(CC(=O)O)OCC3,c1ccc2c3c([nH]c2c1)COCC3,CHEMBL622,0.49,Lipophilicity,1,validation
CC(C)C[C@H](CO)Nc1nc(SCc2ccncc2)nc2nc(N)sc12,CC(C)CC(CO)Nc1nc(SCc2ccncc2)nc2nc(N)sc12,c1cc(CSc2ncc3scnc3n2)ccn1,CHEMBL2349309,2.9,Lipophilicity,1,validation
Cc1ccc(C(=O)NC2CC2)cc1-c1ccc(C(=O)NCC2CC2)nc1,Cc1ccc(C(=O)NC2CC2)cc1-c1ccc(C(=O)NCC2CC2)nc1,O=C(NC1CC1)c1cccc(-c2ccc(C(=O)NCC3CC3)nc2)c1,CHEMBL1782167,3.36,Lipophilicity,1,validation
c1cncc(-c2ccc(-c3nnc(C4CN5CCC4CC5)o3)o2)c1,c1cncc(-c2ccc(-c3nnc(C4CN5CCC4CC5)o3)o2)c1,c1cncc(-c2ccc(-c3nnc(C4CN5CCC4CC5)o3)o2)c1,CHEMBL2069929,1.2,Lipophilicity,1,validation
Cn1c(=N)n(CC(=O)c2ccc(Cl)cc2)c2ccccc21,Cn1c(=N)n(CC(=O)c2ccc(Cl)cc2)c2ccccc21,N=c1[nH]c2ccccc2n1CC(=O)c1ccccc1,CHEMBL272282,1.63,Lipophilicity,1,validation
O=C1CN(N=Cc2ccc(-c3ccc([N+](=O)[O-])cc3)o2)C(O)=N1,O=C1CN(N=Cc2ccc(-c3ccc([N+](=O)[O-])cc3)o2)C(O)=N1,O=C1CN(N=Cc2ccc(-c3ccccc3)o2)C=N1,CHEMBL1741132,1.35,Lipophilicity,1,validation
CN1CC(=O)N2[C@H](c3ccc4c(c3)OCO4)c3[nH]c4ccccc4c3C[C@@H]2C1=O,CN1CC(=O)N2C(Cc3c([nH]c4ccccc34)C2c2ccc3c(c2)OCO3)C1=O,O=C1NCC(=O)N2C1Cc1c([nH]c3ccccc13)C2c1ccc2c(c1)OCO2,CHEMBL779,2.6,Lipophilicity,1,validation
Cc1ccnc(NCc2c(O)ccc3ccccc23)c1,Cc1ccnc(NCc2c(O)ccc3ccccc23)c1,c1ccc(NCc2cccc3ccccc23)nc1,CHEMBL1539253,4.24,Lipophilicity,1,validation
CCCCCCN1CC[C@]2(C)c3cc(O)ccc3CC1[C@@H]2C,CCCCCCN1CCC2(C)c3cc(O)ccc3CC1C2C,c1ccc2c(c1)CC1CC2CCN1,CHEMBL114123,2.5,Lipophilicity,1,validation
Fc1ncccc1OC[C@@H]1CCN1,Fc1ncccc1OCC1CCN1,c1cncc(OCC2CCN2)c1,CHEMBL308538,-1.2,Lipophilicity,1,validation
c1ccc(-c2cc(NCCCCNc3cc(-c4ccccc4)nc4ccccc34)c3ccccc3n2)cc1,c1ccc(-c2cc(NCCCCNc3cc(-c4ccccc4)nc4ccccc34)c3ccccc3n2)cc1,c1ccc(-c2cc(NCCCCNc3cc(-c4ccccc4)nc4ccccc34)c3ccccc3n2)cc1,CHEMBL530184,3.65,Lipophilicity,1,validation
NC1(c2ccc(-n3c(-c4ccccc4)nc4ccccc4c3=O)cc2)CCC1,NC1(c2ccc(-n3c(-c4ccccc4)nc4ccccc4c3=O)cc2)CCC1,O=c1c2ccccc2nc(-c2ccccc2)n1-c1ccc(C2CCC2)cc1,CHEMBL2035039,1.6,Lipophilicity,1,validation
CN1C(=O)CC(C)(CCc2cccc(-c3ccccc3)c2)N=C1N,CN1C(=O)CC(C)(CCc2cccc(-c3ccccc3)c2)N=C1N,O=C1CC(CCc2cccc(-c3ccccc3)c2)N=CN1,CHEMBL239640,2.03,Lipophilicity,1,validation
COc1cccc([C@@H](C)NCCCc2ccccc2Cl)c1,COc1cccc(C(C)NCCCc2ccccc2Cl)c1,c1ccc(CCCNCc2ccccc2)cc1,CHEMBL292376,3.0,Lipophilicity,1,validation
Cn1cncc1-c1c2c(=O)n(CC3CC3)c(=O)n(CC3CC3)c2nn1Cc1ccnc2ccc(Cl)cc12,Cn1cncc1-c1c2c(=O)n(CC3CC3)c(=O)n(CC3CC3)c2nn1Cc1ccnc2ccc(Cl)cc12,O=c1c2c(-c3cnc[nH]3)n(Cc3ccnc4ccccc34)nc2n(CC2CC2)c(=O)n1CC1CC1,CHEMBL2087849,4.33,Lipophilicity,1,validation
N=C(N)NC(=O)c1nc(Cl)c(NCc2ccncc2)nc1N,N=C(N)NC(=O)c1nc(Cl)c(NCc2ccncc2)nc1N,c1cc(CNc2cnccn2)ccn1,CHEMBL1962616,-0.51,Lipophilicity,1,validation
c1ccc2nc(C3=NCCN3)ccc2c1,c1ccc2nc(C3=NCCN3)ccc2c1,c1ccc2nc(C3=NCCN3)ccc2c1,CHEMBL13698,0.6,Lipophilicity,1,validation
CCn1cc(C(=O)O)c(=O)c2cc(F)c(N3CCNCC3)nc21,CCn1cc(C(=O)O)c(=O)c2cc(F)c(N3CCNCC3)nc21,O=c1cc[nH]c2nc(N3CCNCC3)ccc12,CHEMBL826,-0.83,Lipophilicity,1,validation
C[C@H](Cc1cccc(CC(=O)NC23CC4CC(CC(C4)C2)C3)c1)NC[C@H](O)c1ccc(O)c(CO)c1,CC(Cc1cccc(CC(=O)NC23CC4CC(CC(C4)C2)C3)c1)NCC(O)c1ccc(O)c(CO)c1,O=C(Cc1cccc(CCNCCc2ccccc2)c1)NC12CC3CC(CC(C3)C1)C2,CHEMBL402501,2.4,Lipophilicity,1,validation
N=C(N)Nc1cc(Cl)nc(-c2ccccc2)n1,N=C(N)Nc1cc(Cl)nc(-c2ccccc2)n1,c1ccc(-c2ncccn2)cc1,CHEMBL422329,2.16,Lipophilicity,1,validation
CC1=C(C2=C(C)C(=O)c3c(cc(O)c(O)c3CCc3ccc(C)cc3)C2=O)C(=O)c2cc(O)c(O)c(CCc3ccc(C)cc3)c2C1=O,CC1=C(C2=C(C)C(=O)c3c(cc(O)c(O)c3CCc3ccc(C)cc3)C2=O)C(=O)c2cc(O)c(O)c(CCc3ccc(C)cc3)c2C1=O,O=C1C(C2=CC(=O)c3c(CCc4ccccc4)cccc3C2=O)=CC(=O)c2c(CCc3ccccc3)cccc21,CHEMBL1269076,3.36,Lipophilicity,1,validation
O=C(Nc1ccc(Cl)c(S(=O)(=O)N2CCNCC2)c1O)Nc1cccc(F)c1Cl,O=C(Nc1ccc(Cl)c(S(=O)(=O)N2CCNCC2)c1O)Nc1cccc(F)c1Cl,O=C(Nc1ccccc1)Nc1cccc(S(=O)(=O)N2CCNCC2)c1,CHEMBL2178579,2.6,Lipophilicity,1,validation
NS(=O)(=O)c1cc(C2(O)NC(=O)c3ccccc32)ccc1Cl,NS(=O)(=O)c1cc(C2(O)NC(=O)c3ccccc32)ccc1Cl,O=C1NC(c2ccccc2)c2ccccc21,CHEMBL1055,0.97,Lipophilicity,1,validation
O=C1CN(C(=O)c2ccco2)C(c2ccccc2)c2cc(Cl)ccc2N1,O=C1CN(C(=O)c2ccco2)C(c2ccccc2)c2cc(Cl)ccc2N1,O=C1CN(C(=O)c2ccco2)C(c2ccccc2)c2ccccc2N1,CHEMBL1431112,3.0,Lipophilicity,1,validation
COc1ccc2ncc(C#N)c(CCN3CCC(NCc4cc5c(cn4)OCS5)CC3)c2c1,COc1ccc2ncc(C#N)c(CCN3CCC(NCc4cc5c(cn4)OCS5)CC3)c2c1,c1ccc2c(CCN3CCC(NCc4cc5c(cn4)OCS5)CC3)ccnc2c1,CHEMBL1235773,2.55,Lipophilicity,1,validation
O=c1[nH]c2cc(Cl)ccc2c(O)c1-c1cccc(Oc2ccccc2)c1,O=c1[nH]c2cc(Cl)ccc2c(O)c1-c1cccc(Oc2ccccc2)c1,O=c1[nH]c2ccccc2cc1-c1cccc(Oc2ccccc2)c1,CHEMBL31741,2.96,Lipophilicity,1,validation
O=C(COc1ccccc1)c1ccccc1,O=C(COc1ccccc1)c1ccccc1,O=C(COc1ccccc1)c1ccccc1,CHEMBL239513,2.87,Lipophilicity,1,validation
CCC(CC)NC(=O)c1cnn(-c2ccccn2)c1NS(=O)(=O)c1ccc(C)cc1,CCC(CC)NC(=O)c1cnn(-c2ccccn2)c1NS(=O)(=O)c1ccc(C)cc1,O=S(=O)(Nc1ccnn1-c1ccccn1)c1ccccc1,CHEMBL1916266,0.27,Lipophilicity,1,validation
Nc1nc(Nc2ccc(S(N)(=O)=O)cc2)nn1C(=O)c1c(F)cccc1F,Nc1nc(Nc2ccc(S(N)(=O)=O)cc2)nn1C(=O)c1c(F)cccc1F,O=C(c1ccccc1)n1cnc(Nc2ccccc2)n1,CHEMBL191003,1.87,Lipophilicity,1,validation
CC(C)c1cc(C(=O)N2Cc3ccc(CN4CCN(C)CC4)cc3C2)c(O)cc1O,CC(C)c1cc(C(=O)N2Cc3ccc(CN4CCN(C)CC4)cc3C2)c(O)cc1O,O=C(c1ccccc1)N1Cc2ccc(CN3CCNCC3)cc2C1,CHEMBL1214827,2.5,Lipophilicity,1,validation
COc1ccccc1C(C#N)NC(=O)[C@@H]1CCCC[C@H]1C(=O)N1CCN(Cc2ccc(F)cc2)CC1,COc1ccccc1C(C#N)NC(=O)C1CCCCC1C(=O)N1CCN(Cc2ccc(F)cc2)CC1,O=C(NCc1ccccc1)C1CCCCC1C(=O)N1CCN(Cc2ccccc2)CC1,CHEMBL2164670,3.57,Lipophilicity,1,validation
COc1ccc(C(=O)C2CCN(C(=O)c3ccco3)CC2)cc1,COc1ccc(C(=O)C2CCN(C(=O)c3ccco3)CC2)cc1,O=C(c1ccccc1)C1CCN(C(=O)c2ccco2)CC1,CHEMBL1545465,2.42,Lipophilicity,1,validation
N#Cc1ccc(Nc2nccc(NC3CC3)n2)cc1,N#Cc1ccc(Nc2nccc(NC3CC3)n2)cc1,c1ccc(Nc2nccc(NC3CC3)n2)cc1,CHEMBL1927039,3.01,Lipophilicity,1,validation
CC1=C(CC(=O)O)c2cc(F)ccc2/C1=C\c1ccc([S+](C)[O-])cc1,CC1=C(CC(=O)O)c2cc(F)ccc2C1=Cc1ccc([S+](C)[O-])cc1,C1=Cc2ccccc2C1=Cc1ccccc1,CHEMBL15770,-0.01,Lipophilicity,1,validation
O=CN(O)C1(CS(=O)(=O)N2CCN(c3ccc(F)cc3)CC2)CCC1,O=CN(O)C1(CS(=O)(=O)N2CCN(c3ccc(F)cc3)CC2)CCC1,O=S(=O)(CC1CCC1)N1CCN(c2ccccc2)CC1,CHEMBL1784355,1.34,Lipophilicity,1,validation
COc1cc2ncnc(Nc3cc4ccccc4cn3)c2cc1OC,COc1cc2ncnc(Nc3cc4ccccc4cn3)c2cc1OC,c1ccc2cc(Nc3ncnc4ccccc34)ncc2c1,CHEMBL91428,3.9,Lipophilicity,1,validation
COC(=O)C1C(OC(=O)c2ccccc2)CC2CCC1N2C,COC(=O)C1C(OC(=O)c2ccccc2)CC2CCC1N2C,O=C(OC1CC2CCC(C1)N2)c1ccccc1,CHEMBL32363,1.06,Lipophilicity,1,validation
CN(CCCc1ccccc1)S(=O)(=O)c1cc(C(=O)N2CCc3ccc(S(=O)(=O)NCCc4ccccc4)cc3C2)c(O)c(O)c1O,CN(CCCc1ccccc1)S(=O)(=O)c1cc(C(=O)N2CCc3ccc(S(=O)(=O)NCCc4ccccc4)cc3C2)c(O)c(O)c1O,O=C(c1cccc(S(=O)(=O)NCCCc2ccccc2)c1)N1CCc2ccc(S(=O)(=O)NCCc3ccccc3)cc2C1,CHEMBL376055,0.75,Lipophilicity,1,validation
C1=C(c2cc3ccccc3o2)C2CCN1CC2,C1=C(c2cc3ccccc3o2)C2CCN1CC2,C1=C(c2cc3ccccc3o2)C2CCN1CC2,CHEMBL109405,2.59,Lipophilicity,1,validation
CCN(CC)C(=O)c1ccc(C(c2cccc3cccnc23)N2CCNCC2)cc1,CCN(CC)C(=O)c1ccc(C(c2cccc3cccnc23)N2CCNCC2)cc1,c1ccc(C(c2cccc3cccnc23)N2CCNCC2)cc1,CHEMBL129420,0.7,Lipophilicity,1,validation
CN[C@@H](C)C(=O)N[C@H](C(=O)N[C@H]1CCN(C(=O)Cc2ccccc2)C1)C1CCCCC1,CNC(C)C(=O)NC(C(=O)NC1CCN(C(=O)Cc2ccccc2)C1)C1CCCCC1,O=C(CC1CCCCC1)NC1CCN(C(=O)Cc2ccccc2)C1,CHEMBL1950725,0.81,Lipophilicity,1,validation
C[C@@H]1CN(C(=O)OC(C)(C)C)CCN1c1ncc(OCC2CCN(S(C)(=O)=O)CC2)cn1,CC1CN(C(=O)OC(C)(C)C)CCN1c1ncc(OCC2CCN(S(C)(=O)=O)CC2)cn1,c1nc(N2CCNCC2)ncc1OCC1CCNCC1,CHEMBL2086668,3.5,Lipophilicity,1,validation
CCCc1cc(OCc2ccccc2)cc(=O)n1Cc1ccc(-c2ccccc2-c2nn[nH]n2)cc1,CCCc1cc(OCc2ccccc2)cc(=O)n1Cc1ccc(-c2ccccc2-c2nn[nH]n2)cc1,O=c1cc(OCc2ccccc2)ccn1Cc1ccc(-c2ccccc2-c2nn[nH]n2)cc1,CHEMBL22442,2.4,Lipophilicity,1,validation
CNCCCC12CCC(c3ccccc31)c1ccccc12,CNCCCC12CCC(c3ccccc31)c1ccccc12,c1ccc2c(c1)C1CCC2c2ccccc21,CHEMBL21731,0.89,Lipophilicity,1,validation
C[C@@H]1CN(CC2(C(N)=O)CC2)CCN1S(=O)(=O)c1ccc(C(C)(O)C(F)(F)F)cc1,CC1CN(CC2(C(N)=O)CC2)CCN1S(=O)(=O)c1ccc(C(C)(O)C(F)(F)F)cc1,O=S(=O)(c1ccccc1)N1CCN(CC2CC2)CC1,CHEMBL465955,1.03,Lipophilicity,1,validation
C1CCC(C(CC2CCCCN2)C2CCCCC2)CC1,C1CCC(C(CC2CCCCN2)C2CCCCC2)CC1,C1CCC(C(CC2CCCCN2)C2CCCCC2)CC1,CHEMBL75880,3.02,Lipophilicity,1,validation
c1ccc2[nH]c(-c3cscn3)nc2c1,c1ccc2[nH]c(-c3cscn3)nc2c1,c1ccc2[nH]c(-c3cscn3)nc2c1,CHEMBL625,2.35,Lipophilicity,1,validation
CC(=O)Nc1ccc2ccn(-c3cc(NC4COC4)n4ncc(C#N)c4n3)c2c1,CC(=O)Nc1ccc2ccn(-c3cc(NC4COC4)n4ncc(C#N)c4n3)c2c1,c1ccc2c(c1)ccn2-c1cc(NC2COC2)n2nccc2n1,CHEMBL2062571,2.24,Lipophilicity,1,validation
COc1ccc2nc(C)cc(OCC(=O)NCc3ccccc3)c2c1,COc1ccc2nc(C)cc(OCC(=O)NCc3ccccc3)c2c1,O=C(COc1ccnc2ccccc12)NCc1ccccc1,CHEMBL2098183,3.2,Lipophilicity,1,validation
Cc1c(-c2ccccc2F)c(=O)n(C[C@H](N)c2ccccc2)c(=O)n1Cc1c(F)cccc1F,Cc1c(-c2ccccc2F)c(=O)n(CC(N)c2ccccc2)c(=O)n1Cc1c(F)cccc1F,O=c1c(-c2ccccc2)cn(Cc2ccccc2)c(=O)n1CCc1ccccc1,CHEMBL359810,2.76,Lipophilicity,1,validation
COc1cc2ncnc(Nc3ccncc3)c2cc1OC,COc1cc2ncnc(Nc3ccncc3)c2cc1OC,c1ccc2c(Nc3ccncc3)ncnc2c1,CHEMBL2333993,2.22,Lipophilicity,1,validation
COc1cnc(-c2ccccn2)nc1N(C)c1ccccc1,COc1cnc(-c2ccccn2)nc1N(C)c1ccccc1,c1ccc(Nc2ccnc(-c3ccccn3)n2)cc1,CHEMBL1534781,2.79,Lipophilicity,1,validation
O=C(CN1CCOCC1)Nc1ccc(-c2cccc3c(=O)cc(N4CCOCC4)oc23)cc1-c1ccccc1,O=C(CN1CCOCC1)Nc1ccc(-c2cccc3c(=O)cc(N4CCOCC4)oc23)cc1-c1ccccc1,O=C(CN1CCOCC1)Nc1ccc(-c2cccc3c(=O)cc(N4CCOCC4)oc23)cc1-c1ccccc1,CHEMBL1669170,3.4,Lipophilicity,1,validation
CC(C)C(NC(=O)Cn1c(-c2cccnc2)ncc(NC(=O)OCc2ccccc2)c1=O)C(=O)C(F)(F)F,CC(C)C(NC(=O)Cn1c(-c2cccnc2)ncc(NC(=O)OCc2ccccc2)c1=O)C(=O)C(F)(F)F,O=C(Nc1cnc(-c2cccnc2)[nH]c1=O)OCc1ccccc1,CHEMBL11032,2.15,Lipophilicity,1,validation
Nc1ncnc2sc(-c3c(-c4ccccc4)ncn3C[C@H]3CCCO3)nc12,Nc1ncnc2sc(-c3c(-c4ccccc4)ncn3CC3CCCO3)nc12,c1ccc(-c2ncn(CC3CCCO3)c2-c2nc3cncnc3s2)cc1,CHEMBL1079772,2.65,Lipophilicity,1,validation
O=C(NO)[C@@H](Cc1ccc2ccccc2c1)NS(=O)(=O)c1ccc2ccccc2c1,O=C(NO)C(Cc1ccc2ccccc2c1)NS(=O)(=O)c1ccc2ccccc2c1,O=S(=O)(NCCc1ccc2ccccc2c1)c1ccc2ccccc2c1,CHEMBL261713,3.23,Lipophilicity,1,validation
Cc1cc(Nc2ncc(F)c(N[C@H]3[C@@H](C(N)=O)[C@@H]4C=C[C@H]3C4)n2)ccc1N1CCN(C)CC1,Cc1cc(Nc2ncc(F)c(NC3C4C=CC(C4)C3C(N)=O)n2)ccc1N1CCN(C)CC1,C1=CC2CC1CC2Nc1ccnc(Nc2ccc(N3CCNCC3)cc2)n1,CHEMBL1614709,2.9,Lipophilicity,1,validation
CC1=C(C(=O)O)N2C(=O)[C@@H](NC(=O)[C@H](N)c3ccc(O)cc3)[C@H]2SC1,CC1=C(C(=O)O)N2C(=O)C(NC(=O)C(N)c3ccc(O)cc3)C2SC1,O=C(Cc1ccccc1)NC1C(=O)N2C=CCSC12,CHEMBL1644,-0.86,Lipophilicity,1,validation
CCCc1nn(C)c2c(=O)[nH]c(-c3cc(S(=O)(=O)N4CCN(C)CC4)ccc3OCC)nc12,CCCc1nn(C)c2c(=O)[nH]c(-c3cc(S(=O)(=O)N4CCN(C)CC4)ccc3OCC)nc12,O=c1[nH]c(-c2cccc(S(=O)(=O)N3CCNCC3)c2)nc2cn[nH]c12,CHEMBL192,2.8,Lipophilicity,1,validation
COc1cc2c(NC(=O)Nc3c(Cl)cccc3Cl)ncnc2cc1OCC1CCN(C)CC1,COc1cc2c(NC(=O)Nc3c(Cl)cccc3Cl)ncnc2cc1OCC1CCN(C)CC1,O=C(Nc1ccccc1)Nc1ncnc2cc(OCC3CCNCC3)ccc12,CHEMBL216749,2.7,Lipophilicity,1,validation
FC(F)c1nc2ccccc2n1-c1nc(N2CCOCC2)nc(N2CCOCC2)n1,FC(F)c1nc2ccccc2n1-c1nc(N2CCOCC2)nc(N2CCOCC2)n1,c1ccc2c(c1)ncn2-c1nc(N2CCOCC2)nc(N2CCOCC2)n1,CHEMBL586702,3.04,Lipophilicity,1,validation
Cc1ccc(NC(=O)c2cccc(N3CCOCC3)c2)cc1-n1cnc2ccc(N3CCN(C)CC3)cc2c1=O,Cc1ccc(NC(=O)c2cccc(N3CCOCC3)c2)cc1-n1cnc2ccc(N3CCN(C)CC3)cc2c1=O,O=C(Nc1cccc(-n2cnc3ccc(N4CCNCC4)cc3c2=O)c1)c1cccc(N2CCOCC2)c1,CHEMBL2031221,2.69,Lipophilicity,1,validation
CCC(c1nc2snc(C)c2c(=O)n1Cc1ccccc1)N(CCCN)C(=O)c1ccc(C)cc1,CCC(c1nc2snc(C)c2c(=O)n1Cc1ccccc1)N(CCCN)C(=O)c1ccc(C)cc1,O=C(NCc1nc2sncc2c(=O)n1Cc1ccccc1)c1ccccc1,CHEMBL1829430,1.61,Lipophilicity,1,validation
Cc1cc(COc2ccc(NC(=O)[C@@H]3[C@@H](C(=O)NO)CCCN3C)cc2)c2ccccc2n1,Cc1cc(COc2ccc(NC(=O)C3C(C(=O)NO)CCCN3C)cc2)c2ccccc2n1,O=C(Nc1ccc(OCc2ccnc3ccccc23)cc1)C1CCCCN1,CHEMBL134908,2.41,Lipophilicity,1,validation
CCOC(=O)C1(c2cccc(O)c2)CCCN(CC2CC2)C1,CCOC(=O)C1(c2cccc(O)c2)CCCN(CC2CC2)C1,c1ccc(C2CCCN(CC3CC3)C2)cc1,CHEMBL1190521,1.89,Lipophilicity,1,validation
CN1CCN(CCOc2n[nH]c3ncnc(Nc4ccc(OCc5ccccn5)c(Cl)c4)c23)CC1,CN1CCN(CCOc2n[nH]c3ncnc(Nc4ccc(OCc5ccccn5)c(Cl)c4)c23)CC1,c1ccc(COc2ccc(Nc3ncnc4[nH]nc(OCCN5CCNCC5)c34)cc2)nc1,CHEMBL258282,2.45,Lipophilicity,1,validation
CC1(C(=O)NC2CCCCC2)CCC(=O)N1Cc1cccs1,CC1(C(=O)NC2CCCCC2)CCC(=O)N1Cc1cccs1,O=C(NC1CCCCC1)C1CCC(=O)N1Cc1cccs1,CHEMBL1575541,2.15,Lipophilicity,1,validation
Cc1oc(-c2ccc(Cl)cc2)cc1C(=O)O,Cc1oc(-c2ccc(Cl)cc2)cc1C(=O)O,c1ccc(-c2ccco2)cc1,CHEMBL1438047,1.67,Lipophilicity,1,validation
Cc1sc2ncnc(SCC(=O)N3CCCC3)c2c1C,Cc1sc2ncnc(SCC(=O)N3CCCC3)c2c1C,O=C(CSc1ncnc2sccc12)N1CCCC1,CHEMBL1461445,2.89,Lipophilicity,1,validation
CC(C)Cn1c(=O)n(C)c(=O)c2c(-c3cncn3C)n(Cc3cccc4ccccc34)nc21,CC(C)Cn1c(=O)n(C)c(=O)c2c(-c3cncn3C)n(Cc3cccc4ccccc34)nc21,O=c1[nH]c(=O)c2c(-c3cnc[nH]3)n(Cc3cccc4ccccc34)nc2[nH]1,CHEMBL2088120,4.1,Lipophilicity,1,validation
CN1CCc2c1nc1ccccc1c2NC(=O)Cc1ccccc1,CN1CCc2c1nc1ccccc1c2NC(=O)Cc1ccccc1,O=C(Cc1ccccc1)Nc1c2c(nc3ccccc13)NCC2,CHEMBL287200,2.8,Lipophilicity,1,validation
O=C(NCC1CCOCC1)c1ncccc1NC(=O)c1cccc2ccccc12,O=C(NCC1CCOCC1)c1ncccc1NC(=O)c1cccc2ccccc12,O=C(NCC1CCOCC1)c1ncccc1NC(=O)c1cccc2ccccc12,CHEMBL2316396,4.4,Lipophilicity,1,validation
CCN(CC)CCOc1ccc(N(C)C(=O)c2ccc(-c3ccc(C(F)(F)F)cc3)cc2)cc1OC,CCN(CC)CCOc1ccc(N(C)C(=O)c2ccc(-c3ccc(C(F)(F)F)cc3)cc2)cc1OC,O=C(Nc1ccccc1)c1ccc(-c2ccccc2)cc1,CHEMBL2110360,3.13,Lipophilicity,1,validation
c1ccc(CCNCc2ccccc2)cc1,c1ccc(CCNCc2ccccc2)cc1,c1ccc(CCNCc2ccccc2)cc1,CHEMBL1618762,1.65,Lipophilicity,1,validation
CN1CCOc2cc(OC(=O)c3ccccc3)cnc21,CN1CCOc2cc(OC(=O)c3ccccc3)cnc21,O=C(Oc1cnc2c(c1)OCCN2)c1ccccc1,CHEMBL1682829,3.3,Lipophilicity,1,validation
CN[C@H]1CC[C@@H](c2ccc(Cl)c(Cl)c2)c2ccccc21,CNC1CCC(c2ccc(Cl)c(Cl)c2)c2ccccc21,c1ccc(C2CCCc3ccccc32)cc1,CHEMBL809,3.15,Lipophilicity,1,validation
O=C(Nc1nnn[nH]1)c1cc(Oc2ccccc2)c2ccccn2c1=O,O=C(Nc1nnn[nH]1)c1cc(Oc2ccccc2)c2ccccn2c1=O,O=C(Nc1nnn[nH]1)c1cc(Oc2ccccc2)c2ccccn2c1=O,CHEMBL2104625,0.67,Lipophilicity,1,validation
O=C(c1ccc(C(=C2CCN(Cc3cscn3)CC2)c2cccc3cccnc23)cc1)N1CCCC1,O=C(c1ccc(C(=C2CCN(Cc3cscn3)CC2)c2cccc3cccnc23)cc1)N1CCCC1,O=C(c1ccc(C(=C2CCN(Cc3cscn3)CC2)c2cccc3cccnc23)cc1)N1CCCC1,CHEMBL1946026,2.75,Lipophilicity,1,validation
C[C@@H]1CN(c2nc(N3CCOCC3)c3ccc(Nc4ccccc4)nc3n2)C[C@H](C)O1,CC1CN(c2nc(N3CCOCC3)c3ccc(Nc4ccccc4)nc3n2)CC(C)O1,c1ccc(Nc2ccc3c(N4CCOCC4)nc(N4CCOCC4)nc3n2)cc1,CHEMBL1079324,4.12,Lipophilicity,1,validation
COc1cc(C(=O)NCc2ccc(OCCN(C)C)cc2)cc(OC)c1OC,COc1cc(C(=O)NCc2ccc(OCCN(C)C)cc2)cc(OC)c1OC,O=C(NCc1ccccc1)c1ccccc1,CHEMBL1201256,0.74,Lipophilicity,1,validation
CCC[C@@H](CNC(=O)c1nc(Cl)c(N)nc1N)[N+](C)(C)CCCc1ccc(OC)cc1,CCCC(CNC(=O)c1nc(Cl)c(N)nc1N)[N+](C)(C)CCCc1ccc(OC)cc1,O=C(NCC[NH2+]CCCc1ccccc1)c1cnccn1,CHEMBL2021706,0.4,Lipophilicity,1,validation
CC(=O)O[C@H]1CC[C@]2(C=O)[C@H]3CC[C@]4(C)[C@@H](C5=CC(=O)OC5)CC[C@]4(O)[C@@H]3CC[C@]2(O)C1,CC(=O)OC1CCC2(C=O)C3CCC4(C)C(C5=CC(=O)OC5)CCC4(O)C3CCC2(O)C1,O=C1C=C(C2CCC3C2CCC2C4CCCCC4CCC23)CO1,CHEMBL1981679,0.64,Lipophilicity,1,validation
NCCCCN(Cc1nc2ccccc2[nH]1)C1CCCc2cccnc21,NCCCCN(Cc1nc2ccccc2[nH]1)C1CCCc2cccnc21,c1cnc2c(c1)CCCC2NCc1nc2ccccc2[nH]1,CHEMBL1088913,0.83,Lipophilicity,1,validation
CN1CCN(c2ccc(NC(=O)c3nnc(Nc4ccccc4F)o3)cn2)CC1,CN1CCN(c2ccc(NC(=O)c3nnc(Nc4ccccc4F)o3)cn2)CC1,O=C(Nc1ccc(N2CCNCC2)nc1)c1nnc(Nc2ccccc2)o1,CHEMBL2036576,2.36,Lipophilicity,1,validation
CC(C)(O)c1ccccc1CC[C@@H](SCC1(CC(=O)O)CC1)c1cccc(/C=C/c2ccc3ccc(Cl)cc3n2)c1,CC(C)(O)c1ccccc1CCC(SCC1(CC(=O)O)CC1)c1cccc(C=Cc2ccc3ccc(Cl)cc3n2)c1,C(=Cc1ccc2ccccc2n1)c1cccc(C(CCc2ccccc2)SCC2CC2)c1,CHEMBL787,3.45,Lipophilicity,1,validation
O=C(NCCCCc1ccccc1)c1ccccc1,O=C(NCCCCc1ccccc1)c1ccccc1,O=C(NCCCCc1ccccc1)c1ccccc1,CHEMBL1727809,3.8,Lipophilicity,1,validation
C[C@H]1O[C@@H](n2cnc3c(N)nc(OC4CC5CC5C4)nc32)[C@H](O)[C@@H]1O,CC1OC(n2cnc3c(N)nc(OC4CC5CC5C4)nc32)C(O)C1O,c1nc(OC2CC3CC3C2)nc2c1ncn2C1CCCO1,CHEMBL1807852,1.66,Lipophilicity,1,validation
Nc1nc(NCc2ccccc2)nc2c1nc(O)n2Cc1ccccc1,Nc1nc(NCc2ccccc2)nc2c1nc(O)n2Cc1ccccc1,c1ccc(CNc2ncc3ncn(Cc4ccccc4)c3n2)cc1,CHEMBL380936,3.69,Lipophilicity,1,validation
N#Cc1c(-c2ccc(-c3ccccc3CN3CCOCC3)cc2)nc2ccncc2c1O,N#Cc1c(-c2ccc(-c3ccccc3CN3CCOCC3)cc2)nc2ccncc2c1O,c1ccc(-c2ccc(-c3ccc4cnccc4n3)cc2)c(CN2CCOCC2)c1,CHEMBL1957377,2.0,Lipophilicity,1,validation
Clc1ccc2c(c1)CCc1cccnc1C2=C1CCNCC1,Clc1ccc2c(c1)CCc1cccnc1C2=C1CCNCC1,c1ccc2c(c1)CCc1cccnc1C2=C1CCNCC1,CHEMBL1172,1.48,Lipophilicity,1,validation
Cc1cc(C)cc(-c2[nH]c3ccc(C(C)(C)C(=O)N4C5CCC4CC5)cc3c2CCNCCCCc2ccncc2)c1,Cc1cc(C)cc(-c2[nH]c3ccc(C(C)(C)C(=O)N4C5CCC4CC5)cc3c2CCNCCCCc2ccncc2)c1,O=C(Cc1ccc2[nH]c(-c3ccccc3)c(CCNCCCCc3ccncc3)c2c1)N1C2CCC1CC2,CHEMBL48616,4.3,Lipophilicity,1,validation
CC1=C(C2=C(C)C(=O)c3c(cc(O)c(O)c3Cc3ccccc3)C2=O)C(=O)c2cc(O)c(O)c(Cc3ccccc3)c2C1=O,CC1=C(C2=C(C)C(=O)c3c(cc(O)c(O)c3Cc3ccccc3)C2=O)C(=O)c2cc(O)c(O)c(Cc3ccccc3)c2C1=O,O=C1C(C2=CC(=O)c3c(Cc4ccccc4)cccc3C2=O)=CC(=O)c2c(Cc3ccccc3)cccc21,CHEMBL1269107,2.73,Lipophilicity,1,validation
CCCCN1Cc2c(nc3cc(-c4ccco4)nn3c2O)C1=O,CCCCN1Cc2c(nc3cc(-c4ccco4)nn3c2O)C1=O,O=C1NCc2cn3nc(-c4ccco4)cc3nc21,CHEMBL1455292,0.8,Lipophilicity,1,validation
Nc1nc(SCc2ccccc2)nc2c1ncn2[C@@H]1O[C@H](CO)[C@@H](O)[C@H]1O,Nc1nc(SCc2ccccc2)nc2c1ncn2C1OC(CO)C(O)C1O,c1ccc(CSc2ncc3ncn(C4CCCO4)c3n2)cc1,CHEMBL577458,1.24,Lipophilicity,1,validation
Cc1ccc(S(=O)(=O)Nc2c(C(=O)N[C@@H](C)C(C)(C)C)c(C)nn2C2CCOCC2)cc1,Cc1ccc(S(=O)(=O)Nc2c(C(=O)NC(C)C(C)(C)C)c(C)nn2C2CCOCC2)cc1,O=S(=O)(Nc1ccnn1C1CCOCC1)c1ccccc1,CHEMBL1934422,0.5,Lipophilicity,1,validation
CN1CCCC1c1cccnc1,CN1CCCC1c1cccnc1,c1cncc(C2CCCN2)c1,CHEMBL440464,0.5,Lipophilicity,1,validation
COc1cccc([C@H](O)C2CCN(CCc3ccc(F)cc3)CC2)c1OC,COc1cccc(C(O)C2CCN(CCc3ccc(F)cc3)CC2)c1OC,c1ccc(CCN2CCC(Cc3ccccc3)CC2)cc1,CHEMBL74355,1.7,Lipophilicity,1,validation
COc1cc(-c2c(F)ccc3c(N)c(C(=O)NC4CC4)nnc23)c(OC)nn1,COc1cc(-c2c(F)ccc3c(N)c(C(=O)NC4CC4)nnc23)c(OC)nn1,O=C(NC1CC1)c1cc2cccc(-c3ccnnc3)c2nn1,CHEMBL1783285,2.75,Lipophilicity,1,validation
c1ccc([C@H]2CN3CCSC3=N2)cc1,c1ccc(C2CN3CCSC3=N2)cc1,c1ccc(C2CN3CCSC3=N2)cc1,CHEMBL1454,0.81,Lipophilicity,1,validation
Cc1ccc(-c2ccc3c(ccc4sc5c(c43)NC[C@@H](C)NC5=O)n2)cn1,Cc1ccc(-c2ccc3c(ccc4sc5c(c43)NCC(C)NC5=O)n2)cn1,O=C1NCCNc2c1sc1ccc3nc(-c4cccnc4)ccc3c21,CHEMBL1231206,3.6,Lipophilicity,1,validation
C[C@]12CCC(=O)C=C1CC[C@@H]1[C@@H]2C(=O)C[C@@]2(C)[C@H]1CC[C@]2(O)C(=O)CO,CC12CCC(=O)C=C1CCC1C2C(=O)CC2(C)C1CCC2(O)C(=O)CO,O=C1C=C2CCC3C4CCCC4CC(=O)C3C2CC1,CHEMBL1499,1.4,Lipophilicity,1,validation
CC(C)Cn1c(=O)n(C)c(=O)c2c(C(=O)N3CC=CC3)c(Cc3ccccc3C(F)(F)F)sc21,CC(C)Cn1c(=O)n(C)c(=O)c2c(C(=O)N3CC=CC3)c(Cc3ccccc3C(F)(F)F)sc21,O=C(c1c(Cc2ccccc2)sc2[nH]c(=O)[nH]c(=O)c12)N1CC=CC1,CHEMBL1221551,3.53,Lipophilicity,1,validation
CS(=O)(=O)c1cccc(Nc2nccc(Nc3cccc4ncoc34)n2)c1,CS(=O)(=O)c1cccc(Nc2nccc(Nc3cccc4ncoc34)n2)c1,c1ccc(Nc2nccc(Nc3cccc4ncoc34)n2)cc1,CHEMBL1270773,2.5,Lipophilicity,1,validation
O=C1COC2(CCN(S(=O)(=O)c3ccc(-c4ccc5cccnc5c4)cc3)CC2)CN1C1CC1,O=C1COC2(CCN(S(=O)(=O)c3ccc(-c4ccc5cccnc5c4)cc3)CC2)CN1C1CC1,O=C1COC2(CCN(S(=O)(=O)c3ccc(-c4ccc5cccnc5c4)cc3)CC2)CN1C1CC1,CHEMBL2147032,3.24,Lipophilicity,1,validation
CC(=O)NC1CC2CCCC(C1)N2C(=O)Nc1ccc(Cl)c(C(F)(F)F)c1,CC(=O)NC1CC2CCCC(C1)N2C(=O)Nc1ccc(Cl)c(C(F)(F)F)c1,O=C(Nc1ccccc1)N1C2CCCC1CCC2,CHEMBL1312533,2.79,Lipophilicity,1,validation
CC(C)COCC(CN(Cc1ccccc1)c1ccccc1)N1CCCC1,CC(C)COCC(CN(Cc1ccccc1)c1ccccc1)N1CCCC1,c1ccc(CN(CCN2CCCC2)c2ccccc2)cc1,CHEMBL1008,3.66,Lipophilicity,1,validation
CNC(=O)c1ccc(CCC(COc2ccc(-c3cccc([N+](=O)[O-])c3)cc2)N2C(=O)CSC2=O)cc1,CNC(=O)c1ccc(CCC(COc2ccc(-c3cccc([N+](=O)[O-])c3)cc2)N2C(=O)CSC2=O)cc1,O=C1CSC(=O)N1C(CCc1ccccc1)COc1ccc(-c2ccccc2)cc1,CHEMBL128514,3.5,Lipophilicity,1,validation
CC(C)c1nc2ccccc2n1-c1nc(N2CCOCC2)c2nc(OC3CN(C4CCS(=O)(=O)CC4)C3)n(C)c2n1,CC(C)c1nc2ccccc2n1-c1nc(N2CCOCC2)c2nc(OC3CN(C4CCS(=O)(=O)CC4)C3)n(C)c2n1,O=S1(=O)CCC(N2CC(Oc3nc4c(N5CCOCC5)nc(-n5cnc6ccccc65)nc4[nH]3)C2)CC1,CHEMBL2216902,2.9,Lipophilicity,1,validation
CC(C)(C(N)=O)C(=O)NCCCNc1nc(Nc2cccc(NC(=O)N3CCCC3)c2)ncc1Br,CC(C)(C(N)=O)C(=O)NCCCNc1nc(Nc2cccc(NC(=O)N3CCCC3)c2)ncc1Br,O=C(Nc1cccc(Nc2ncccn2)c1)N1CCCC1,CHEMBL573108,2.32,Lipophilicity,1,validation
O=C(COc1ccccc1)N1CCOCC1,O=C(COc1ccccc1)N1CCOCC1,O=C(COc1ccccc1)N1CCOCC1,CHEMBL237616,0.75,Lipophilicity,1,validation
N#Cc1cnn2c(N)cc(-c3cccs3)nc12,N#Cc1cnn2c(N)cc(-c3cccs3)nc12,c1csc(-c2ccn3nccc3n2)c1,CHEMBL2062555,2.3,Lipophilicity,1,validation
Nc1n[nH]c(N)c1Cc1ccc2c(c1)OCO2,Nc1n[nH]c(N)c1Cc1ccc2c(c1)OCO2,c1cc2c(cc1Cc1cn[nH]c1)OCO2,CHEMBL287961,0.47,Lipophilicity,1,validation
Fc1cc(F)cc(-c2cc(N(CCCN3CCCCCC3)Cc3ccc4c(c3)OCO4)on2)c1,Fc1cc(F)cc(-c2cc(N(CCCN3CCCCCC3)Cc3ccc4c(c3)OCO4)on2)c1,c1ccc(-c2cc(N(CCCN3CCCCCC3)Cc3ccc4c(c3)OCO4)on2)cc1,CHEMBL107920,3.84,Lipophilicity,1,validation
Fc1ccc(-n2cc(C3CCNCC3)c3cc(Cl)ccc32)cc1,Fc1ccc(-n2cc(C3CCNCC3)c3cc(Cl)ccc32)cc1,c1ccc(-n2cc(C3CCNCC3)c3ccccc32)cc1,CHEMBL273235,2.4,Lipophilicity,1,validation
C[C@H](CO)Nc1nc(SCc2cccc(F)c2F)nc2[nH]c(N)nc12,CC(CO)Nc1nc(SCc2cccc(F)c2F)nc2[nH]c(N)nc12,c1ccc(CSc2ncc3nc[nH]c3n2)cc1,CHEMBL257006,3.22,Lipophilicity,1,validation
C[C@@H]1NC(C)(C)CO[C@@]1(O)c1cccc(Cl)c1,CC1NC(C)(C)COC1(O)c1cccc(Cl)c1,c1ccc(C2CNCCO2)cc1,CHEMBL1172928,1.69,Lipophilicity,2,validation
CS(=O)(=O)Cc1cc(N2CCOCC2)nc(-c2cnc3[nH]ccc3c2)n1,CS(=O)(=O)Cc1cc(N2CCOCC2)nc(-c2cnc3[nH]ccc3c2)n1,c1cc(N2CCOCC2)nc(-c2cnc3[nH]ccc3c2)n1,CHEMBL2029359,1.92,Lipophilicity,1,validation
Cc1ccc(NC(=O)c2cccc(N(C)C)c2)cc1NC(=O)c1ccc(OCc2ccccn2)cc1,Cc1ccc(NC(=O)c2cccc(N(C)C)c2)cc1NC(=O)c1ccc(OCc2ccccn2)cc1,O=C(Nc1cccc(NC(=O)c2ccc(OCc3ccccn3)cc2)c1)c1ccccc1,CHEMBL366255,2.83,Lipophilicity,1,validation
NC1=NC(c2cccc(-c3cncnc3)c2)(c2ccnc(C(F)(F)F)c2)c2cccc(F)c21,NC1=NC(c2cccc(-c3cncnc3)c2)(c2ccnc(C(F)(F)F)c2)c2cccc(F)c21,C1=NC(c2ccncc2)(c2cccc(-c3cncnc3)c2)c2ccccc21,CHEMBL2177906,3.4,Lipophilicity,1,validation
O=C(NC[C@@H](O)CN1CCC(Oc2ccc(Cl)c(Cl)c2)CC1)c1n[nH]c2ccccc12,O=C(NCC(O)CN1CCC(Oc2ccc(Cl)c(Cl)c2)CC1)c1n[nH]c2ccccc12,O=C(NCCCN1CCC(Oc2ccccc2)CC1)c1n[nH]c2ccccc12,CHEMBL2208429,2.95,Lipophilicity,1,validation
O=C(O)/C=C/c1cccc(-c2cnc3[nH]ccc3c2)c1,O=C(O)C=Cc1cccc(-c2cnc3[nH]ccc3c2)c1,c1ccc(-c2cnc3[nH]ccc3c2)cc1,CHEMBL2059195,0.58,Lipophilicity,1,validation
CN(C(=O)C1CCC1)C1CCN(CCC(c2ccccc2)c2ccccc2)CC1,CN(C(=O)C1CCC1)C1CCN(CCC(c2ccccc2)c2ccccc2)CC1,O=C(NC1CCN(CCC(c2ccccc2)c2ccccc2)CC1)C1CCC1,CHEMBL181502,3.2,Lipophilicity,1,validation
O=C(NCc1ccco1)c1ccc2[nH]c(COc3ccc(C45CC6CC(CC(C6)C4)C5)cc3)nc2c1,O=C(NCc1ccco1)c1ccc2[nH]c(COc3ccc(C45CC6CC(CC(C6)C4)C5)cc3)nc2c1,O=C(NCc1ccco1)c1ccc2[nH]c(COc3ccc(C45CC6CC(CC(C6)C4)C5)cc3)nc2c1,CHEMBL2207805,4.0,Lipophilicity,1,validation
O=C(C1CCN(c2nnc(-n3cccc3)s2)CC1)N1CCc2ccccc2C1,O=C(C1CCN(c2nnc(-n3cccc3)s2)CC1)N1CCc2ccccc2C1,O=C(C1CCN(c2nnc(-n3cccc3)s2)CC1)N1CCc2ccccc2C1,CHEMBL1465276,3.7,Lipophilicity,1,validation
COc1cc(Nc2ncc(C)s2)nc(N[C@@H](C)c2ncc(F)cn2)n1,COc1cc(Nc2ncc(C)s2)nc(NC(C)c2ncc(F)cn2)n1,c1cnc(CNc2nccc(Nc3nccs3)n2)nc1,CHEMBL1088029,2.99,Lipophilicity,1,validation
O=C(Cc1ccc2c(n1)NCCC2)Nc1ccc(C[C@H](NC(=O)c2c(Cl)cccc2Cl)C(=O)O)cc1,O=C(Cc1ccc2c(n1)NCCC2)Nc1ccc(CC(NC(=O)c2c(Cl)cccc2Cl)C(=O)O)cc1,O=C(Cc1ccc2c(n1)NCCC2)Nc1ccc(CCNC(=O)c2ccccc2)cc1,CHEMBL2031162,-0.63,Lipophilicity,1,validation
CC(C)Oc1cc(OCCc2ccsc2)cc(C(=O)Nc2ccc(C(=O)O)cn2)c1,CC(C)Oc1cc(OCCc2ccsc2)cc(C(=O)Nc2ccc(C(=O)O)cn2)c1,O=C(Nc1ccccn1)c1cccc(OCCc2ccsc2)c1,CHEMBL373339,1.74,Lipophilicity,1,validation
O=c1[nH]n(Cc2cc3ccccc3s2)c(=O)c2c(=O)c3ccc(Cl)cc3[nH]c12,O=c1[nH]n(Cc2cc3ccccc3s2)c(=O)c2c(=O)c3ccc(Cl)cc3[nH]c12,O=c1[nH]n(Cc2cc3ccccc3s2)c(=O)c2c(=O)c3ccccc3[nH]c12,CHEMBL388337,2.0,Lipophilicity,1,validation
Oc1ccc2c3c1O[C@H]1c4[nH]c5ccccc5c4C[C@@]4(O)[C@@H](C2)N(CC2CC2)CC[C@]314,Oc1ccc2c3c1OC1c4[nH]c5ccccc5c4CC4(O)C(C2)N(CC2CC2)CCC314,c1cc2c3c(c1)OC1c4[nH]c5ccccc5c4CC4C(C2)N(CC2CC2)CCC314,CHEMBL567175,2.7,Lipophilicity,1,validation
O=S(=O)(CCCOCCNc1ccccc1)CCNCCc1ccc(O)c2nc(O)sc12,O=S(=O)(CCCOCCNc1ccccc1)CCNCCc1ccc(O)c2nc(O)sc12,O=S(=O)(CCCOCCNc1ccccc1)CCNCCc1cccc2ncsc12,CHEMBL320777,1.98,Lipophilicity,1,validation
c1ccc(Sc2ccc3ccccc3n2)cc1,c1ccc(Sc2ccc3ccccc3n2)cc1,c1ccc(Sc2ccc3ccccc3n2)cc1,CHEMBL1644331,3.92,Lipophilicity,1,validation
Cc1sc(N2CCN(C)CC2)nc1CCOc1ccc(C[C@H](Nc2ccccc2C(=O)c2ccccc2)C(=O)O)cc1,Cc1sc(N2CCN(C)CC2)nc1CCOc1ccc(CC(Nc2ccccc2C(=O)c2ccccc2)C(=O)O)cc1,O=C(c1ccccc1)c1ccccc1NCCc1ccc(OCCc2csc(N3CCNCC3)n2)cc1,CHEMBL358325,2.58,Lipophilicity,1,validation
O=C(NCCCN1CCCCC1)C(c1ccccc1)c1ccccc1,O=C(NCCCN1CCCCC1)C(c1ccccc1)c1ccccc1,O=C(NCCCN1CCCCC1)C(c1ccccc1)c1ccccc1,CHEMBL290663,1.33,Lipophilicity,1,validation
NC1(c2ccc(-c3ncc4nccn4c3-c3ccccc3)cc2)CCC1,NC1(c2ccc(-c3ncc4nccn4c3-c3ccccc3)cc2)CCC1,c1ccc(-c2c(-c3ccc(C4CCC4)cc3)ncc3nccn23)cc1,CHEMBL2035025,1.3,Lipophilicity,1,validation
OC1(c2ccc(Cl)cc2)CCN(Cc2c[nH]c3ccccc23)CC1,OC1(c2ccc(Cl)cc2)CCN(Cc2c[nH]c3ccccc23)CC1,c1ccc(C2CCN(Cc3c[nH]c4ccccc34)CC2)cc1,CHEMBL445102,2.25,Lipophilicity,1,validation
NC1=NN(c2cccc(C(F)(F)F)c2)CC1,NC1=NN(c2cccc(C(F)(F)F)c2)CC1,C1=NN(c2ccccc2)CC1,CHEMBL274642,2.55,Lipophilicity,1,validation
CSc1ncccc1C(=O)NCc1ccc(C)cc1,CSc1ncccc1C(=O)NCc1ccc(C)cc1,O=C(NCc1ccccc1)c1cccnc1,CHEMBL1556667,2.71,Lipophilicity,1,validation
N=C(NCc1ccc(Cl)cc1)SCCCc1c[nH]cn1,N=C(NCc1ccc(Cl)cc1)SCCCc1c[nH]cn1,N=C(NCc1ccccc1)SCCCc1c[nH]cn1,CHEMBL14690,1.13,Lipophilicity,1,validation
COc1cc(C(=O)O)ccc1Cn1ccc2ccc(NC(=O)OC3CCCC3)cc21,COc1cc(C(=O)O)ccc1Cn1ccc2ccc(NC(=O)OC3CCCC3)cc21,O=C(Nc1ccc2ccn(Cc3ccccc3)c2c1)OC1CCCC1,CHEMBL300940,2.1,Lipophilicity,1,validation
CCC(c1nc2ccsc2c(=O)n1Cc1cscn1)N(CCCN)C(=O)c1ccc(C)cc1,CCC(c1nc2ccsc2c(=O)n1Cc1cscn1)N(CCCN)C(=O)c1ccc(C)cc1,O=C(NCc1nc2ccsc2c(=O)n1Cc1cscn1)c1ccccc1,CHEMBL1829257,0.02,Lipophilicity,1,validation
[O-]c1c2c(nn1-c1ccc(Cl)cc1)c1ccccc1c[n+]2Cc1ccccc1,[O-]c1c2c(nn1-c1ccc(Cl)cc1)c1ccccc1c[n+]2Cc1ccccc1,c1ccc(C[n+]2cc3ccccc3c3nn(-c4ccccc4)cc32)cc1,CHEMBL440335,4.5,Lipophilicity,1,validation
Oc1ccc2[nH]c(CN3CCC(Cc4ccc(F)cc4)CC3)nc2c1,Oc1ccc2[nH]c(CN3CCC(Cc4ccc(F)cc4)CC3)nc2c1,c1ccc(CC2CCN(Cc3nc4ccccc4[nH]3)CC2)cc1,CHEMBL64941,3.8,Lipophilicity,1,validation
O=c1n(CCCN2CCN(c3cccc(Cl)c3)CC2)nc2ccccn12,O=c1n(CCCN2CCN(c3cccc(Cl)c3)CC2)nc2ccccn12,O=c1n(CCCN2CCN(c3ccccc3)CC2)nc2ccccn12,CHEMBL621,2.67,Lipophilicity,1,validation
Clc1ccc2c(c1Nc1ncnc3cc(OCCCN4CCCC4)cc(OC4CCOCC4)c13)OCO2,Clc1ccc2c(c1Nc1ncnc3cc(OCCCN4CCCC4)cc(OC4CCOCC4)c13)OCO2,c1cc(Nc2ncnc3cc(OCCCN4CCCC4)cc(OC4CCOCC4)c23)c2c(c1)OCO2,CHEMBL217090,2.3,Lipophilicity,1,validation
Cc1c(Sc2ccc(Cl)cc2)c2cc(Cl)ccc2n1Cc1nnn[nH]1,Cc1c(Sc2ccc(Cl)cc2)c2cc(Cl)ccc2n1Cc1nnn[nH]1,c1ccc(Sc2cn(Cc3nnn[nH]3)c3ccccc23)cc1,CHEMBL1917422,3.25,Lipophilicity,1,validation
O=C(NCC1CCCCC1)c1c(Cl)ccc2ncccc12,O=C(NCC1CCCCC1)c1c(Cl)ccc2ncccc12,O=C(NCC1CCCCC1)c1cccc2ncccc12,CHEMBL558748,2.65,Lipophilicity,1,validation
Cc1cnc(NC(=O)c2cc(Oc3cnc(C(=O)N(C)C)nc3)c3cc(C)oc3c2)cn1,Cc1cnc(NC(=O)c2cc(Oc3cnc(C(=O)N(C)C)nc3)c3cc(C)oc3c2)cn1,O=C(Nc1cnccn1)c1cc(Oc2cncnc2)c2ccoc2c1,CHEMBL2165615,2.1,Lipophilicity,1,validation
O=C(Nc1nc2ccccc2n1CCN1CCOCC1)c1cccc([N+](=O)[O-])c1,O=C(Nc1nc2ccccc2n1CCN1CCOCC1)c1cccc([N+](=O)[O-])c1,O=C(Nc1nc2ccccc2n1CCN1CCOCC1)c1ccccc1,CHEMBL379787,3.3,Lipophilicity,1,validation
C[C@]12CCC(=O)C=C1C=C[C@@H]1[C@@H]2CC[C@@]2(C)[C@H]1CC[C@@]21CCC(=O)O1,CC12CCC(=O)C=C1C=CC1C2CCC2(C)C1CCC21CCC(=O)O1,O=C1C=C2C=CC3C(CCC4C3CCC43CCC(=O)O3)C2CC1,CHEMBL1463345,3.2,Lipophilicity,1,validation
Cc1noc(C)c1CCC1CCN(S(=O)(=O)CC2(N(O)C=O)CCC(F)(F)CC2)CC1,Cc1noc(C)c1CCC1CCN(S(=O)(=O)CC2(N(O)C=O)CCC(F)(F)CC2)CC1,O=S(=O)(CC1CCCCC1)N1CCC(CCc2cnoc2)CC1,CHEMBL1784346,2.1,Lipophilicity,1,validation
COc1cc(F)ccc1-c1cncc(CNC(=O)c2cnccn2)c1,COc1cc(F)ccc1-c1cncc(CNC(=O)c2cnccn2)c1,O=C(NCc1cncc(-c2ccccc2)c1)c1cnccn1,CHEMBL1779012,2.5,Lipophilicity,1,validation
NC1(c2ccc(-c3nc4ccccc4c(=O)n3-c3ccccc3)cc2)CCC1,NC1(c2ccc(-c3nc4ccccc4c(=O)n3-c3ccccc3)cc2)CCC1,O=c1c2ccccc2nc(-c2ccc(C3CCC3)cc2)n1-c1ccccc1,CHEMBL2035038,1.5,Lipophilicity,1,validation
Fc1ccc(C2CCN(C(=S)COCc3ccncc3)CC2)c(Cl)c1,Fc1ccc(C2CCN(C(=S)COCc3ccncc3)CC2)c(Cl)c1,S=C(COCc1ccncc1)N1CCC(c2ccccc2)CC1,CHEMBL1289682,4.23,Lipophilicity,1,validation
Cc1cc(N)c2cc(NC(=O)CCC(=O)Nc3ccc4nc(C)cc(N)c4c3)ccc2n1,Cc1cc(N)c2cc(NC(=O)CCC(=O)Nc3ccc4nc(C)cc(N)c4c3)ccc2n1,O=C(CCC(=O)Nc1ccc2ncccc2c1)Nc1ccc2ncccc2c1,CHEMBL533154,1.39,Lipophilicity,1,validation
O=C(Nc1ccccc1)c1cc2ccccc2o1,O=C(Nc1ccccc1)c1cc2ccccc2o1,O=C(Nc1ccccc1)c1cc2ccccc2o1,CHEMBL1477550,3.44,Lipophilicity,1,validation
Cn1cnc(-c2ccccc2)c1/C=C/c1ccnc(N)n1,Cn1cnc(-c2ccccc2)c1C=Cc1ccnc(N)n1,C(=Cc1[nH]cnc1-c1ccccc1)c1ccncn1,CHEMBL526925,2.61,Lipophilicity,1,validation
NNc1nc2ccccc2[nH]c1=O,NNc1nc2ccccc2[nH]c1=O,O=c1cnc2ccccc2[nH]1,CHEMBL600780,0.44,Lipophilicity,1,validation
CN1CCC(NC(=O)c2ccc(Oc3ccc(C#C[C@]4(O)CN5CCC4CC5)cc3)cc2)CC1,CN1CCC(NC(=O)c2ccc(Oc3ccc(C#CC4(O)CN5CCC4CC5)cc3)cc2)CC1,O=C(NC1CCNCC1)c1ccc(Oc2ccc(C#CC3CN4CCC3CC4)cc2)cc1,CHEMBL1940308,1.0,Lipophilicity,1,validation
O=C(Oc1ccc2c(c1)OCCC2=O)c1ccccc1,O=C(Oc1ccc2c(c1)OCCC2=O)c1ccccc1,O=C(Oc1ccc2c(c1)OCCC2=O)c1ccccc1,CHEMBL1682821,3.6,Lipophilicity,1,validation
O=[N+]([O-])c1ccc2c(c1)nc1n2CCCCC1,O=[N+]([O-])c1ccc2c(c1)nc1n2CCCCC1,c1ccc2c(c1)nc1n2CCCCC1,CHEMBL1399152,2.58,Lipophilicity,1,validation
O=C(c1cc(Cc2n[nH]c(=O)c3ccccc23)ccc1F)N1CCCNCC1,O=C(c1cc(Cc2n[nH]c(=O)c3ccccc23)ccc1F)N1CCCNCC1,O=C(c1cccc(Cc2n[nH]c(=O)c3ccccc23)c1)N1CCCNCC1,CHEMBL380648,0.1,Lipophilicity,1,validation
Cc1cc(-c2ccc(N3C[C@H](Cn4ccnn4)OC3=O)cc2F)on1,Cc1cc(-c2ccc(N3CC(Cn4ccnn4)OC3=O)cc2F)on1,O=C1OC(Cn2ccnn2)CN1c1ccc(-c2ccno2)cc1,CHEMBL233227,1.99,Lipophilicity,1,validation
O=C(NCC12CC3CC(CC(C3)C1)C2)c1cc(-n2ncc(=O)[nH]c2=O)ccc1Cl,O=C(NCC12CC3CC(CC(C3)C1)C2)c1cc(-n2ncc(=O)[nH]c2=O)ccc1Cl,O=C(NCC12CC3CC(CC(C3)C1)C2)c1cccc(-n2ncc(=O)[nH]c2=O)c1,CHEMBL551170,2.1,Lipophilicity,1,validation
CCO/N=C(\c1ccc(Br)cc1)C1CCN(C2(C)CCN(C(=O)c3c(Cl)cncc3Cl)CC2)CC1,CCON=C(c1ccc(Br)cc1)C1CCN(C2(C)CCN(C(=O)c3c(Cl)cncc3Cl)CC2)CC1,N=C(c1ccccc1)C1CCN(C2CCN(C(=O)c3ccncc3)CC2)CC1,CHEMBL350563,4.0,Lipophilicity,1,validation
O=C(CSc1ccncc1)Nc1ccc(C(=O)c2ccccc2)cc1,O=C(CSc1ccncc1)Nc1ccc(C(=O)c2ccccc2)cc1,O=C(CSc1ccncc1)Nc1ccc(C(=O)c2ccccc2)cc1,CHEMBL331019,3.6,Lipophilicity,1,validation
CCC(c1nc2ccoc2c(=O)n1Cc1ccccc1)N(CCCN)C(=O)c1ccc(C)cc1,CCC(c1nc2ccoc2c(=O)n1Cc1ccccc1)N(CCCN)C(=O)c1ccc(C)cc1,O=C(NCc1nc2ccoc2c(=O)n1Cc1ccccc1)c1ccccc1,CHEMBL1829422,1.37,Lipophilicity,1,validation
CNc1ncnc2c(CNc3cc(NC(=O)c4ccc5c(c4)OCCO5)ccc3C)cccc12,CNc1ncnc2c(CNc3cc(NC(=O)c4ccc5c(c4)OCCO5)ccc3C)cccc12,O=C(Nc1cccc(NCc2cccc3cncnc23)c1)c1ccc2c(c1)OCCO2,CHEMBL1257599,4.0,Lipophilicity,1,validation
C=C1C[C@@H]2[C@H](CC[C@]3(C)C(=O)CC[C@@H]23)[C@@]2(C)C=CC(=O)C=C12,C=C1CC2C(CCC3(C)C(=O)CCC23)C2(C)C=CC(=O)C=C12,C=C1CC2C(CCC3C(=O)CCC32)C2C=CC(=O)C=C12,CHEMBL1200374,2.98,Lipophilicity,1,validation
C[C@H](c1ccc(F)cc1CCCC(=O)O)N(c1cc(F)ccc1F)S(=O)(=O)c1ccc(Cl)cc1,CC(c1ccc(F)cc1CCCC(=O)O)N(c1cc(F)ccc1F)S(=O)(=O)c1ccc(Cl)cc1,O=S(=O)(c1ccccc1)N(Cc1ccccc1)c1ccccc1,CHEMBL247471,3.1,Lipophilicity,1,validation
CCOC(=O)Nc1cccc([C@@H](c2ccc(C(=O)N3CCC3)cc2)N2CCN(Cc3cccnc3)CC2)c1,CCOC(=O)Nc1cccc(C(c2ccc(C(=O)N3CCC3)cc2)N2CCN(Cc3cccnc3)CC2)c1,O=C(c1ccc(C(c2ccccc2)N2CCN(Cc3cccnc3)CC2)cc1)N1CCC1,CHEMBL1939752,3.02,Lipophilicity,1,validation
COc1cc2ncnc(N3CC[C@@H](Oc4cnc5ccccc5n4)C3)c2cc1OC,COc1cc2ncnc(N3CCC(Oc4cnc5ccccc5n4)C3)c2cc1OC,c1ccc2nc(OC3CCN(c4ncnc5ccccc45)C3)cnc2c1,CHEMBL219445,4.04,Lipophilicity,1,validation
CC(C)(F)C[C@H](N[C@@H](c1ccc(-c2ccc(S(C)(=O)=O)cc2)cc1)C(F)(F)F)C(=O)NC1(C#N)CC1,CC(C)(F)CC(NC(c1ccc(-c2ccc(S(C)(=O)=O)cc2)cc1)C(F)(F)F)C(=O)NC1(C#N)CC1,O=C(CNCc1ccc(-c2ccccc2)cc1)NC1CC1,CHEMBL481611,2.9,Lipophilicity,1,validation
COC(=O)[C@@H]1[C@H]2C[C@H]3c4[nH]c5ccccc5c4CCN3C[C@@H]2CC[C@@H]1O,COC(=O)C1C(O)CCC2CN3CCc4c([nH]c5ccccc45)C3CC21,c1ccc2c3c([nH]c2c1)C1CC2CCCCC2CN1CC3,CHEMBL15245,1.65,Lipophilicity,1,validation
CC(C)[C@H](NC(=O)C[C@H](NC(=O)/C=C/c1ccccc1)c1ccccc1)C(=O)[C@@H]1C(=O)NC(=O)[C@H]1C,CC(C)C(NC(=O)CC(NC(=O)C=Cc1ccccc1)c1ccccc1)C(=O)C1C(=O)NC(=O)C1C,O=C(C=Cc1ccccc1)NC(CC(=O)NCC(=O)C1CC(=O)NC1=O)c1ccccc1,CHEMBL178835,1.91,Lipophilicity,1,validation
O=C(N[C@@H](c1ccccc1)[C@@H]1CCCCN1)c1cccc(C(F)(F)F)c1Cl,O=C(NC(c1ccccc1)C1CCCCN1)c1cccc(C(F)(F)F)c1Cl,O=C(NC(c1ccccc1)C1CCCCN1)c1ccccc1,CHEMBL1739063,2.61,Lipophilicity,1,validation
CC[C@H](Nc1ncnc2[nH]cnc12)c1nc2cccc(F)c2c(=O)n1-c1ccccc1,CCC(Nc1ncnc2[nH]cnc12)c1nc2cccc(F)c2c(=O)n1-c1ccccc1,O=c1c2ccccc2nc(CNc2ncnc3[nH]cnc23)n1-c1ccccc1,CHEMBL2216870,2.72,Lipophilicity,1,validation
CN1CCN(C2=Nc3cc(Cl)ccc3Nc3ccccc32)CC1,CN1CCN(C2=Nc3cc(Cl)ccc3Nc3ccccc32)CC1,c1ccc2c(c1)N=C(N1CCNCC1)c1ccccc1N2,CHEMBL42,3.08,Lipophilicity,1,validation
Cc1cc(C)cc(-c2[nH]c3sc(C(C)(C)C(=O)N4C5CCC4CC5)cc3c2CCN2CCN(CC(=O)N(C)C)CC2)c1,Cc1cc(C)cc(-c2[nH]c3sc(C(C)(C)C(=O)N4C5CCC4CC5)cc3c2CCN2CCN(CC(=O)N(C)C)CC2)c1,O=C(Cc1cc2c(CCN3CCNCC3)c(-c3ccccc3)[nH]c2s1)N1C2CCC1CC2,CHEMBL401193,4.13,Lipophilicity,1,validation
O=C(Nc1nccs1)c1ccccc1,O=C(Nc1nccs1)c1ccccc1,O=C(Nc1nccs1)c1ccccc1,CHEMBL90846,2.43,Lipophilicity,1,validation
O=C(Nc1ccccc1Cl)c1cc[nH]n1,O=C(Nc1ccccc1Cl)c1cc[nH]n1,O=C(Nc1ccccc1)c1cc[nH]n1,CHEMBL1587607,2.58,Lipophilicity,1,validation
CN(CCc1ccc(O)c2nc(O)sc12)CCN(C)C(=O)CCOCCc1ccccc1,CN(CCc1ccc(O)c2nc(O)sc12)CCN(C)C(=O)CCOCCc1ccccc1,O=C(CCOCCc1ccccc1)NCCNCCc1cccc2ncsc12,CHEMBL111732,2.59,Lipophilicity,1,validation
CC[C@H](NC(=O)c1c([S+](C)[O-])c(-c2ccccc2)nc2ccccc12)c1cccnc1,CCC(NC(=O)c1c([S+](C)[O-])c(-c2ccccc2)nc2ccccc12)c1cccnc1,O=C(NCc1cccnc1)c1cc(-c2ccccc2)nc2ccccc12,CHEMBL1682972,2.2,Lipophilicity,1,validation
Nc1ncnc2sc(-c3c(-c4ccccc4)ncn3Cc3ccccc3N3CCOCC3)nc12,Nc1ncnc2sc(-c3c(-c4ccccc4)ncn3Cc3ccccc3N3CCOCC3)nc12,c1ccc(-c2ncn(Cc3ccccc3N3CCOCC3)c2-c2nc3cncnc3s2)cc1,CHEMBL1079773,3.58,Lipophilicity,1,validation
CC(C)OC(=O)N1CCC(Oc2ncnc3c2CCN3c2ccc(S(C)(=O)=O)cc2F)CC1,CC(C)OC(=O)N1CCC(Oc2ncnc3c2CCN3c2ccc(S(C)(=O)=O)cc2F)CC1,c1ccc(N2CCc3c(OC4CCNCC4)ncnc32)cc1,CHEMBL2177777,3.4,Lipophilicity,1,validation
CC(C)C1NCCc2c1sc1ccccc21,CC(C)C1NCCc2c1sc1ccccc21,c1ccc2c3c(sc2c1)CNCC3,CHEMBL1893999,2.8,Lipophilicity,1,validation
CC(C)C(NC(=O)Cn1c(-c2ccccc2)ccc(NC(=O)CN2C(=O)CCC2=O)c1=O)C(=O)C(F)(F)F,CC(C)C(NC(=O)Cn1c(-c2ccccc2)ccc(NC(=O)CN2C(=O)CCC2=O)c1=O)C(=O)C(F)(F)F,O=C(CN1C(=O)CCC1=O)Nc1ccc(-c2ccccc2)[nH]c1=O,CHEMBL325713,0.96,Lipophilicity,1,validation
CC(C)Oc1ccc(S(C)(=O)=O)cc1C(=O)N1CCN(c2ccc(C(F)(F)F)cc2)CC1,CC(C)Oc1ccc(S(C)(=O)=O)cc1C(=O)N1CCN(c2ccc(C(F)(F)F)cc2)CC1,O=C(c1ccccc1)N1CCN(c2ccccc2)CC1,CHEMBL524645,3.33,Lipophilicity,1,validation
Clc1ccc2nsnc2c1NC1=NCCN1,Clc1ccc2nsnc2c1NC1=NCCN1,c1cc(NC2=NCCN2)c2nsnc2c1,CHEMBL1079,0.71,Lipophilicity,1,validation
Nc1nc(-c2ccccc2)nc2c1nc(O)n2Cc1ccccc1,Nc1nc(-c2ccccc2)nc2c1nc(O)n2Cc1ccccc1,c1ccc(Cn2cnc3cnc(-c4ccccc4)nc32)cc1,CHEMBL149979,4.16,Lipophilicity,1,validation
COc1cc2ncnc(Nc3cc(NC(=O)c4cccc(N(C)C)c4)ccc3Cl)c2cc1OC,COc1cc2ncnc(Nc3cc(NC(=O)c4cccc(N(C)C)c4)ccc3Cl)c2cc1OC,O=C(Nc1cccc(Nc2ncnc3ccccc23)c1)c1ccccc1,CHEMBL187007,4.26,Lipophilicity,1,validation
CN1CC=C(c2cccc(O)c2)CC1,CN1CC=C(c2cccc(O)c2)CC1,C1=C(c2ccccc2)CCNC1,CHEMBL1194608,0.53,Lipophilicity,1,validation
CN(C)CCCC1(c2ccc(F)cc2)OCc2cc(C#N)ccc21,CN(C)CCCC1(c2ccc(F)cc2)OCc2cc(C#N)ccc21,c1ccc(C2OCc3ccccc32)cc1,CHEMBL549,1.52,Lipophilicity,2,validation
N#Cc1cccc(NCC(=O)Nc2c(Cl)ccc3nc(N4CC[C@@H](O)C4)ccc23)c1,N#Cc1cccc(NCC(=O)Nc2c(Cl)ccc3nc(N4CCC(O)C4)ccc23)c1,O=C(CNc1ccccc1)Nc1cccc2nc(N3CCCC3)ccc12,CHEMBL551984,2.39,Lipophilicity,1,validation
N#Cc1ccc(C(=O)Nc2ccc(-n3ccnc3)nc2)cc1,N#Cc1ccc(C(=O)Nc2ccc(-n3ccnc3)nc2)cc1,O=C(Nc1ccc(-n2ccnc2)nc1)c1ccccc1,CHEMBL2017259,2.2,Lipophilicity,1,validation
Cc1cccc(-c2nn3c(c2-c2ccnc4ccc(C(N)=O)cc24)CCC3)n1,Cc1cccc(-c2nn3c(c2-c2ccnc4ccc(C(N)=O)cc24)CCC3)n1,c1ccc(-c2nn3c(c2-c2ccnc4ccccc24)CCC3)nc1,CHEMBL2364611,1.71,Lipophilicity,1,validation
O=C(NCC(=O)N(CCO)c1ccccc1)c1cc2cc(Cl)ccc2[nH]1,O=C(NCC(=O)N(CCO)c1ccccc1)c1cc2cc(Cl)ccc2[nH]1,O=C(CNC(=O)c1cc2ccccc2[nH]1)Nc1ccccc1,CHEMBL181326,3.37,Lipophilicity,1,validation
COC1=CC(c2cc3ccccc3[nH]2)=N/C1=C\c1[nH]c(C)cc1C,COC1=CC(c2cc3ccccc3[nH]2)=NC1=Cc1[nH]c(C)cc1C,C1=CC(c2cc3ccccc3[nH]2)=NC1=Cc1ccc[nH]1,CHEMBL408194,2.55,Lipophilicity,1,validation
CC[C@@H]1C(=O)N(C)c2cnc(Nc3ccc(C(=O)NC4CCN(C)CC4)cc3OC)nc2N1C1CCCC1,CCC1C(=O)N(C)c2cnc(Nc3ccc(C(=O)NC4CCN(C)CC4)cc3OC)nc2N1C1CCCC1,O=C1CN(C2CCCC2)c2nc(Nc3ccc(C(=O)NC4CCNCC4)cc3)ncc2N1,CHEMBL513909,3.14,Lipophilicity,1,calibration
COc1ccc2nnc(=O)n(CCN3CCC(NCc4ccc5c(n4)NC(=O)CO5)CC3)c2c1,COc1ccc2nnc(=O)n(CCN3CCC(NCc4ccc5c(n4)NC(=O)CO5)CC3)c2c1,O=C1COc2ccc(CNC3CCN(CCn4c(=O)nnc5ccccc54)CC3)nc2N1,CHEMBL1916547,-0.65,Lipophilicity,1,calibration
Cn1c(=O)n(Cc2ccc(Br)cc2)c2ccccc21,Cn1c(=O)n(Cc2ccc(Br)cc2)c2ccccc21,O=c1[nH]c2ccccc2n1Cc1ccccc1,CHEMBL1701081,2.81,Lipophilicity,1,calibration
CC(C)(C)OC(=O)N1CCN(c2ccc(OCc3ccc(S(C)(=O)=O)cc3)cn2)CC1,CC(C)(C)OC(=O)N1CCN(c2ccc(OCc3ccc(S(C)(=O)=O)cc3)cn2)CC1,c1ccc(COc2ccc(N3CCNCC3)nc2)cc1,CHEMBL2086654,3.2,Lipophilicity,1,calibration
O=C(N[C@@H](Cc1ccc(OCCc2ccc3c(n2)NCCO3)cc1)C(=O)O)c1c(Cl)cccc1Cl,O=C(NC(Cc1ccc(OCCc2ccc3c(n2)NCCO3)cc1)C(=O)O)c1c(Cl)cccc1Cl,O=C(NCCc1ccc(OCCc2ccc3c(n2)NCCO3)cc1)c1ccccc1,CHEMBL2031169,-0.18,Lipophilicity,1,calibration
Cn1nnc(-c2ccc(-c3ccc(N4C[C@H](COc5ccon5)OC4=O)cc3F)cn2)n1,Cn1nnc(-c2ccc(-c3ccc(N4CC(COc5ccon5)OC4=O)cc3F)cn2)n1,O=C1OC(COc2ccon2)CN1c1ccc(-c2ccc(-c3nn[nH]n3)nc2)cc1,CHEMBL1760962,1.24,Lipophilicity,1,calibration
C[C@H](Nc1nc(Nc2ncc(C#N)s2)cc(N2CCOCC2)n1)c1ccc(F)cn1,CC(Nc1nc(Nc2ncc(C#N)s2)cc(N2CCOCC2)n1)c1ccc(F)cn1,c1ccc(CNc2nc(Nc3nccs3)cc(N3CCOCC3)n2)nc1,CHEMBL1087398,3.45,Lipophilicity,1,calibration
CCN1CCN(c2ccc(Nc3cc(N(C)C(=O)Nc4c(Cl)c(OC)cc(OC)c4Cl)ncn3)cc2)CC1,CCN1CCN(c2ccc(Nc3cc(N(C)C(=O)Nc4c(Cl)c(OC)cc(OC)c4Cl)ncn3)cc2)CC1,O=C(Nc1ccccc1)Nc1cc(Nc2ccc(N3CCNCC3)cc2)ncn1,CHEMBL1852688,3.7,Lipophilicity,1,calibration
CC1(COc2cc(-c3cccc4c(=O)cc(N5CCOCC5)oc34)ccc2NC(=O)CN2CCOCC2)COC1,CC1(COc2cc(-c3cccc4c(=O)cc(N5CCOCC5)oc34)ccc2NC(=O)CN2CCOCC2)COC1,O=C(CN1CCOCC1)Nc1ccc(-c2cccc3c(=O)cc(N4CCOCC4)oc23)cc1OCC1COC1,CHEMBL1669155,2.2,Lipophilicity,1,calibration
Cc1ccc(NC(=O)[C@@H]2CCCN2S(=O)(=O)c2cccc3cccnc23)c(C)c1,Cc1ccc(NC(=O)C2CCCN2S(=O)(=O)c2cccc3cccnc23)c(C)c1,O=C(Nc1ccccc1)C1CCCN1S(=O)(=O)c1cccc2cccnc12,CHEMBL2171278,3.8499999999999996,Lipophilicity,2,calibration
CCN1CCOC(C(=O)N2CCN(C(=O)Nc3ccc(Cl)c(Cl)c3)CC2)C1,CCN1CCOC(C(=O)N2CCN(C(=O)Nc3ccc(Cl)c(Cl)c3)CC2)C1,O=C(Nc1ccccc1)N1CCN(C(=O)C2CNCCO2)CC1,CHEMBL2036779,2.1,Lipophilicity,1,calibration
CC#Cc1cncc(-c2cccc(C3(C4CC4)N=C(C)C(N)=N3)c2)c1,CC#Cc1cncc(-c2cccc(C3(C4CC4)N=C(C)C(N)=N3)c2)c1,C1=NC(c2cccc(-c3cccnc3)c2)(C2CC2)N=C1,CHEMBL2180037,3.3,Lipophilicity,1,calibration
O=C1C(=O)N(Cc2ccc(Cl)cc2)c2ccccc21,O=C1C(=O)N(Cc2ccc(Cl)cc2)c2ccccc21,O=C1C(=O)N(Cc2ccccc2)c2ccccc21,CHEMBL376291,3.1,Lipophilicity,1,calibration
CCOC(=O)c1ccc(OCCC2CCN(c3ccc(C)nn3)CC2)cn1,CCOC(=O)c1ccc(OCCC2CCN(c3ccc(C)nn3)CC2)cn1,c1cncc(OCCC2CCN(c3cccnn3)CC2)c1,CHEMBL1835913,2.63,Lipophilicity,1,calibration
Cc1cc(OCCCS(C)(=O)=O)cc(C)c1-c1cccc(COc2ccc3c(c2)OC[C@H]3CC(=O)O)c1,Cc1cc(OCCCS(C)(=O)=O)cc(C)c1-c1cccc(COc2ccc3c(c2)OCC3CC(=O)O)c1,c1ccc(-c2cccc(COc3ccc4c(c3)OCC4)c2)cc1,CHEMBL1829174,2.3,Lipophilicity,1,calibration
COc1cc2ncnc(Nc3ccc(F)c(Cl)c3)c2cc1OCCN1CCN(C)CC1,COc1cc2ncnc(Nc3ccc(F)c(Cl)c3)c2cc1OCCN1CCN(C)CC1,c1ccc(Nc2ncnc3ccc(OCCN4CCNCC4)cc23)cc1,CHEMBL300791,3.3,Lipophilicity,1,calibration
O=C(NC1CCCS(=O)(=O)C1)c1ccc(Oc2ccc(C#C[C@]3(O)CN4CCC3CC4)cc2)cc1,O=C(NC1CCCS(=O)(=O)C1)c1ccc(Oc2ccc(C#CC3(O)CN4CCC3CC4)cc2)cc1,O=C(NC1CCCS(=O)(=O)C1)c1ccc(Oc2ccc(C#CC3CN4CCC3CC4)cc2)cc1,CHEMBL1940315,1.4,Lipophilicity,1,calibration
O=C(NCc1ccncn1)c1ccc(Oc2ccc(C#C[C@@]3(O)CN4CCC3CC4)cc2)cc1,O=C(NCc1ccncn1)c1ccc(Oc2ccc(C#CC3(O)CN4CCC3CC4)cc2)cc1,O=C(NCc1ccncn1)c1ccc(Oc2ccc(C#CC3CN4CCC3CC4)cc2)cc1,CHEMBL1796299,1.775,Lipophilicity,2,calibration
O=c1c2ccccc2nc2ccccn12,O=c1c2ccccc2nc2ccccn12,O=c1c2ccccc2nc2ccccn12,CHEMBL1502567,2.1,Lipophilicity,1,calibration
Cc1oncc1C(=O)Nc1ccc(C(F)(F)F)cc1,Cc1oncc1C(=O)Nc1ccc(C(F)(F)F)cc1,O=C(Nc1ccccc1)c1cnoc1,CHEMBL960,3.9,Lipophilicity,1,calibration
Nc1nccc(/C=C/c2ccc(Cl)cc2)n1,Nc1nccc(C=Cc2ccc(Cl)cc2)n1,C(=Cc1ccncn1)c1ccccc1,CHEMBL1373037,3.5,Lipophilicity,1,calibration
CS(=O)(=O)c1cccc(Nc2nccc(Nc3cccc4c3OCC4)n2)c1,CS(=O)(=O)c1cccc(Nc2nccc(Nc3cccc4c3OCC4)n2)c1,c1ccc(Nc2nccc(Nc3cccc4c3OCC4)n2)cc1,CHEMBL1270772,3.0,Lipophilicity,1,calibration
O=c1oc(-c2ccccc2)cc2ccccc12,O=c1oc(-c2ccccc2)cc2ccccc12,O=c1oc(-c2ccccc2)cc2ccccc12,CHEMBL2140153,3.84,Lipophilicity,1,calibration
CC(C)C(NC(=O)Cn1c(-c2ccccc2)cc2c(O)nc(O)nc2c1=O)C(=O)C(F)(F)F,CC(C)C(NC(=O)Cn1c(-c2ccccc2)cc2c(O)nc(O)nc2c1=O)C(=O)C(F)(F)F,O=c1[nH]c(-c2ccccc2)cc2cncnc12,CHEMBL13863,1.88,Lipophilicity,1,calibration
Cn1c(=O)n(Cc2ccc(C(=O)O)cc2)c(=O)c2cc(C#CCc3ccccc3)ccc21,Cn1c(=O)n(Cc2ccc(C(=O)O)cc2)c(=O)c2cc(C#CCc3ccccc3)ccc21,O=c1[nH]c2ccc(C#CCc3ccccc3)cc2c(=O)n1Cc1ccccc1,CHEMBL496942,2.5,Lipophilicity,1,calibration
CCn1c(=O)ccc2cnc(Nc3ccc(OC)c(OC)c3)nc21,CCn1c(=O)ccc2cnc(Nc3ccc(OC)c(OC)c3)nc21,O=c1ccc2cnc(Nc3ccccc3)nc2[nH]1,CHEMBL140689,2.7,Lipophilicity,1,calibration
c1cc(-c2ccc3nc(Nc4ccc(OCCN5CCCC5)cc4)ncc3c2)ccn1,c1cc(-c2ccc3nc(Nc4ccc(OCCN5CCCC5)cc4)ncc3c2)ccn1,c1cc(-c2ccc3nc(Nc4ccc(OCCN5CCCC5)cc4)ncc3c2)ccn1,CHEMBL2335884,2.66,Lipophilicity,1,calibration
CC(C)Cn1c(=O)n(C)c(=O)c2c(C(=O)N3CC[C@@H](O)C3)c(Cc3cccc4ncccc34)sc21,CC(C)Cn1c(=O)n(C)c(=O)c2c(C(=O)N3CCC(O)C3)c(Cc3cccc4ncccc34)sc21,O=C(c1c(Cc2cccc3ncccc23)sc2[nH]c(=O)[nH]c(=O)c12)N1CCCC1,CHEMBL204476,1.98,Lipophilicity,1,calibration
CSc1ncccc1C(=O)NCCc1ccc(Cl)cc1,CSc1ncccc1C(=O)NCCc1ccc(Cl)cc1,O=C(NCCc1ccccc1)c1cccnc1,CHEMBL1388277,3.31,Lipophilicity,1,calibration
COc1cc(N)c(Cl)cc1C(=O)N[C@@H]1CCN(CCCOc2ccc(F)cc2)C[C@@H]1OC,COc1cc(N)c(Cl)cc1C(=O)NC1CCN(CCCOc2ccc(F)cc2)CC1OC,O=C(NC1CCN(CCCOc2ccccc2)CC1)c1ccccc1,CHEMBL560739,3.56,Lipophilicity,1,calibration
CN1CCN(CC/C=C2/c3ccccc3Sc3ccc(S(=O)(=O)N(C)C)cc32)CC1,CN1CCN(CCC=C2c3ccccc3Sc3ccc(S(=O)(=O)N(C)C)cc32)CC1,C(CCN1CCNCC1)=C1c2ccccc2Sc2ccccc21,CHEMBL1201,3.16,Lipophilicity,1,calibration
O=C1CCOc2nc(C#CC3CCCCC3)ccc21,O=C1CCOc2nc(C#CC3CCCCC3)ccc21,O=C1CCOc2nc(C#CC3CCCCC3)ccc21,CHEMBL1682823,3.3,Lipophilicity,1,calibration
C[C@@H](C[C@@](C)(CS(=O)(=O)N1CCN(CCc2ccc(Cl)cc2Cl)CC1)N(O)C=O)c1ncc(F)cn1,CC(CC(C)(CS(=O)(=O)N1CCN(CCc2ccc(Cl)cc2Cl)CC1)N(O)C=O)c1ncc(F)cn1,O=S(=O)(CCCCc1ncccn1)N1CCN(CCc2ccccc2)CC1,CHEMBL1683446,3.27,Lipophilicity,1,calibration
O=C(c1cccc(Cc2nnc(O)c3ccccc23)c1)N1CCOCC1,O=C(c1cccc(Cc2nnc(O)c3ccccc23)c1)N1CCOCC1,O=C(c1cccc(Cc2nncc3ccccc23)c1)N1CCOCC1,CHEMBL204825,1.0,Lipophilicity,1,calibration
C[C@@H](NC(=O)C1CCNCC1)c1ccc(Nc2ncc3cc(-c4ccncc4)ccc3n2)cc1,CC(NC(=O)C1CCNCC1)c1ccc(Nc2ncc3cc(-c4ccncc4)ccc3n2)cc1,O=C(NCc1ccc(Nc2ncc3cc(-c4ccncc4)ccc3n2)cc1)C1CCNCC1,CHEMBL2335901,0.4,Lipophilicity,1,calibration
COc1ccccc1-c1nnc(N)[nH]1,COc1ccccc1-c1nnc(N)[nH]1,c1ccc(-c2nnc[nH]2)cc1,CHEMBL499028,0.91,Lipophilicity,1,calibration
CC(C)(C)OC(=O)N1CCN(c2cnc(OCc3ccc(S(C)(=O)=O)cc3)cn2)CC1,CC(C)(C)OC(=O)N1CCN(c2cnc(OCc3ccc(S(C)(=O)=O)cc3)cn2)CC1,c1ccc(COc2cnc(N3CCNCC3)cn2)cc1,CHEMBL2086653,3.4,Lipophilicity,1,calibration
COc1cc(-n2nnc3cc(-c4ccc(Cl)cc4)sc3c2=O)ccc1N1CC[C@@H](O)C1,COc1cc(-n2nnc3cc(-c4ccc(Cl)cc4)sc3c2=O)ccc1N1CCC(O)C1,O=c1c2sc(-c3ccccc3)cc2nnn1-c1ccc(N2CCCC2)cc1,CHEMBL469790,3.15,Lipophilicity,1,calibration
O=C(Nc1cccc(O)c1)c1ccc(OCCCN2CCCC2)cc1OCc1cscn1,O=C(Nc1cccc(O)c1)c1ccc(OCCCN2CCCC2)cc1OCc1cscn1,O=C(Nc1ccccc1)c1ccc(OCCCN2CCCC2)cc1OCc1cscn1,CHEMBL1824377,1.56,Lipophilicity,1,calibration
CC1=NC(C)(c2cccc(-c3cccnc3)c2)N=C1N,CC1=NC(C)(c2cccc(-c3cccnc3)c2)N=C1N,C1=NC(c2cccc(-c3cccnc3)c2)N=C1,CHEMBL2180019,1.7,Lipophilicity,1,calibration
COc1ccc(-c2nc(N3CCOCC3)nc(O)c2C#N)cc1,COc1ccc(-c2nc(N3CCOCC3)nc(O)c2C#N)cc1,c1ccc(-c2ccnc(N3CCOCC3)n2)cc1,CHEMBL347164,0.2,Lipophilicity,1,calibration
OC(CN1CCOCC1)c1ccccc1,OC(CN1CCOCC1)c1ccccc1,c1ccc(CCN2CCOCC2)cc1,CHEMBL1897032,1.0,Lipophilicity,1,calibration
CC(=O)c1cn(Cc2ccccc2)c(=O)n(Cc2ccc(F)cc2)c1=O,CC(=O)c1cn(Cc2ccccc2)c(=O)n(Cc2ccc(F)cc2)c1=O,O=c1ccn(Cc2ccccc2)c(=O)n1Cc1ccccc1,CHEMBL1605684,3.2,Lipophilicity,1,calibration
Cn1c(C#N)ccc1-c1cc(F)c2c(c1)C(C)(C)C(=O)N2,Cn1c(C#N)ccc1-c1cc(F)c2c(c1)C(C)(C)C(=O)N2,O=C1Cc2cc(-c3ccc[nH]3)ccc2N1,CHEMBL407848,3.21,Lipophilicity,1,calibration
O=c1cc(-c2ccccc2)ccn1-c1ccc2c(cnn2CCN2CCCC2)c1,O=c1cc(-c2ccccc2)ccn1-c1ccc2c(cnn2CCN2CCCC2)c1,O=c1cc(-c2ccccc2)ccn1-c1ccc2c(cnn2CCN2CCCC2)c1,CHEMBL1289717,1.6,Lipophilicity,1,calibration
O=C(Cn1cnc2ccccc21)c1ccc(Br)cc1,O=C(Cn1cnc2ccccc21)c1ccc(Br)cc1,O=C(Cn1cnc2ccccc21)c1ccccc1,CHEMBL1707308,3.22,Lipophilicity,1,calibration
CC(C)(C)OC(=O)N1CCN(c2ccc(OCc3ccc(S(C)(=O)=O)cc3)nn2)CC1,CC(C)(C)OC(=O)N1CCN(c2ccc(OCc3ccc(S(C)(=O)=O)cc3)nn2)CC1,c1ccc(COc2ccc(N3CCNCC3)nn2)cc1,CHEMBL2086652,2.8,Lipophilicity,1,calibration
COC(=O)c1ccc(C)c(NS(=O)(=O)c2ccc3c(c2)c(=O)sn3C)c1,COC(=O)c1ccc(C)c(NS(=O)(=O)c2ccc3c(c2)c(=O)sn3C)c1,O=c1s[nH]c2ccc(S(=O)(=O)Nc3ccccc3)cc12,CHEMBL492234,2.6,Lipophilicity,1,calibration
N#Cc1ccc(C(F)(F)F)nc1O[C@H](CCN)c1ccno1,N#Cc1ccc(C(F)(F)F)nc1OC(CCN)c1ccno1,c1ccc(OCc2ccno2)nc1,CHEMBL1789187,-0.49,Lipophilicity,1,calibration
C[C@@]1(c2cc(-c3cncnc3)c(F)cc2F)CCSC(N)=N1,CC1(c2cc(-c3cncnc3)c(F)cc2F)CCSC(N)=N1,C1=NC(c2cccc(-c3cncnc3)c2)CCS1,CHEMBL2333941,0.8,Lipophilicity,1,calibration
Cn1sc(=O)c2cc(S(=O)(=O)NC3CC3)ccc21,Cn1sc(=O)c2cc(S(=O)(=O)NC3CC3)ccc21,O=c1s[nH]c2ccc(S(=O)(=O)NC3CC3)cc12,CHEMBL1529080,1.3,Lipophilicity,1,calibration
COc1cc2ncnc(Nc3cc(NC(=O)c4cccc(N5CCOCC5)c4)ccc3C)c2cc1OC,COc1cc2ncnc(Nc3cc(NC(=O)c4cccc(N5CCOCC5)c4)ccc3C)c2cc1OC,O=C(Nc1cccc(Nc2ncnc3ccccc23)c1)c1cccc(N2CCOCC2)c1,CHEMBL184052,3.6,Lipophilicity,1,calibration
COc1cc2c(ccc(=O)n2CCN2CCC(NCc3cc4c(cn3)OCCO4)CC2)cn1,COc1cc2c(ccc(=O)n2CCN2CCC(NCc3cc4c(cn3)OCCO4)CC2)cn1,O=c1ccc2cnccc2n1CCN1CCC(NCc2cc3c(cn2)OCCO3)CC1,CHEMBL1916546,0.68,Lipophilicity,1,calibration
CN1CCC[C@H]1c1ccccn1,CN1CCCC1c1ccccn1,c1ccc(C2CCCN2)nc1,CHEMBL2068760,0.44,Lipophilicity,1,calibration
O=C([C@H]1CCCCN1)N1CCN(c2nc(NCc3ccc(Cl)cc3Cl)c3cccnc3n2)CC1,O=C(C1CCCCN1)N1CCN(c2nc(NCc3ccc(Cl)cc3Cl)c3cccnc3n2)CC1,O=C(C1CCCCN1)N1CCN(c2nc(NCc3ccccc3)c3cccnc3n2)CC1,CHEMBL2018953,2.27,Lipophilicity,1,calibration
COc1cc(C(=O)NS(=O)(=O)c2ccccc2)ccc1Cn1cnc2ccc(NC(=O)CC3CCCC3)cc21,COc1cc(C(=O)NS(=O)(=O)c2ccccc2)ccc1Cn1cnc2ccc(NC(=O)CC3CCCC3)cc21,O=C(CC1CCCC1)Nc1ccc2ncn(Cc3ccc(C(=O)NS(=O)(=O)c4ccccc4)cc3)c2c1,CHEMBL420055,0.9,Lipophilicity,1,calibration
O=C(N[C@@H](Cc1ccc(C#CCCNc2ccccn2)cc1)C(=O)O)c1c(Cl)cccc1Cl,O=C(NC(Cc1ccc(C#CCCNc2ccccn2)cc1)C(=O)O)c1c(Cl)cccc1Cl,O=C(NCCc1ccc(C#CCCNc2ccccn2)cc1)c1ccccc1,CHEMBL2031157,0.27,Lipophilicity,1,calibration
NC1(c2ccc(-c3nn4ccccc4c3-c3ccccc3)cc2)CCC1,NC1(c2ccc(-c3nn4ccccc4c3-c3ccccc3)cc2)CCC1,c1ccc(-c2c(-c3ccc(C4CCC4)cc3)nn3ccccc23)cc1,CHEMBL2035020,3.2,Lipophilicity,1,calibration
NC(=O)c1cccc([S+]([O-])[C@H]2C[C@H]3CC[C@@H](C2)N3Cc2ccccc2)c1,NC(=O)c1cccc([S+]([O-])C2CC3CCC(C2)N3Cc2ccccc2)c1,c1ccc(CN2C3CCC2CC([SH+]c2ccccc2)C3)cc1,CHEMBL1223955,1.1,Lipophilicity,1,calibration
CC(C)Cn1c(=O)n(C)c(=O)c2c(S(=O)(=O)N3CC[C@@H](O)C3)c(Cc3ccccc3C(F)(F)F)sc21,CC(C)Cn1c(=O)n(C)c(=O)c2c(S(=O)(=O)N3CCC(O)C3)c(Cc3ccccc3C(F)(F)F)sc21,O=c1[nH]c(=O)c2c(S(=O)(=O)N3CCCC3)c(Cc3ccccc3)sc2[nH]1,CHEMBL378405,3.32,Lipophilicity,1,calibration
CC(C)n1c(=O)n(C)c(=O)c2c(C(=O)N3CCS(=O)(=O)C3)c(Cc3ccccc3C(F)(F)F)sc21,CC(C)n1c(=O)n(C)c(=O)c2c(C(=O)N3CCS(=O)(=O)C3)c(Cc3ccccc3C(F)(F)F)sc21,O=C(c1c(Cc2ccccc2)sc2[nH]c(=O)[nH]c(=O)c12)N1CCS(=O)(=O)C1,CHEMBL441550,2.55,Lipophilicity,1,calibration
c1cn(-c2ccc(Oc3cc(Oc4ccc5c(c4)OCO5)ncn3)cc2)cn1,c1cn(-c2ccc(Oc3cc(Oc4ccc5c(c4)OCO5)ncn3)cc2)cn1,c1cn(-c2ccc(Oc3cc(Oc4ccc5c(c4)OCO5)ncn3)cc2)cn1,CHEMBL244183,3.17,Lipophilicity,1,calibration
O=C(O)COc1ccc(Cl)cc1CN1CCCN(S(=O)(=O)c2ccccc2)CC1,O=C(O)COc1ccc(Cl)cc1CN1CCCN(S(=O)(=O)c2ccccc2)CC1,O=S(=O)(c1ccccc1)N1CCCN(Cc2ccccc2)CC1,CHEMBL1689114,1.01,Lipophilicity,1,calibration
O=C1COC2(CCN(S(=O)(=O)c3ccc(-c4ccc5cnccc5c4)cc3)CC2)CN1C1CC1,O=C1COC2(CCN(S(=O)(=O)c3ccc(-c4ccc5cnccc5c4)cc3)CC2)CN1C1CC1,O=C1COC2(CCN(S(=O)(=O)c3ccc(-c4ccc5cnccc5c4)cc3)CC2)CN1C1CC1,CHEMBL2147033,3.32,Lipophilicity,1,calibration
CC[C@@H]1C(=O)OC[C@@H]1Cc1cncn1C,CCC1C(=O)OCC1Cc1cncn1C,O=C1CC(Cc2cnc[nH]2)CO1,CHEMBL550,-0.37,Lipophilicity,1,calibration
COc1cnc(-c2ccccn2)nc1N1CCOCC1,COc1cnc(-c2ccccn2)nc1N1CCOCC1,c1ccc(-c2nccc(N3CCOCC3)n2)nc1,CHEMBL2070121,1.52,Lipophilicity,1,calibration
c1ccc(Nc2cc(Nc3ccccc3)[nH]n2)cc1,c1ccc(Nc2cc(Nc3ccccc3)[nH]n2)cc1,c1ccc(Nc2cc(Nc3ccccc3)[nH]n2)cc1,CHEMBL1415894,3.8,Lipophilicity,1,calibration
NC1(c2ccc(-c3ncc4cccn4c3-c3ccccc3)cc2)CCC1,NC1(c2ccc(-c3ncc4cccn4c3-c3ccccc3)cc2)CCC1,c1ccc(-c2c(-c3ccc(C4CCC4)cc3)ncc3cccn23)cc1,CHEMBL2035024,2.5,Lipophilicity,1,calibration
O=C(CC12CC3CC(CC(C3)C1)C2)Nc1cccc2c(=O)n(C(CO)CO)ccc12,O=C(CC12CC3CC(CC(C3)C1)C2)Nc1cccc2c(=O)n(C(CO)CO)ccc12,O=C(CC12CC3CC(CC(C3)C1)C2)Nc1cccc2c(=O)[nH]ccc12,CHEMBL551360,2.62,Lipophilicity,1,calibration
COc1cc2nc(N3CCN(C(=O)c4ccco4)CC3)nc(N)c2cc1OC,COc1cc2nc(N3CCN(C(=O)c4ccco4)CC3)nc(N)c2cc1OC,O=C(c1ccco1)N1CCN(c2ncc3ccccc3n2)CC1,CHEMBL2,1.9,Lipophilicity,1,calibration
CN1CCC(Oc2cccc3ncnc(Nc4ccc(OCc5cnccn5)c(Cl)c4)c23)CC1,CN1CCC(Oc2cccc3ncnc(Nc4ccc(OCc5cnccn5)c(Cl)c4)c23)CC1,c1cc(OC2CCNCC2)c2c(Nc3ccc(OCc4cnccn4)cc3)ncnc2c1,CHEMBL436511,3.21,Lipophilicity,1,calibration
O=S(=O)(c1cccc(-c2cn3cccnc3n2)c1)N1CCOCC1,O=S(=O)(c1cccc(-c2cn3cccnc3n2)c1)N1CCOCC1,O=S(=O)(c1cccc(-c2cn3cccnc3n2)c1)N1CCOCC1,CHEMBL1439795,1.3,Lipophilicity,1,calibration
CC(C)NCC(O)COc1ccc(CCOCC2CC2)cc1,CC(C)NCC(O)COc1ccc(CCOCC2CC2)cc1,c1ccc(CCOCC2CC2)cc1,CHEMBL423,0.63,Lipophilicity,1,calibration
Oc1cc(OCc2ccccc2)ccn1,Oc1cc(OCc2ccccc2)ccn1,c1ccc(COc2ccncc2)cc1,CHEMBL1475400,1.69,Lipophilicity,1,calibration
COc1ccc(OC)c(CNc2n[nH]c3ccnc(Oc4ccccc4)c23)c1,COc1ccc(OC)c(CNc2n[nH]c3ccnc(Oc4ccccc4)c23)c1,c1ccc(CNc2n[nH]c3ccnc(Oc4ccccc4)c23)cc1,CHEMBL407960,4.25,Lipophilicity,1,calibration
CS(=O)(=O)c1ccc(C(=O)Nc2ccc(Cl)c(-c3ccccn3)c2)c(Cl)c1,CS(=O)(=O)c1ccc(C(=O)Nc2ccc(Cl)c(-c3ccccn3)c2)c(Cl)c1,O=C(Nc1cccc(-c2ccccn2)c1)c1ccccc1,CHEMBL473417,2.84,Lipophilicity,1,calibration
CCc1nc2ccc(C(=O)NCc3ccc4c(c3)OCO4)cn2c1N(C)Cc1cccs1,CCc1nc2ccc(C(=O)NCc3ccc4c(c3)OCO4)cn2c1N(C)Cc1cccs1,O=C(NCc1ccc2c(c1)OCO2)c1ccc2ncc(NCc3cccs3)n2c1,CHEMBL2139925,4.1,Lipophilicity,1,calibration
N#Cc1cccc(S(=O)(=O)NC[C@@H](O)CN2CCC(Oc3ccc(Cl)c(Cl)c3)CC2)c1,N#Cc1cccc(S(=O)(=O)NCC(O)CN2CCC(Oc3ccc(Cl)c(Cl)c3)CC2)c1,O=S(=O)(NCCCN1CCC(Oc2ccccc2)CC1)c1ccccc1,CHEMBL2208422,3.42,Lipophilicity,1,calibration
CC(C)c1ccccc1Cc1cc(C(=O)Nc2ccc(S(=O)(=O)c3ccccc3C(C)(C)C)cc2)c(O)c(O)c1O,CC(C)c1ccccc1Cc1cc(C(=O)Nc2ccc(S(=O)(=O)c3ccccc3C(C)(C)C)cc2)c(O)c(O)c1O,O=C(Nc1ccc(S(=O)(=O)c2ccccc2)cc1)c1cccc(Cc2ccccc2)c1,CHEMBL217354,3.44,Lipophilicity,1,calibration
C[C@@H]1CN(C(=O)[C@@](C)(O)C(F)(F)F)[C@@H](C)CN1C(=O)c1ccc(C#N)cc1,CC1CN(C(=O)C(C)(O)C(F)(F)F)C(C)CN1C(=O)c1ccc(C#N)cc1,O=C(c1ccccc1)N1CCNCC1,CHEMBL316388,1.5,Lipophilicity,1,calibration
CN1CCN(C(=O)c2cc(-c3ccccc3)sc2NC(N)=O)CC1,CN1CCN(C(=O)c2cc(-c3ccccc3)sc2NC(N)=O)CC1,O=C(c1csc(-c2ccccc2)c1)N1CCNCC1,CHEMBL517859,2.17,Lipophilicity,1,calibration
O=C(O)C[C@H]1CC[C@H](c2ccc(-c3ccc(Nc4ccc(C(F)(F)F)nc4)cn3)cc2)CC1,O=C(O)CC1CCC(c2ccc(-c3ccc(Nc4ccc(C(F)(F)F)nc4)cn3)cc2)CC1,c1cncc(Nc2ccc(-c3ccc(C4CCCCC4)cc3)nc2)c1,CHEMBL2364624,3.8,Lipophilicity,1,calibration
CC(=O)N1CCN(CCOc2cc(OC(C)C)c3c(Nc4c(F)ccc5c4OCO5)ncnc3c2)CC1,CC(=O)N1CCN(CCOc2cc(OC(C)C)c3c(Nc4c(F)ccc5c4OCO5)ncnc3c2)CC1,c1cc(Nc2ncnc3cc(OCCN4CCNCC4)ccc23)c2c(c1)OCO2,CHEMBL386996,3.06,Lipophilicity,1,calibration
COc1cc(CCc2cc(Nc3ccnc(NCc4ccccn4)n3)n[nH]2)cc(OC)c1,COc1cc(CCc2cc(Nc3ccnc(NCc4ccccn4)n3)n[nH]2)cc(OC)c1,c1ccc(CCc2cc(Nc3ccnc(NCc4ccccn4)n3)n[nH]2)cc1,CHEMBL2088259,3.5,Lipophilicity,1,calibration
Cc1c(CN2CCN(C(=O)[C@H](C)O)CC2)sc2c(N3CCOCC3)nc(-c3cnc(N)nc3)nc12,Cc1c(CN2CCN(C(=O)C(C)O)CC2)sc2c(N3CCOCC3)nc(-c3cnc(N)nc3)nc12,c1ncc(-c2nc(N3CCOCC3)c3sc(CN4CCNCC4)cc3n2)cn1,CHEMBL1922094,1.9,Lipophilicity,1,calibration
CC(CCc1ccccc1)NCC(O)c1ccc(O)c(C(N)=O)c1,CC(CCc1ccccc1)NCC(O)c1ccc(O)c(C(N)=O)c1,c1ccc(CCCNCCc2ccccc2)cc1,CHEMBL429,1.06,Lipophilicity,1,calibration
O=C(O)C(c1ccccc1)N1CCC(N2CCC(Oc3ccc(Cl)c(Cl)c3)CC2)CC1,O=C(O)C(c1ccccc1)N1CCC(N2CCC(Oc3ccc(Cl)c(Cl)c3)CC2)CC1,c1ccc(CN2CCC(N3CCC(Oc4ccccc4)CC3)CC2)cc1,CHEMBL2158815,2.23,Lipophilicity,1,calibration
Clc1ccc(C2=CSC3=NCCN23)cc1Cl,Clc1ccc(C2=CSC3=NCCN23)cc1Cl,C1=C(c2ccccc2)N2CCN=C2S1,CHEMBL1625198,1.54,Lipophilicity,1,calibration
COc1ccc2c(Oc3ccc(CC(=O)Nc4n[nH]c(C)c4C)c(OC)c3)ccnc2c1,COc1ccc2c(Oc3ccc(CC(=O)Nc4n[nH]c(C)c4C)c(OC)c3)ccnc2c1,O=C(Cc1ccc(Oc2ccnc3ccccc23)cc1)Nc1cc[nH]n1,CHEMBL2023483,3.78,Lipophilicity,1,calibration
Cc1ccc2c(c1)C1(CCN(CCc3nc(-c4ccccc4)oc3C)CC1)OC(=O)N2,Cc1ccc2c(c1)C1(CCN(CCc3nc(-c4ccccc4)oc3C)CC1)OC(=O)N2,O=C1Nc2ccccc2C2(CCN(CCc3coc(-c4ccccc4)n3)CC2)O1,CHEMBL134074,4.2,Lipophilicity,1,calibration
O=c1[nH]ccc2nc(-c3ccc(CN4CCC(c5n[nH]c(-c6ccccn6)n5)CC4)cc3)c(-c3ccccc3)cc12,O=c1[nH]ccc2nc(-c3ccc(CN4CCC(c5n[nH]c(-c6ccccn6)n5)CC4)cc3)c(-c3ccccc3)cc12,O=c1[nH]ccc2nc(-c3ccc(CN4CCC(c5n[nH]c(-c6ccccn6)n5)CC4)cc3)c(-c3ccccc3)cc12,CHEMBL507130,3.9,Lipophilicity,1,calibration
NC(=O)c1cn([C@@H]2O[C@H](CO)[C@@H](O)[C@H]2O)c2ncnc(N)c12,NC(=O)c1cn(C2OC(CO)C(O)C2O)c2ncnc(N)c12,c1ncc2ccn(C3CCCO3)c2n1,CHEMBL101892,-0.87,Lipophilicity,1,calibration
CS(=O)(=O)c1ccc([C@@H](CC2CCCC2)C(=O)Nc2cnc([C@H](O)CO)cn2)cc1Cl,CS(=O)(=O)c1ccc(C(CC2CCCC2)C(=O)Nc2cnc(C(O)CO)cn2)cc1Cl,O=C(Nc1cnccn1)C(CC1CCCC1)c1ccccc1,CHEMBL2338347,2.58,Lipophilicity,1,calibration
CC1(C)NC(=O)N(c2ccc([N+](=O)[O-])c(C(F)(F)F)c2)C1=O,CC1(C)NC(=O)N(c2ccc([N+](=O)[O-])c(C(F)(F)F)c2)C1=O,O=C1CNC(=O)N1c1ccccc1,CHEMBL1274,1.74,Lipophilicity,1,calibration
Cn1c(C#N)ccc1-c1ccc2c(c1)C(C)(C)OC(=S)N2,Cn1c(C#N)ccc1-c1ccc2c(c1)C(C)(C)OC(=S)N2,S=C1Nc2ccc(-c3ccc[nH]3)cc2CO1,CHEMBL539163,3.4,Lipophilicity,1,calibration
Nc1ccc2cccc(Nc3ncccn3)c2n1,Nc1ccc2cccc(Nc3ncccn3)c2n1,c1cnc(Nc2cccc3cccnc23)nc1,CHEMBL117368,2.7,Lipophilicity,1,calibration
CNC1=Nc2ncccc2C(c2ccco2)=NC1c1ccns1,CNC1=Nc2ncccc2C(c2ccco2)=NC1c1ccns1,C1=Nc2ncccc2C(c2ccco2)=NC1c1ccns1,CHEMBL515605,1.44,Lipophilicity,1,calibration
CN1CCN(S(=O)(=O)c2ccc(-c3cnc(N)c(C(=O)Nc4cnccc4CN4CCCC4)n3)cc2)CC1,CN1CCN(S(=O)(=O)c2ccc(-c3cnc(N)c(C(=O)Nc4cnccc4CN4CCCC4)n3)cc2)CC1,O=C(Nc1cnccc1CN1CCCC1)c1cncc(-c2ccc(S(=O)(=O)N3CCNCC3)cc2)n1,CHEMBL2177173,3.28,Lipophilicity,1,calibration
CC1(C)[C@@H]2CC[C@@]1(CS(=O)(=O)NC1CCN(c3ccc(C(F)(F)F)cn3)CC1)C(=O)C2,CC1(C)C2CCC1(CS(=O)(=O)NC1CCN(c3ccc(C(F)(F)F)cn3)CC1)C(=O)C2,O=C1CC2CCC1(CS(=O)(=O)NC1CCN(c3ccccn3)CC1)C2,CHEMBL480601,3.84,Lipophilicity,1,calibration
N#CC1(NC(=O)[C@@H]2CCCC[C@H]2C(=O)N2CCN(c3nc(-c4ccccc4)cs3)CC2)CC1,N#CC1(NC(=O)C2CCCCC2C(=O)N2CCN(c3nc(-c4ccccc4)cs3)CC2)CC1,O=C(NC1CC1)C1CCCCC1C(=O)N1CCN(c2nc(-c3ccccc3)cs2)CC1,CHEMBL2069324,3.5,Lipophilicity,1,calibration
Clc1ccc2c(c1Nc1ccnc(Nc3cc(N4CCOCC4)cc(N4CCOCC4)c3)n1)OCO2,Clc1ccc2c(c1Nc1ccnc(Nc3cc(N4CCOCC4)cc(N4CCOCC4)c3)n1)OCO2,c1cc(Nc2ccnc(Nc3cc(N4CCOCC4)cc(N4CCOCC4)c3)n2)c2c(c1)OCO2,CHEMBL468970,3.25,Lipophilicity,1,calibration
Cc1c(N)cccc1Cn1ccc(OCCc2cccs2)cc1=O,Cc1c(N)cccc1Cn1ccc(OCCc2cccs2)cc1=O,O=c1cc(OCCc2cccs2)ccn1Cc1ccccc1,CHEMBL488937,2.78,Lipophilicity,1,calibration
Nc1ccccc1NC(=O)c1ccc(N2CCOCC2)cc1,Nc1ccccc1NC(=O)c1ccc(N2CCOCC2)cc1,O=C(Nc1ccccc1)c1ccc(N2CCOCC2)cc1,CHEMBL254359,1.2,Lipophilicity,1,calibration
O=C(O)COc1ccc(C(F)(F)F)cc1-c1ccccc1-c1ccccc1,O=C(O)COc1ccc(C(F)(F)F)cc1-c1ccccc1-c1ccccc1,c1ccc(-c2ccccc2-c2ccccc2)cc1,CHEMBL1778630,1.38,Lipophilicity,1,calibration
COc1cc(C)c(S(=O)(=O)N(C)CCOCC(=O)N2CCN(C3CCN(C)CC3)CC2)c(C)c1,COc1cc(C)c(S(=O)(=O)N(C)CCOCC(=O)N2CCN(C3CCN(C)CC3)CC2)c(C)c1,O=C(COCCNS(=O)(=O)c1ccccc1)N1CCN(C2CCNCC2)CC1,CHEMBL2087421,-0.4,Lipophilicity,1,calibration
O=C1C(=O)c2cccnc2-c2ccccc21,O=C1C(=O)c2cccnc2-c2ccccc21,O=C1C(=O)c2cccnc2-c2ccccc21,CHEMBL50627,1.88,Lipophilicity,1,calibration
CC(C)Cn1c(=O)n(C)c(=O)c2c(C(=O)N3C[C@H](O)CO3)c(Cc3ccnc4ccccc34)sc21,CC(C)Cn1c(=O)n(C)c(=O)c2c(C(=O)N3CC(O)CO3)c(Cc3ccnc4ccccc34)sc21,O=C(c1c(Cc2ccnc3ccccc23)sc2[nH]c(=O)[nH]c(=O)c12)N1CCCO1,CHEMBL219861,2.14,Lipophilicity,1,calibration
COc1ccc(/C=C2/CCc3ccccc3C2=O)cc1CN1CCOCC1,COc1ccc(C=C2CCc3ccccc3C2=O)cc1CN1CCOCC1,O=C1C(=Cc2cccc(CN3CCOCC3)c2)CCc2ccccc21,CHEMBL1557849,3.8,Lipophilicity,1,calibration
O=C(Nc1ccc(Cl)c(Cl)c1)N1CCN(C[C@@H]2CCCN(Cc3ccccc3)C2)CC1,O=C(Nc1ccc(Cl)c(Cl)c1)N1CCN(CC2CCCN(Cc3ccccc3)C2)CC1,O=C(Nc1ccccc1)N1CCN(CC2CCCN(Cc3ccccc3)C2)CC1,CHEMBL2036753,4.26,Lipophilicity,1,calibration
CCC1(C)CC(=O)NC1=O,CCC1(C)CC(=O)NC1=O,O=C1CCC(=O)N1,CHEMBL696,0.23,Lipophilicity,1,calibration
Nc1ncccc1NCc1cccc(-c2cccnc2)c1,Nc1ncccc1NCc1cccc(-c2cccnc2)c1,c1cncc(NCc2cccc(-c3cccnc3)c2)c1,CHEMBL220346,3.0,Lipophilicity,1,calibration
Oc1ccc(C2=Cc3ccc(O)cc3OC2)cc1,Oc1ccc(C2=Cc3ccc(O)cc3OC2)cc1,C1=C(c2ccccc2)COc2ccccc21,CHEMBL1957038,3.8,Lipophilicity,1,calibration
O=C(c1ccc(CCC(COc2ccc(-c3cccc([N+](=O)[O-])c3)cc2)N2C(=O)CCCC2=O)cc1)N1CCCC1,O=C(c1ccc(CCC(COc2ccc(-c3cccc([N+](=O)[O-])c3)cc2)N2C(=O)CCCC2=O)cc1)N1CCCC1,O=C(c1ccc(CCC(COc2ccc(-c3ccccc3)cc2)N2C(=O)CCCC2=O)cc1)N1CCCC1,CHEMBL335707,2.31,Lipophilicity,1,calibration
O=C(NCC12CC3CC(CC(C3)C1)C2)c1cc(CN2CC3CNCC(C2)O3)ccc1Cl,O=C(NCC12CC3CC(CC(C3)C1)C2)c1cc(CN2CC3CNCC(C2)O3)ccc1Cl,O=C(NCC12CC3CC(CC(C3)C1)C2)c1cccc(CN2CC3CNCC(C2)O3)c1,CHEMBL235392,1.55,Lipophilicity,1,calibration
O=C(Cc1c(C(=O)O)[nH]c2ccccc12)Nc1cccc(C(F)(F)F)c1,O=C(Cc1c(C(=O)O)[nH]c2ccccc12)Nc1cccc(C(F)(F)F)c1,O=C(Cc1c[nH]c2ccccc12)Nc1ccccc1,CHEMBL1890574,1.33,Lipophilicity,1,calibration
O=C(O)COc1ccc(Cl)cc1CN1CCC(S(=O)(=O)c2ccccc2)CC1,O=C(O)COc1ccc(Cl)cc1CN1CCC(S(=O)(=O)c2ccccc2)CC1,O=S(=O)(c1ccccc1)C1CCN(Cc2ccccc2)CC1,CHEMBL1689116,0.48,Lipophilicity,1,calibration
CCN(CC)C(=O)c1ccc(C(=C2CCN(Cc3ccc(F)cc3)CC2)c2ccccn2)cc1,CCN(CC)C(=O)c1ccc(C(=C2CCN(Cc3ccc(F)cc3)CC2)c2ccccn2)cc1,c1ccc(CN2CCC(=C(c3ccccc3)c3ccccn3)CC2)cc1,CHEMBL1946016,3.28,Lipophilicity,1,calibration
CCc1nc2cc(O)ccc2c(Oc2ccc(/C=C/C(=O)O)cc2)c1-c1ccccc1,CCc1nc2cc(O)ccc2c(Oc2ccc(C=CC(=O)O)cc2)c1-c1ccccc1,c1ccc(Oc2c(-c3ccccc3)cnc3ccccc23)cc1,CHEMBL370492,3.0,Lipophilicity,1,calibration
CCc1c(C)nc(SCC(=O)Nc2nc(-c3ccc(OC)cc3)cs2)nc1O,CCc1c(C)nc(SCC(=O)Nc2nc(-c3ccc(OC)cc3)cs2)nc1O,O=C(CSc1ncccn1)Nc1nc(-c2ccccc2)cs1,CHEMBL1299863,3.78,Lipophilicity,1,calibration
Nc1nccc(-c2c[nH]c3ccccc23)n1,Nc1nccc(-c2c[nH]c3ccccc23)n1,c1ccc2c(-c3ccncn3)c[nH]c2c1,CHEMBL48082,1.68,Lipophilicity,1,calibration
O=C(CN1CCOCC1)Nc1ccc(-c2cccc3c(=O)cc(N4CCOCC4)oc23)cc1OCC1CC1,O=C(CN1CCOCC1)Nc1ccc(-c2cccc3c(=O)cc(N4CCOCC4)oc23)cc1OCC1CC1,O=C(CN1CCOCC1)Nc1ccc(-c2cccc3c(=O)cc(N4CCOCC4)oc23)cc1OCC1CC1,CHEMBL1669154,3.3,Lipophilicity,1,calibration
Cc1ccnc(NS(=O)(=O)c2ccc(N)cc2)n1,Cc1ccnc(NS(=O)(=O)c2ccc(N)cc2)n1,O=S(=O)(Nc1ncccn1)c1ccccc1,CHEMBL438,-0.51,Lipophilicity,1,calibration
O=C(CCCc1ccncc1)N1CCN(c2ccc(Cl)cc2Cl)CC1,O=C(CCCc1ccncc1)N1CCN(c2ccc(Cl)cc2Cl)CC1,O=C(CCCc1ccncc1)N1CCN(c2ccccc2)CC1,CHEMBL1289785,3.93,Lipophilicity,1,calibration
CSc1ccc(C(=O)C(C)(C)N2CCOCC2)cc1,CSc1ccc(C(=O)C(C)(C)N2CCOCC2)cc1,O=C(CN1CCOCC1)c1ccccc1,CHEMBL1411716,3.49,Lipophilicity,1,calibration
COc1cc2c(Nc3ccc(NC(=O)c4ccccc4)cc3)ncnc2cc1OCCCN1CCOCC1,COc1cc2c(Nc3ccc(NC(=O)c4ccccc4)cc3)ncnc2cc1OCCCN1CCOCC1,O=C(Nc1ccc(Nc2ncnc3cc(OCCCN4CCOCC4)ccc23)cc1)c1ccccc1,CHEMBL202721,3.5,Lipophilicity,1,calibration
CC(C)Nc1ccc2cnn(-c3cncc(-n4ccc(CC(=O)O)c4)n3)c2c1,CC(C)Nc1ccc2cnn(-c3cncc(-n4ccc(CC(=O)O)c4)n3)c2c1,c1ccc2c(c1)cnn2-c1cncc(-n2cccc2)n1,CHEMBL1231683,1.24,Lipophilicity,1,calibration
O=C1COc2c(CCNCCN(C(=O)CCNCCc3ccc(Cl)c(Cl)c3)C3CCCCC3)ccc(O)c2N1,O=C1COc2c(CCNCCN(C(=O)CCNCCc3ccc(Cl)c(Cl)c3)C3CCCCC3)ccc(O)c2N1,O=C1COc2c(CCNCCN(C(=O)CCNCCc3ccccc3)C3CCCCC3)cccc2N1,CHEMBL2169920,2.23,Lipophilicity,1,calibration
CC(C)N1CCN(C(=O)NCc2ccc(Cl)c(Cl)c2)CC1,CC(C)N1CCN(C(=O)NCc2ccc(Cl)c(Cl)c2)CC1,O=C(NCc1ccccc1)N1CCNCC1,CHEMBL374023,2.75,Lipophilicity,1,calibration
O=c1cc(N2CCOCC2)oc2cc(O)ccc12,O=c1cc(N2CCOCC2)oc2cc(O)ccc12,O=c1cc(N2CCOCC2)oc2ccccc12,CHEMBL197536,1.0,Lipophilicity,1,calibration
OCCn1cc(-c2cnc3nnn(Cc4ccc5ncccc5c4)c3n2)cn1,OCCn1cc(-c2cnc3nnn(Cc4ccc5ncccc5c4)c3n2)cn1,c1cnc2ccc(Cn3nnc4ncc(-c5cn[nH]c5)nc43)cc2c1,CHEMBL2001019,1.7,Lipophilicity,1,calibration
COc1ccc(COc2nc(Br)cnc2NS(=O)(=O)c2ccc(C)cc2)cc1OCCN(C)C,COc1ccc(COc2nc(Br)cnc2NS(=O)(=O)c2ccc(C)cc2)cc1OCCN(C)C,O=S(=O)(Nc1nccnc1OCc1ccccc1)c1ccccc1,CHEMBL2018954,1.68,Lipophilicity,1,calibration
CCCCn1c(Cc2cc(OC)c(OC)c(OC)c2)nc2c(N)ncnc21,CCCCn1c(Cc2cc(OC)c(OC)c(OC)c2)nc2c(N)ncnc21,c1ccc(Cc2nc3cncnc3[nH]2)cc1,CHEMBL113690,2.39,Lipophilicity,1,calibration
CCN1CCN(CC(=O)Nc2ccc(-c3cccc4c(=O)cc(N5CCOCC5)oc34)c3sc4ccccc4c23)CC1,CCN1CCN(CC(=O)Nc2ccc(-c3cccc4c(=O)cc(N5CCOCC5)oc34)c3sc4ccccc4c23)CC1,O=C(CN1CCNCC1)Nc1ccc(-c2cccc3c(=O)cc(N4CCOCC4)oc23)c2sc3ccccc3c12,CHEMBL1086377,3.05,Lipophilicity,1,calibration
CC(=O)N[C@@H]1CC2(CCN(Cc3ccc4[nH]c5ccccc5c4c3)CC2)c2ccccc21,CC(=O)NC1CC2(CCN(Cc3ccc4[nH]c5ccccc5c4c3)CC2)c2ccccc21,c1ccc2c(c1)CCC21CCN(Cc2ccc3[nH]c4ccccc4c3c2)CC1,CHEMBL1934123,2.96,Lipophilicity,1,calibration
CC(C)(C)C(O)/C(=C\c1ccc(Cl)cc1Cl)n1cncn1,CC(C)(C)C(O)C(=Cc1ccc(Cl)cc1Cl)n1cncn1,C(=Cn1cncn1)c1ccccc1,CHEMBL135386,3.8,Lipophilicity,1,calibration
O=c1[nH]c2c(O)ccc([C@@H](O)CNCCc3ccccc3CNCCc3ccccc3F)c2s1,O=c1[nH]c2c(O)ccc(C(O)CNCCc3ccccc3CNCCc3ccccc3F)c2s1,O=c1[nH]c2cccc(CCNCCc3ccccc3CNCCc3ccccc3)c2s1,CHEMBL1945035,1.58,Lipophilicity,1,calibration
CC(C)(C)NCC(O)COc1nsnc1N1CCOCC1,CC(C)(C)NCC(O)COc1nsnc1N1CCOCC1,c1nsnc1N1CCOCC1,CHEMBL173706,-0.285,Lipophilicity,2,calibration
COc1cc(C(=O)NS(=O)(=O)c2ccccc2C)ccc1Cc1cn(C)c2ccc(C(=O)NCCc3ccccc3)cc12,COc1cc(C(=O)NS(=O)(=O)c2ccccc2C)ccc1Cc1cn(C)c2ccc(C(=O)NCCc3ccccc3)cc12,O=C(NCCc1ccccc1)c1ccc2[nH]cc(Cc3ccc(C(=O)NS(=O)(=O)c4ccccc4)cc3)c2c1,CHEMBL130873,2.51,Lipophilicity,1,calibration
C[C@@H](c1ncncc1F)[C@](O)(Cn1cncn1)c1ccc(F)cc1F,CC(c1ncncc1F)C(O)(Cn1cncn1)c1ccc(F)cc1F,c1ccc(C(Cc2ccncn2)Cn2cncn2)cc1,CHEMBL638,1.7,Lipophilicity,1,calibration
Cn1c(-c2ccncc2)cc2onc(-c3ccccc3)c2c1=O,Cn1c(-c2ccncc2)cc2onc(-c3ccccc3)c2c1=O,O=c1[nH]c(-c2ccncc2)cc2onc(-c3ccccc3)c12,CHEMBL393714,2.61,Lipophilicity,1,calibration
c1ccc(C2Cc3ccccc3CN2)cc1,c1ccc(C2Cc3ccccc3CN2)cc1,c1ccc(C2Cc3ccccc3CN2)cc1,CHEMBL21342,1.9,Lipophilicity,1,calibration
CC(C)C(NC(=O)Cn1c(-c2cccnc2)ccc(NC(=O)OCc2ccccc2)c1=O)C(=O)C(F)(F)F,CC(C)C(NC(=O)Cn1c(-c2cccnc2)ccc(NC(=O)OCc2ccccc2)c1=O)C(=O)C(F)(F)F,O=C(Nc1ccc(-c2cccnc2)[nH]c1=O)OCc1ccccc1,CHEMBL418822,3.05,Lipophilicity,1,calibration
COc1ccc(CN2CCc3c([nH]c4ccccc34)C2)cc1OC,COc1ccc(CN2CCc3c([nH]c4ccccc34)C2)cc1OC,c1ccc(CN2CCc3c([nH]c4ccccc34)C2)cc1,CHEMBL96076,3.1,Lipophilicity,1,calibration
CCOC(=O)C(CCc1ccccc1)NC1CCc2ccccc2N(CC(=O)O)C1=O,CCOC(=O)C(CCc1ccccc1)NC1CCc2ccccc2N(CC(=O)O)C1=O,O=C1Nc2ccccc2CCC1NCCCc1ccccc1,CHEMBL1604571,-0.2,Lipophilicity,1,calibration
CN[C@@H](C)C(=O)N[C@H](C(=O)N[C@H]1CCN(CCc2ccccc2)C1)C1CCCCC1,CNC(C)C(=O)NC(C(=O)NC1CCN(CCc2ccccc2)C1)C1CCCCC1,O=C(CC1CCCCC1)NC1CCN(CCc2ccccc2)C1,CHEMBL1950722,1.65,Lipophilicity,1,calibration
CCN(CC)C(=O)c1ccc([C@H](c2cccc(NC(=O)C3CC3)c2)N2CCN(CCOC)CC2)cc1,CCN(CC)C(=O)c1ccc(C(c2cccc(NC(=O)C3CC3)c2)N2CCN(CCOC)CC2)cc1,O=C(Nc1cccc(C(c2ccccc2)N2CCNCC2)c1)C1CC1,CHEMBL1939743,2.35,Lipophilicity,1,calibration
O=C(Cc1cccc2ccccc12)Nc1ccccc1,O=C(Cc1cccc2ccccc12)Nc1ccccc1,O=C(Cc1cccc2ccccc12)Nc1ccccc1,CHEMBL1875368,3.9,Lipophilicity,1,calibration
Cc1noc(C)c1CCC1CCN(S(=O)(=O)CC2(N(O)C=O)CCOCC2)CC1,Cc1noc(C)c1CCC1CCN(S(=O)(=O)CC2(N(O)C=O)CCOCC2)CC1,O=S(=O)(CC1CCOCC1)N1CCC(CCc2cnoc2)CC1,CHEMBL1784340,0.9,Lipophilicity,1,calibration
CSCCC(NC(=O)c1sccc1Cl)c1nc2ccccc2[nH]1,CSCCC(NC(=O)c1sccc1Cl)c1nc2ccccc2[nH]1,O=C(NCc1nc2ccccc2[nH]1)c1cccs1,CHEMBL1770471,3.69,Lipophilicity,1,calibration
O=c1cc(N2CCOCC2)oc2c(-c3cccc(-c4ccsc4)c3)cccc12,O=c1cc(N2CCOCC2)oc2c(-c3cccc(-c4ccsc4)c3)cccc12,O=c1cc(N2CCOCC2)oc2c(-c3cccc(-c4ccsc4)c3)cccc12,CHEMBL488881,4.2,Lipophilicity,1,calibration
COc1ccc2ccc(=O)n(CCN3CCC(NCc4cc5c(cn4)OCCO5)CC3)c2n1,COc1ccc2ccc(=O)n(CCN3CCC(NCc4cc5c(cn4)OCCO5)CC3)c2n1,O=c1ccc2cccnc2n1CCN1CCC(NCc2cc3c(cn2)OCCO3)CC1,CHEMBL1916545,1.16,Lipophilicity,1,calibration
CCN(CC)C(=O)c1ccc(C(=C2CCN(Cc3ccc(F)cc3)CC2)c2cccnc2)cc1,CCN(CC)C(=O)c1ccc(C(=C2CCN(Cc3ccc(F)cc3)CC2)c2cccnc2)cc1,c1ccc(CN2CCC(=C(c3ccccc3)c3cccnc3)CC2)cc1,CHEMBL1946017,3.65,Lipophilicity,1,calibration
c1cncc(Nc2ncnc3ccccc23)c1,c1cncc(Nc2ncnc3ccccc23)c1,c1cncc(Nc2ncnc3ccccc23)c1,CHEMBL117711,1.57,Lipophilicity,1,calibration
Cc1nn(C2CCOCC2)c(NS(=O)(=O)c2ccc(C3CC3)cc2)c1C(=O)N[C@@H](C)C(C)(C)C,Cc1nn(C2CCOCC2)c(NS(=O)(=O)c2ccc(C3CC3)cc2)c1C(=O)NC(C)C(C)(C)C,O=S(=O)(Nc1ccnn1C1CCOCC1)c1ccc(C2CC2)cc1,CHEMBL1934426,1.23,Lipophilicity,1,calibration
O=C(N[C@@H]1CN2CCC1CC2)c1ccc(-c2ccccc2)s1,O=C(NC1CN2CCC1CC2)c1ccc(-c2ccccc2)s1,O=C(NC1CN2CCC1CC2)c1ccc(-c2ccccc2)s1,CHEMBL1181881,1.835,Lipophilicity,2,calibration
c1cnc2cccnc2c1,c1cnc2cccnc2c1,c1cnc2cccnc2c1,CHEMBL450643,0.89,Lipophilicity,1,calibration
O=C(N[C@@H](Cc1ccc(N2CCN(c3ccccc3)CC2)cc1)C(=O)O)c1c(Cl)cccc1Cl,O=C(NC(Cc1ccc(N2CCN(c3ccccc3)CC2)cc1)C(=O)O)c1c(Cl)cccc1Cl,O=C(NCCc1ccc(N2CCN(c3ccccc3)CC2)cc1)c1ccccc1,CHEMBL402311,0.08,Lipophilicity,1,calibration
CC(C)Cn1c(=O)n(C)c(=O)c2c(C(=O)N3C[C@H](O)CO3)c(Cc3c[nH]c4ncccc34)sc21,CC(C)Cn1c(=O)n(C)c(=O)c2c(C(=O)N3CC(O)CO3)c(Cc3c[nH]c4ncccc34)sc21,O=C(c1c(Cc2c[nH]c3ncccc23)sc2[nH]c(=O)[nH]c(=O)c12)N1CCCO1,CHEMBL384536,2.04,Lipophilicity,1,calibration
COc1ccc2c(c1)N(CCN1CCC(NCc3ccc4c(n3)NC(=O)CO4)CC1)C(=O)OC2,COc1ccc2c(c1)N(CCN1CCC(NCc3ccc4c(n3)NC(=O)CO4)CC1)C(=O)OC2,O=C1COc2ccc(CNC3CCN(CCN4C(=O)OCc5ccccc54)CC3)nc2N1,CHEMBL1916538,0.5,Lipophilicity,1,calibration
COC1(c2ccc(NC(=O)c3cc(=O)c4cc(F)cc(-c5c(C)nn(C)c5C)c4o3)cn2)CCOCC1,COC1(c2ccc(NC(=O)c3cc(=O)c4cc(F)cc(-c5c(C)nn(C)c5C)c4o3)cn2)CCOCC1,O=C(Nc1ccc(C2CCOCC2)nc1)c1cc(=O)c2cccc(-c3cn[nH]c3)c2o1,CHEMBL605785,2.98,Lipophilicity,1,calibration
N#CC1(NC(=O)[C@@H]2CCCC[C@H]2C(=O)N2CCN(c3nc4ncccc4s3)CC2)CC1,N#CC1(NC(=O)C2CCCCC2C(=O)N2CCN(c3nc4ncccc4s3)CC2)CC1,O=C(NC1CC1)C1CCCCC1C(=O)N1CCN(c2nc3ncccc3s2)CC1,CHEMBL2071095,1.4,Lipophilicity,1,calibration
O=S(=O)(c1ccccc1)C1(c2cc(N3CCOCC3)nc(-c3cccc4[nH]ccc34)n2)CC1,O=S(=O)(c1ccccc1)C1(c2cc(N3CCOCC3)nc(-c3cccc4[nH]ccc34)n2)CC1,O=S(=O)(c1ccccc1)C1(c2cc(N3CCOCC3)nc(-c3cccc4[nH]ccc34)n2)CC1,CHEMBL2325711,3.4,Lipophilicity,1,calibration
N#CCNC(=O)[C@@H]1CCCC[C@H]1C(=O)N1CCCCC1,N#CCNC(=O)C1CCCCC1C(=O)N1CCCCC1,O=C(C1CCCCC1)N1CCCCC1,CHEMBL2164672,0.9,Lipophilicity,1,calibration
COc1cc(C(=O)O)ccc1Cc1cn(C)c2ccc(NC(=O)CC3CCCC3)cc12,COc1cc(C(=O)O)ccc1Cc1cn(C)c2ccc(NC(=O)CC3CCCC3)cc12,O=C(CC1CCCC1)Nc1ccc2[nH]cc(Cc3ccccc3)c2c1,CHEMBL301928,2.0,Lipophilicity,1,calibration
Cc1ccc(-c2ncc(CN3CCOCC3)s2)cc1NC(=O)c1ccc(OCc2ccccn2)cc1,Cc1ccc(-c2ncc(CN3CCOCC3)s2)cc1NC(=O)c1ccc(OCc2ccccn2)cc1,O=C(Nc1cccc(-c2ncc(CN3CCOCC3)s2)c1)c1ccc(OCc2ccccn2)cc1,CHEMBL2059872,3.1,Lipophilicity,1,calibration
CCCc1c(OCCCSc2ccc(CC(=O)O)cc2Cl)ccc(C(=O)CC)c1O,CCCc1c(OCCCSc2ccc(CC(=O)O)cc2Cl)ccc(C(=O)CC)c1O,c1ccc(OCCCSc2ccccc2)cc1,CHEMBL25710,3.57,Lipophilicity,1,calibration
O=c1cc(OCc2ccccc2)ccn1-c1ccc2c(cnn2CCN2CCCC2)c1,O=c1cc(OCc2ccccc2)ccn1-c1ccc2c(cnn2CCN2CCCC2)c1,O=c1cc(OCc2ccccc2)ccn1-c1ccc2c(cnn2CCN2CCCC2)c1,CHEMBL1289283,2.0,Lipophilicity,1,calibration
CN(CCOc1ccc(C[C@H](Nc2ccccc2C(=O)c2ccccc2)C(=O)O)cc1)c1ccccn1,CN(CCOc1ccc(CC(Nc2ccccc2C(=O)c2ccccc2)C(=O)O)cc1)c1ccccn1,O=C(c1ccccc1)c1ccccc1NCCc1ccc(OCCNc2ccccn2)cc1,CHEMBL434063,2.15,Lipophilicity,1,calibration
Cc1nn(-c2ccc(F)cc2)c(NS(=O)(=O)c2cccnc2)c1C(=O)N[C@@H](C)C(C)(C)C,Cc1nn(-c2ccc(F)cc2)c(NS(=O)(=O)c2cccnc2)c1C(=O)NC(C)C(C)(C)C,O=S(=O)(Nc1ccnn1-c1ccccc1)c1cccnc1,CHEMBL1916287,0.4,Lipophilicity,1,calibration
CC(C)Oc1cc(-n2cnc3ccc(N[C@@H](CO)c4ccc(F)cn4)nc32)n[nH]1,CC(C)Oc1cc(-n2cnc3ccc(NC(CO)c4ccc(F)cn4)nc32)n[nH]1,c1ccc(CNc2ccc3ncn(-c4cc[nH]n4)c3n2)nc1,CHEMBL2151322,2.79,Lipophilicity,1,calibration
Cc1ccc(C(=O)Nc2ccon2)cc1-n1cnc2ccc(N3CCN(C)CC3)cc2c1=O,Cc1ccc(C(=O)Nc2ccon2)cc1-n1cnc2ccc(N3CCN(C)CC3)cc2c1=O,O=C(Nc1ccon1)c1cccc(-n2cnc3ccc(N4CCNCC4)cc3c2=O)c1,CHEMBL2031461,1.87,Lipophilicity,1,calibration
COc1cc(-c2nn[nH]n2)ccc1Cn1ccc2ccc(NC(=O)OC3CCCC3)cc21,COc1cc(-c2nn[nH]n2)ccc1Cn1ccc2ccc(NC(=O)OC3CCCC3)cc21,O=C(Nc1ccc2ccn(Cc3ccc(-c4nn[nH]n4)cc3)c2c1)OC1CCCC1,CHEMBL311862,2.7,Lipophilicity,1,calibration
CN[C@@H](C)C(=O)N[C@H](C(=O)N[C@H]1CCCN(CCCc2ccccc2)C1)C1CCCCC1,CNC(C)C(=O)NC(C(=O)NC1CCCN(CCCc2ccccc2)C1)C1CCCCC1,O=C(CC1CCCCC1)NC1CCCN(CCCc2ccccc2)C1,CHEMBL1950728,2.6,Lipophilicity,1,calibration
CN(CCOc1ccc(C[C@H](Nc2ccccc2C(=O)c2ccccc2)C(=O)O)cc1)c1nc2ccccc2o1,CN(CCOc1ccc(CC(Nc2ccccc2C(=O)c2ccccc2)C(=O)O)cc1)c1nc2ccccc2o1,O=C(c1ccccc1)c1ccccc1NCCc1ccc(OCCNc2nc3ccccc3o2)cc1,CHEMBL423026,2.47,Lipophilicity,1,calibration
Oc1cc(O)cc(/C=C/c2ccc(O)c(O)c2)c1,Oc1cc(O)cc(C=Cc2ccc(O)c(O)c2)c1,C(=Cc1ccccc1)c1ccccc1,CHEMBL69863,2.11,Lipophilicity,1,calibration
Cc1cc2n[nH]c(=O)n2c2cc(-c3cccnc3)ccc12,Cc1cc2n[nH]c(=O)n2c2cc(-c3cccnc3)ccc12,O=c1[nH]nc2ccc3ccc(-c4cccnc4)cc3n12,CHEMBL1223459,2.72,Lipophilicity,1,calibration
O=S(=O)(Nc1cccnc1)c1ccccc1,O=S(=O)(Nc1cccnc1)c1ccccc1,O=S(=O)(Nc1cccnc1)c1ccccc1,CHEMBL1438072,0.84,Lipophilicity,1,calibration
NC1(c2ccc(-c3nn4cccc4cc3-c3ccccc3)cc2)CCC1,NC1(c2ccc(-c3nn4cccc4cc3-c3ccccc3)cc2)CCC1,c1ccc(-c2cc3cccn3nc2-c2ccc(C3CCC3)cc2)cc1,CHEMBL2035018,3.3,Lipophilicity,1,calibration
CC(=O)CC(c1ccccc1)c1c(O)c2ccccc2oc1=O,CC(=O)CC(c1ccccc1)c1c(O)c2ccccc2oc1=O,O=c1oc2ccccc2cc1Cc1ccccc1,CHEMBL1464,0.86,Lipophilicity,1,calibration
CC(C)c1nnc2ccc(-c3ocnc3-c3cc(F)ccc3F)cn12,CC(C)c1nnc2ccc(-c3ocnc3-c3cc(F)ccc3F)cn12,c1ccc(-c2ncoc2-c2ccc3nncn3c2)cc1,CHEMBL379866,2.44,Lipophilicity,1,calibration
CN1CCN(c2ccc(Nc3ccnc4ccccc34)cc2)CC1,CN1CCN(c2ccc(Nc3ccnc4ccccc34)cc2)CC1,c1ccc2c(Nc3ccc(N4CCNCC4)cc3)ccnc2c1,CHEMBL217665,1.3,Lipophilicity,1,calibration
CCN(CC)CCOC(=O)C1(C2CCCCC2)CCCCC1,CCN(CC)CCOC(=O)C1(C2CCCCC2)CCCCC1,C1CCC(C2CCCCC2)CC1,CHEMBL1123,3.72,Lipophilicity,1,calibration
COc1ccc(N2CCN(C(=O)[C@@H]3CCCC[C@H]3C(=O)NC3(C#N)CC3)[C@H](C)C2)nc1OC,COc1ccc(N2CCN(C(=O)C3CCCCC3C(=O)NC3(C#N)CC3)C(C)C2)nc1OC,O=C(NC1CC1)C1CCCCC1C(=O)N1CCN(c2ccccn2)CC1,CHEMBL2172002,2.3,Lipophilicity,1,calibration
O=C(NC1CC1)c1cc(-c2cccs2)on1,O=C(NC1CC1)c1cc(-c2cccs2)on1,O=C(NC1CC1)c1cc(-c2cccs2)on1,CHEMBL1222381,2.54,Lipophilicity,1,calibration
CCCCCSc1nc(O)c2sc(N)nc2n1,CCCCCSc1nc(O)c2sc(N)nc2n1,c1ncc2scnc2n1,CHEMBL201799,2.86,Lipophilicity,1,calibration
O=C(Nc1cccc([C@@H](c2ccc(C(=O)N3CCC3)cc2)N2CCN(Cc3ccc(F)cc3)CC2)c1)C1CC1,O=C(Nc1cccc(C(c2ccc(C(=O)N3CCC3)cc2)N2CCN(Cc3ccc(F)cc3)CC2)c1)C1CC1,O=C(Nc1cccc(C(c2ccc(C(=O)N3CCC3)cc2)N2CCN(Cc3ccccc3)CC2)c1)C1CC1,CHEMBL1939739,3.58,Lipophilicity,1,calibration
CCOc1ccccc1N1CCN(Cc2c[nH]nc2-c2ccc(F)cc2)CC1,CCOc1ccccc1N1CCN(Cc2c[nH]nc2-c2ccc(F)cc2)CC1,c1ccc(-c2n[nH]cc2CN2CCN(c3ccccc3)CC2)cc1,CHEMBL1443631,3.38,Lipophilicity,1,calibration
CC(C)(C(=O)c1cccnc1)c1cccnc1,CC(C)(C(=O)c1cccnc1)c1cccnc1,O=C(Cc1cccnc1)c1cccnc1,CHEMBL934,1.45,Lipophilicity,1,calibration
NC(=O)c1cccnc1Oc1ccccc1,NC(=O)c1cccnc1Oc1ccccc1,c1ccc(Oc2ccccn2)cc1,CHEMBL1431859,1.13,Lipophilicity,1,calibration
COc1ccccc1O[C@@H](c1ccccc1)[C@@H]1CNCCO1,COc1ccccc1OC(c1ccccc1)C1CNCCO1,c1ccc(OC(c2ccccc2)C2CNCCO2)cc1,CHEMBL223166,0.9,Lipophilicity,1,calibration
CN1CCCC1CCOC(C)(c1ccccc1)c1ccc(Cl)cc1,CN1CCCC1CCOC(C)(c1ccccc1)c1ccc(Cl)cc1,c1ccc(C(OCCC2CCCN2)c2ccccc2)cc1,CHEMBL315157,3.26,Lipophilicity,2,calibration
NC(=O)c1nnn(-c2ccccc2)c1N,NC(=O)c1nnn(-c2ccccc2)c1N,c1ccc(-n2ccnn2)cc1,CHEMBL1881806,0.74,Lipophilicity,1,calibration
CC(C)(C)OC(=O)N1CCC(OCc2nc(-c3ccncc3)no2)CC1,CC(C)(C)OC(=O)N1CCC(OCc2nc(-c3ccncc3)no2)CC1,c1cc(-c2noc(COC3CCNCC3)n2)ccn1,CHEMBL1081913,3.0,Lipophilicity,1,calibration
CC(=O)Nc1cccc(Nc2ncnc(N3CCC(OCc4ccc(OC(F)(F)F)cc4)CC3)n2)c1C,CC(=O)Nc1cccc(Nc2ncnc(N3CCC(OCc4ccc(OC(F)(F)F)cc4)CC3)n2)c1C,c1ccc(COC2CCN(c3ncnc(Nc4ccccc4)n3)CC2)cc1,CHEMBL1813048,4.4,Lipophilicity,1,calibration
Cc1ccc(NC(=O)c2ccno2)cc1-n1cnc2ccc(N3CCN(C)CC3)cc2c1=O,Cc1ccc(NC(=O)c2ccno2)cc1-n1cnc2ccc(N3CCN(C)CC3)cc2c1=O,O=C(Nc1cccc(-n2cnc3ccc(N4CCNCC4)cc3c2=O)c1)c1ccno1,CHEMBL2031235,1.75,Lipophilicity,1,calibration
O=C(N[C@@H](Cc1ccccc1)C(=O)N1CCC(O)CC1)c1cc2cc(Cl)ccc2[nH]1,O=C(NC(Cc1ccccc1)C(=O)N1CCC(O)CC1)c1cc2cc(Cl)ccc2[nH]1,O=C(NC(Cc1ccccc1)C(=O)N1CCCCC1)c1cc2ccccc2[nH]1,CHEMBL317410,3.6,Lipophilicity,1,calibration
Oc1ncnc2onc(-c3ccc(F)cc3)c12,Oc1ncnc2onc(-c3ccc(F)cc3)c12,c1ccc(-c2noc3ncncc23)cc1,CHEMBL1721722,1.97,Lipophilicity,1,calibration
O=S(=O)(Nc1nnc(-c2ccccc2)s1)c1ccc(Cl)cc1,O=S(=O)(Nc1nnc(-c2ccccc2)s1)c1ccc(Cl)cc1,O=S(=O)(Nc1nnc(-c2ccccc2)s1)c1ccccc1,CHEMBL1523918,1.14,Lipophilicity,1,calibration
O=C(O)c1ccc(Nc2ncc3c(n2)-c2ccc(Cl)cc2C(c2c(F)cccc2F)=NC3)cc1,O=C(O)c1ccc(Nc2ncc3c(n2)-c2ccc(Cl)cc2C(c2c(F)cccc2F)=NC3)cc1,c1ccc(Nc2ncc3c(n2)-c2ccccc2C(c2ccccc2)=NC3)cc1,CHEMBL259084,2.58,Lipophilicity,1,calibration
Oc1ncc(NCc2ccccc2)c(O)n1,Oc1ncc(NCc2ccccc2)c(O)n1,c1ccc(CNc2cncnc2)cc1,CHEMBL1871428,0.82,Lipophilicity,1,calibration
O=C1CN2Cc3c(ccc(Cl)c3Cl)N=C2N1,O=C1CN2Cc3c(ccc(Cl)c3Cl)N=C2N1,O=C1CN2Cc3ccccc3N=C2N1,CHEMBL760,1.86,Lipophilicity,1,calibration
O=C(c1ccc(F)cc1)N1CCC[C@H](c2nc(-c3ccc(F)cc3)no2)C1,O=C(c1ccc(F)cc1)N1CCCC(c2nc(-c3ccc(F)cc3)no2)C1,O=C(c1ccccc1)N1CCCC(c2nc(-c3ccccc3)no2)C1,CHEMBL381055,3.73,Lipophilicity,1,calibration
COc1ccc(Cl)c(Nc2ncnc3cc(OC)cc(OC4CCN(C)CC4)c23)c1,COc1ccc(Cl)c(Nc2ncnc3cc(OC)cc(OC4CCN(C)CC4)c23)c1,c1ccc(Nc2ncnc3cccc(OC4CCNCC4)c23)cc1,CHEMBL385240,3.6,Lipophilicity,1,calibration
OC(CCN1CCCCC1)(c1ccccc1)C1CC2C=CC1C2,OC(CCN1CCCCC1)(c1ccccc1)C1CC2C=CC1C2,C1=CC2CC1CC2C(CCN1CCCCC1)c1ccccc1,CHEMBL1101,2.49,Lipophilicity,1,calibration
CC(C)(C)NC(=O)Nc1ccc(-c2c(N)nc(N)nc2COCc2ccccc2)cc1,CC(C)(C)NC(=O)Nc1ccc(-c2c(N)nc(N)nc2COCc2ccccc2)cc1,c1ccc(COCc2ncncc2-c2ccccc2)cc1,CHEMBL212761,3.09,Lipophilicity,1,calibration
CC(C)(N)C(=O)N[C@H](COCc1ccccc1)C(=O)N1CCC2(CC1)CN(S(C)(=O)=O)c1ccccc12,CC(C)(N)C(=O)NC(COCc1ccccc1)C(=O)N1CCC2(CC1)CN(S(C)(=O)=O)c1ccccc12,O=C(CCOCc1ccccc1)N1CCC2(CC1)CNc1ccccc12,CHEMBL13817,1.4,Lipophilicity,1,calibration
NC1CCN(c2nccc(C(=O)NCC34CC5CC(CC(C5)C3)C4)c2Cl)CC1,NC1CCN(c2nccc(C(=O)NCC34CC5CC(CC(C5)C3)C4)c2Cl)CC1,O=C(NCC12CC3CC(CC(C3)C1)C2)c1ccnc(N2CCCCC2)c1,CHEMBL550777,1.19,Lipophilicity,1,calibration
COc1cc(F)ccc1-c1cncc(CNC2CCCC2)c1,COc1cc(F)ccc1-c1cncc(CNC2CCCC2)c1,c1ccc(-c2cncc(CNC3CCCC3)c2)cc1,CHEMBL1779003,2.29,Lipophilicity,1,calibration
OC(CCN1CCCCC1)(c1ccccc1)C1CCCCC1,OC(CCN1CCCCC1)(c1ccccc1)C1CCCCC1,c1ccc(C(CCN2CCCCC2)C2CCCCC2)cc1,CHEMBL1490,2.68,Lipophilicity,1,calibration
O=C(c1cccc(Cc2n[nH]c(=O)c3ccccc23)c1)N1CCN(c2ncccn2)CC1,O=C(c1cccc(Cc2n[nH]c(=O)c3ccccc23)c1)N1CCN(c2ncccn2)CC1,O=C(c1cccc(Cc2n[nH]c(=O)c3ccccc23)c1)N1CCN(c2ncccn2)CC1,CHEMBL521809,2.13,Lipophilicity,1,calibration
CN[C@@H](C)C(=O)N[C@H](C(=O)N[C@H]1CCCCN(Cc2ccccc2)C1)C1CCCCC1,CNC(C)C(=O)NC(C(=O)NC1CCCCN(Cc2ccccc2)C1)C1CCCCC1,O=C(CC1CCCCC1)NC1CCCCN(Cc2ccccc2)C1,CHEMBL1950732,2.12,Lipophilicity,1,calibration
CCC1(c2cccc(O)c2)CCCCN(C)C1,CCC1(c2cccc(O)c2)CCCCN(C)C1,c1ccc(C2CCCCNC2)cc1,CHEMBL314437,0.8,Lipophilicity,1,calibration
O=C1C(CC[S+]([O-])c2ccccc2)C(=O)N(c2ccccc2)N1c1ccccc1,O=C1C(CC[S+]([O-])c2ccccc2)C(=O)N(c2ccccc2)N1c1ccccc1,O=C1C(CC[SH+]c2ccccc2)C(=O)N(c2ccccc2)N1c1ccccc1,CHEMBL832,-0.51,Lipophilicity,1,calibration
Cc1ccc(-n2[nH]c(=O)c3cccnc32)cc1,Cc1ccc(-n2[nH]c(=O)c3cccnc32)cc1,O=c1[nH]n(-c2ccccc2)c2ncccc12,CHEMBL1319232,2.1,Lipophilicity,1,calibration
C#CC(C)(C)NC(=O)c1sccc1Oc1ccc(F)cc1[N+](=O)[O-],C#CC(C)(C)NC(=O)c1sccc1Oc1ccc(F)cc1[N+](=O)[O-],c1ccc(Oc2ccsc2)cc1,CHEMBL1730736,3.0,Lipophilicity,1,calibration
c1ccc2c(c1)CCN(c1ccncc1)C2,c1ccc2c(c1)CCN(c1ccncc1)C2,c1ccc2c(c1)CCN(c1ccncc1)C2,CHEMBL51594,1.4,Lipophilicity,1,calibration
CC(NCC(O)c1ccc([N+](=O)[O-])cc1)C12CC3CC(CC(C3)C1)C2,CC(NCC(O)c1ccc([N+](=O)[O-])cc1)C12CC3CC(CC(C3)C1)C2,c1ccc(CCNCC23CC4CC(CC(C4)C2)C3)cc1,CHEMBL1384203,3.53,Lipophilicity,1,calibration
CC1=C(C)C(=O)C(C(CCCCCC(=O)O)c2ccccc2)=C(C)C1=O,CC1=C(C)C(=O)C(C(CCCCCC(=O)O)c2ccccc2)=C(C)C1=O,O=C1C=CC(=O)C(Cc2ccccc2)=C1,CHEMBL70972,2.48,Lipophilicity,1,calibration
CS(=O)(=O)c1ccccc1C(=O)NCC(O)CNC1CCN(Cc2ccc(Cl)c(Cl)c2)CC1,CS(=O)(=O)c1ccccc1C(=O)NCC(O)CNC1CCN(Cc2ccc(Cl)c(Cl)c2)CC1,O=C(NCCCNC1CCN(Cc2ccccc2)CC1)c1ccccc1,CHEMBL2208437,1.21,Lipophilicity,1,calibration
CN1CCC(C#N)(c2cccc3ccccc23)CC1,CN1CCC(C#N)(c2cccc3ccccc23)CC1,c1ccc2c(C3CCNCC3)cccc2c1,CHEMBL324465,2.73,Lipophilicity,1,calibration
O=C(O)c1ccccc1Cn1nnc(-c2cccc(OCc3ccc4ccccc4n3)c2)n1,O=C(O)c1ccccc1Cn1nnc(-c2cccc(OCc3ccc4ccccc4n3)c2)n1,c1ccc(Cn2nnc(-c3cccc(OCc4ccc5ccccc5n4)c3)n2)cc1,CHEMBL280713,2.1,Lipophilicity,1,calibration
Cc1ccc(S(=O)(=O)N2N=Cc3ccccc3B2O)cc1,Cc1ccc(S(=O)(=O)N2N=Cc3ccccc3B2O)cc1,O=S(=O)(c1ccccc1)N1Bc2ccccc2C=N1,CHEMBL168634,0.05,Lipophilicity,1,calibration
CNc1c(Br)cnc2[nH]c(-c3ccnc(N)c3)nc12,CNc1c(Br)cnc2[nH]c(-c3ccnc(N)c3)nc12,c1cnc2[nH]c(-c3ccncc3)nc2c1,CHEMBL2011912,2.83,Lipophilicity,1,calibration
CC1(C)C(=O)N(c2ccc(SC(F)(F)F)cc2)C(=O)N1Cc1ccnc(N2CCOCC2)c1,CC1(C)C(=O)N(c2ccc(SC(F)(F)F)cc2)C(=O)N1Cc1ccnc(N2CCOCC2)c1,O=C1CN(Cc2ccnc(N3CCOCC3)c2)C(=O)N1c1ccccc1,CHEMBL1762157,3.73,Lipophilicity,1,calibration
CC(C)Cn1c(=O)n(C)c(=O)c2c(C(=O)N3C[C@H](O)CO3)c(Cc3ccccc3C(F)(F)F)sc21,CC(C)Cn1c(=O)n(C)c(=O)c2c(C(=O)N3CC(O)CO3)c(Cc3ccccc3C(F)(F)F)sc21,O=C(c1c(Cc2ccccc2)sc2[nH]c(=O)[nH]c(=O)c12)N1CCCO1,CHEMBL218573,3.15,Lipophilicity,1,calibration
COc1ccc(-c2ccccc2)cc1N1CC(=O)NS1(=O)=O,COc1ccc(-c2ccccc2)cc1N1CC(=O)NS1(=O)=O,O=C1CN(c2cccc(-c3ccccc3)c2)S(=O)(=O)N1,CHEMBL193233,-1.01,Lipophilicity,1,calibration
O=S(=O)(CCOCCCc1ccccc1)NCCNCCc1ccc(O)c2nc(O)sc12,O=S(=O)(CCOCCCc1ccccc1)NCCNCCc1ccc(O)c2nc(O)sc12,O=S(=O)(CCOCCCc1ccccc1)NCCNCCc1cccc2ncsc12,CHEMBL112994,2.22,Lipophilicity,1,calibration
O=S(=O)(CCCOCCc1cc2ccccc2o1)CCNCCc1ccc(O)c2nc(O)sc12,O=S(=O)(CCCOCCc1cc2ccccc2o1)CCNCCc1ccc(O)c2nc(O)sc12,O=S(=O)(CCCOCCc1cc2ccccc2o1)CCNCCc1cccc2ncsc12,CHEMBL420857,2.86,Lipophilicity,1,calibration
Nc1nonc1/C(=N/O)Nc1ccc(F)c(Cl)c1,Nc1nonc1C(=NO)Nc1ccc(F)c(Cl)c1,N=C(Nc1ccccc1)c1cnon1,CHEMBL584991,2.7,Lipophilicity,1,calibration
O=C1NC(c2ccc(Br)cc2)Nc2ccccc21,O=C1NC(c2ccc(Br)cc2)Nc2ccccc21,O=C1NC(c2ccccc2)Nc2ccccc21,CHEMBL1550191,2.68,Lipophilicity,1,calibration
NC(=O)c1cccc(C[C@@H]2C[C@H]3CC[C@@H](C2)N3Cc2ccccc2)c1,NC(=O)c1cccc(CC2CC3CCC(C2)N3Cc2ccccc2)c1,c1ccc(CC2CC3CCC(C2)N3Cc2ccccc2)cc1,CHEMBL1223953,1.15,Lipophilicity,2,calibration
CNC1=Nc2ncccc2C(c2ccco2)=NC1c1cccs1,CNC1=Nc2ncccc2C(c2ccco2)=NC1c1cccs1,C1=Nc2ncccc2C(c2ccco2)=NC1c1cccs1,CHEMBL505521,1.85,Lipophilicity,1,calibration
COc1ncc2ncc(=O)n(CCN3CCC(NCc4cc5c(cn4)OCCO5)CC3)c2n1,COc1ncc2ncc(=O)n(CCN3CCC(NCc4cc5c(cn4)OCCO5)CC3)c2n1,O=c1cnc2cncnc2n1CCN1CCC(NCc2cc3c(cn2)OCCO3)CC1,CHEMBL1916544,-0.14,Lipophilicity,1,calibration
O=C(Nc1ccc(Cl)c(Cl)c1)N1CCN(C[C@@H]2CCCN(CC3CC3)C2)CC1,O=C(Nc1ccc(Cl)c(Cl)c1)N1CCN(CC2CCCN(CC3CC3)C2)CC1,O=C(Nc1ccccc1)N1CCN(CC2CCCN(CC3CC3)C2)CC1,CHEMBL2036754,2.54,Lipophilicity,1,calibration
N#Cc1nc(NC2CCCCC2)c(N)c(N2CCOCC2)n1,N#Cc1nc(NC2CCCCC2)c(N)c(N2CCOCC2)n1,c1nc(NC2CCCCC2)cc(N2CCOCC2)n1,CHEMBL471584,2.81,Lipophilicity,1,calibration
Cn1c(C#N)ccc1-c1ccc2c(c1)C(C)(C)OC(=O)N2,Cn1c(C#N)ccc1-c1ccc2c(c1)C(C)(C)OC(=O)N2,O=C1Nc2ccc(-c3ccc[nH]3)cc2CO1,CHEMBL67860,2.85,Lipophilicity,1,calibration
Cn1cc(-c2ccc(O)cc2)c(=O)c2c(O)cc(O)cc21,Cn1cc(-c2ccc(O)cc2)c(=O)c2c(O)cc(O)cc21,O=c1c(-c2ccccc2)c[nH]c2ccccc12,CHEMBL513192,2.2,Lipophilicity,1,calibration
CCn1cc(C(=O)O)c(=O)c2ccc(C)nc21,CCn1cc(C(=O)O)c(=O)c2ccc(C)nc21,O=c1cc[nH]c2ncccc12,CHEMBL5,-0.1,Lipophilicity,1,calibration
C[C@H](Nc1nc(Nc2cc(C3CC3)[nH]n2)cnc1C#N)c1ccc(F)cn1,CC(Nc1nc(Nc2cc(C3CC3)[nH]n2)cnc1C#N)c1ccc(F)cn1,c1ccc(CNc2cncc(Nc3cc(C4CC4)[nH]n3)n2)nc1,CHEMBL578194,3.18,Lipophilicity,1,calibration
Nc1ccccc1NC(=O)c1ccc(C2CCN(CCC(=O)Nc3ccccc3F)CC2)cc1,Nc1ccccc1NC(=O)c1ccc(C2CCN(CCC(=O)Nc3ccccc3F)CC2)cc1,O=C(CCN1CCC(c2ccc(C(=O)Nc3ccccc3)cc2)CC1)Nc1ccccc1,CHEMBL409494,2.76,Lipophilicity,1,calibration
CN1CCNc2nc(CCOc3ccc(C[C@H](NC(=O)c4c(Cl)cccc4Cl)C(=O)O)cc3)ccc21,CN1CCNc2nc(CCOc3ccc(CC(NC(=O)c4c(Cl)cccc4Cl)C(=O)O)cc3)ccc21,O=C(NCCc1ccc(OCCc2ccc3c(n2)NCCN3)cc1)c1ccccc1,CHEMBL2031168,0.07,Lipophilicity,1,calibration
COc1ccc2nc(C)cc(N3CC(CNC(=O)C4CC4)OC3=O)c2c1,COc1ccc2nc(C)cc(N3CC(CNC(=O)C4CC4)OC3=O)c2c1,O=C(NCC1CN(c2ccnc3ccccc23)C(=O)O1)C1CC1,CHEMBL1831130,1.55,Lipophilicity,1,calibration
C[C@H](c1nc2ncccc2c(=O)n1-c1ccc(Cl)cc1)N(CC1CCS(=O)(=O)CC1)C(=O)Cc1ccc(C(F)(F)F)c(F)c1,CC(c1nc2ncccc2c(=O)n1-c1ccc(Cl)cc1)N(CC1CCS(=O)(=O)CC1)C(=O)Cc1ccc(C(F)(F)F)c(F)c1,O=C(Cc1ccccc1)N(Cc1nc2ncccc2c(=O)n1-c1ccccc1)CC1CCS(=O)(=O)CC1,CHEMBL1939560,2.9,Lipophilicity,1,calibration
C[C@H]1O[C@@H](n2cnc3c(N)nc(OC(C4CC4)C(F)(F)F)nc32)[C@H](O)[C@@H]1O,CC1OC(n2cnc3c(N)nc(OC(C4CC4)C(F)(F)F)nc32)C(O)C1O,c1nc(OCC2CC2)nc2c1ncn2C1CCCO1,CHEMBL1933593,1.83,Lipophilicity,1,calibration
C#Cc1cccc(Nc2nc3cc(C(=O)O)ccc3c3cncnc23)c1,C#Cc1cccc(Nc2nc3cc(C(=O)O)ccc3c3cncnc23)c1,c1ccc(Nc2nc3ccccc3c3cncnc23)cc1,CHEMBL1682283,0.92,Lipophilicity,1,calibration
O=C1NC(=O)C(Cc2cccc(Oc3ccccc3)c2)S1,O=C1NC(=O)C(Cc2cccc(Oc3ccccc3)c2)S1,O=C1NC(=O)C(Cc2cccc(Oc3ccccc3)c2)S1,CHEMBL597424,2.84,Lipophilicity,1,calibration
O=C(C1CCCCC1)N1CC(=O)N2CCc3ccccc3C2C1,O=C(C1CCCCC1)N1CC(=O)N2CCc3ccccc3C2C1,O=C(C1CCCCC1)N1CC(=O)N2CCc3ccccc3C2C1,CHEMBL976,2.43,Lipophilicity,1,calibration
c1ccc(-c2ccc(COc3ccc4c(c3)CCC(CCN3CCCCC3)C4)cc2)cc1,c1ccc(-c2ccc(COc3ccc4c(c3)CCC(CCN3CCCCC3)C4)cc2)cc1,c1ccc(-c2ccc(COc3ccc4c(c3)CCC(CCN3CCCCC3)C4)cc2)cc1,CHEMBL142715,3.3,Lipophilicity,1,calibration
CCc1nn(C2CCCC2)c2c1CCn1c(-c3cccs3)nnc1-2,CCc1nn(C2CCCC2)c2c1CCn1c(-c3cccs3)nnc1-2,c1csc(-c2nnc3n2CCc2cnn(C4CCCC4)c2-3)c1,CHEMBL217899,3.6,Lipophilicity,1,calibration
CC1CC(=O)Nc2ccccc2N1,CC1CC(=O)Nc2ccccc2N1,O=C1CCNc2ccccc2N1,CHEMBL2142704,0.56,Lipophilicity,1,calibration
Nc1nc(O)c2ncn(COCCO)c2n1,Nc1nc(O)c2ncn(COCCO)c2n1,c1ncc2nc[nH]c2n1,CHEMBL184,-1.42,Lipophilicity,1,calibration
CCOC(=O)N1CCN(C(=O)[C@H](Cc2cccc(C(=N)N)c2)NS(=O)(=O)c2c(C(C)C)cc(C(C)C)cc2C(C)C)CC1,CCOC(=O)N1CCN(C(=O)C(Cc2cccc(C(=N)N)c2)NS(=O)(=O)c2c(C(C)C)cc(C(C)C)cc2C(C)C)CC1,O=C(C(Cc1ccccc1)NS(=O)(=O)c1ccccc1)N1CCNCC1,CHEMBL107955,1.67,Lipophilicity,1,calibration
CC(C)Oc1cc(OCCN2CCOCC2)cc2ncnc(Nc3c(Cl)ccc4c3OCO4)c12,CC(C)Oc1cc(OCCN2CCOCC2)cc2ncnc(Nc3c(Cl)ccc4c3OCO4)c12,c1cc(Nc2ncnc3cc(OCCN4CCOCC4)ccc23)c2c(c1)OCO2,CHEMBL436968,3.68,Lipophilicity,1,calibration
NS(=O)(=O)c1ccc(Nc2nccc(-c3ccccc3)n2)cc1,NS(=O)(=O)c1ccc(Nc2nccc(-c3ccccc3)n2)cc1,c1ccc(Nc2nccc(-c3ccccc3)n2)cc1,CHEMBL1084863,2.86,Lipophilicity,1,calibration
O=c1[nH]n(C(c2ccncc2)C2CC2)c(=O)c2c(O)c3ccc(Cl)cc3nc12,O=c1[nH]n(C(c2ccncc2)C2CC2)c(=O)c2c(O)c3ccc(Cl)cc3nc12,O=c1[nH]n(C(c2ccncc2)C2CC2)c(=O)c2cc3ccccc3nc12,CHEMBL1180288,0.7,Lipophilicity,1,calibration
CCCS(=O)(=O)N1N=Cc2cc(Cl)ccc2B1O,CCCS(=O)(=O)N1N=Cc2cc(Cl)ccc2B1O,B1NN=Cc2ccccc21,CHEMBL171951,-0.4,Lipophilicity,1,calibration
Cc1cc(Nc2nc(O[C@@H](C)c3ncc(F)cn3)ncc2Cl)n[nH]1,Cc1cc(Nc2nc(OC(C)c3ncc(F)cn3)ncc2Cl)n[nH]1,c1cnc(COc2nccc(Nc3cc[nH]n3)n2)nc1,CHEMBL1650726,1.82,Lipophilicity,1,calibration
CNc1c(Br)cnc2[nH]c(-c3ccc(OCCCN4CCOCC4)cc3)nc12,CNc1c(Br)cnc2[nH]c(-c3ccc(OCCCN4CCOCC4)cc3)nc12,c1cnc2[nH]c(-c3ccc(OCCCN4CCOCC4)cc3)nc2c1,CHEMBL2011916,2.96,Lipophilicity,1,calibration
O=C(Nc1ccncc1)c1cccc2ccccc12,O=C(Nc1ccncc1)c1cccc2ccccc12,O=C(Nc1ccncc1)c1cccc2ccccc12,CHEMBL1381233,3.1,Lipophilicity,1,calibration
O=c1[nH]c2c(O)ccc([C@@H](O)CNCCOCCCNCCc3cccc(Cl)c3)c2s1,O=c1[nH]c2c(O)ccc(C(O)CNCCOCCCNCCc3cccc(Cl)c3)c2s1,O=c1[nH]c2cccc(CCNCCOCCCNCCc3ccccc3)c2s1,CHEMBL1807832,0.83,Lipophilicity,1,calibration
COc1cccc(C(=O)N2CCC(n3c(=O)[nH]c4ccccc43)CC2)c1,COc1cccc(C(=O)N2CCC(n3c(=O)[nH]c4ccccc43)CC2)c1,O=C(c1ccccc1)N1CCC(n2c(=O)[nH]c3ccccc32)CC1,CHEMBL251202,2.65,Lipophilicity,1,calibration
CC1Cc2ccccc2N1NC(=O)c1ccc(Cl)c(S(N)(=O)=O)c1,CC1Cc2ccccc2N1NC(=O)c1ccc(Cl)c(S(N)(=O)=O)c1,O=C(NN1CCc2ccccc21)c1ccccc1,CHEMBL406,1.83,Lipophilicity,1,calibration
CNC(=O)c1ccc(N2C(=S)N(c3ccc(C#N)c(C(F)(F)F)c3)C(=O)C23CCC3)cc1F,CNC(=O)c1ccc(N2C(=S)N(c3ccc(C#N)c(C(F)(F)F)c3)C(=O)C23CCC3)cc1F,O=C1N(c2ccccc2)C(=S)N(c2ccccc2)C12CCC2,CHEMBL1082410,3.3,Lipophilicity,1,calibration
Cc1ccc(-c2cc(C(=O)N3CCOCC3)c3cc(C)ccc3n2)cc1,Cc1ccc(-c2cc(C(=O)N3CCOCC3)c3cc(C)ccc3n2)cc1,O=C(c1cc(-c2ccccc2)nc2ccccc12)N1CCOCC1,CHEMBL1891277,3.6,Lipophilicity,1,calibration
O=C(CCN1CCCCC1)Nc1ccc(-c2cccn3c(=O)cc(N4CCOCC4)nc23)c2sc3ccccc3c12,O=C(CCN1CCCCC1)Nc1ccc(-c2cccn3c(=O)cc(N4CCOCC4)nc23)c2sc3ccccc3c12,O=C(CCN1CCCCC1)Nc1ccc(-c2cccn3c(=O)cc(N4CCOCC4)nc23)c2sc3ccccc3c12,CHEMBL1630130,2.9,Lipophilicity,1,calibration
N#CCNC(=O)[C@@H]1CCCC[C@H]1C(=O)N1CCc2ccccc2C1,N#CCNC(=O)C1CCCCC1C(=O)N1CCc2ccccc2C1,O=C(C1CCCCC1)N1CCc2ccccc2C1,CHEMBL2164674,1.91,Lipophilicity,1,calibration
COc1cc(Nc2nccc(Oc3cnc4ccccc4c3)n2)cc(OC)c1OC,COc1cc(Nc2nccc(Oc3cnc4ccccc4c3)n2)cc(OC)c1OC,c1ccc(Nc2nccc(Oc3cnc4ccccc4c3)n2)cc1,CHEMBL1760039,3.41,Lipophilicity,1,calibration
COc1cc(Oc2ccnc3ccc(F)cc23)ccc1CC(=O)Nc1noc(C)c1C,COc1cc(Oc2ccnc3ccc(F)cc23)ccc1CC(=O)Nc1noc(C)c1C,O=C(Cc1ccc(Oc2ccnc3ccccc23)cc1)Nc1ccon1,CHEMBL2023481,4.06,Lipophilicity,1,calibration
O=C(N[C@H]1CN2CCC1CC2)c1ccc(Cl)cc1,O=C(NC1CN2CCC1CC2)c1ccc(Cl)cc1,O=C(NC1CN2CCC1CC2)c1ccccc1,CHEMBL177611,0.6,Lipophilicity,1,calibration
CCN(CC)S(=O)(=O)c1ccc(-c2nnc(SCC(=O)N3CCc4ccccc43)o2)cc1,CCN(CC)S(=O)(=O)c1ccc(-c2nnc(SCC(=O)N3CCc4ccccc43)o2)cc1,O=C(CSc1nnc(-c2ccccc2)o1)N1CCc2ccccc21,CHEMBL1703518,3.9,Lipophilicity,1,calibration
COc1ccc(N(C(=O)c2ccco2)C(C(=O)NC2CCCC2)c2ccccc2F)c(OC)c1,COc1ccc(N(C(=O)c2ccco2)C(C(=O)NC2CCCC2)c2ccccc2F)c(OC)c1,O=C(NC1CCCC1)C(c1ccccc1)N(C(=O)c1ccco1)c1ccccc1,CHEMBL472455,3.09,Lipophilicity,1,calibration
CC(=O)NC[C@H]1CN(c2ccc(N3CCN(c4cnccn4)CC3)c(F)c2)C(=O)O1,CC(=O)NCC1CN(c2ccc(N3CCN(c4cnccn4)CC3)c(F)c2)C(=O)O1,O=C1OCCN1c1ccc(N2CCN(c3cnccn3)CC2)cc1,CHEMBL122695,1.49,Lipophilicity,1,calibration
C[C@H]1O[C@@H](n2cnc3c(N)nc(OC4CCOC4)nc32)[C@H](O)[C@@H]1O,CC1OC(n2cnc3c(N)nc(OC4CCOC4)nc32)C(O)C1O,c1nc(OC2CCOC2)nc2c1ncn2C1CCCO1,CHEMBL1933588,-0.06,Lipophilicity,1,calibration
O=C(Oc1ccccc1)N1CCOCC1,O=C(Oc1ccccc1)N1CCOCC1,O=C(Oc1ccccc1)N1CCOCC1,CHEMBL1332736,1.3,Lipophilicity,1,calibration
O=C(Nc1nc2c(=O)[nH]cnc2s1)c1ccccc1,O=C(Nc1nc2c(=O)[nH]cnc2s1)c1ccccc1,O=C(Nc1nc2c(=O)[nH]cnc2s1)c1ccccc1,CHEMBL1975242,1.94,Lipophilicity,1,calibration
Cn1cc(CN2CCc3cc4nc(N)sc4cc3CC2)cn1,Cn1cc(CN2CCc3cc4nc(N)sc4cc3CC2)cn1,c1nc2cc3c(cc2s1)CCN(Cc1cn[nH]c1)CC3,CHEMBL2326472,1.06,Lipophilicity,1,calibration
C[C@@](O)(C(=O)Nc1ccc(S(=O)(=O)NCCN2CCOCC2)cc1Cl)C(F)(F)F,CC(O)(C(=O)Nc1ccc(S(=O)(=O)NCCN2CCOCC2)cc1Cl)C(F)(F)F,O=S(=O)(NCCN1CCOCC1)c1ccccc1,CHEMBL75821,2.14,Lipophilicity,1,calibration
O=C(Nc1ccc(Oc2cccnc2)nc1)c1nnc(Nc2ccccc2F)o1,O=C(Nc1ccc(Oc2cccnc2)nc1)c1nnc(Nc2ccccc2F)o1,O=C(Nc1ccc(Oc2cccnc2)nc1)c1nnc(Nc2ccccc2)o1,CHEMBL2036584,3.1,Lipophilicity,1,calibration
CCCSc1c(C(=O)NC2CCCCC2)cnn1[C@H]1CC[C@@H](C(=O)O)CC1,CCCSc1c(C(=O)NC2CCCCC2)cnn1C1CCC(C(=O)O)CC1,O=C(NC1CCCCC1)c1cnn(C2CCCCC2)c1,CHEMBL2177611,1.21,Lipophilicity,2,calibration
Cc1nn(-c2ccccc2)c(NS(=O)(=O)C2CCCCC2)c1C(=O)N[C@@H](C)C(C)(C)C,Cc1nn(-c2ccccc2)c(NS(=O)(=O)C2CCCCC2)c1C(=O)NC(C)C(C)(C)C,O=S(=O)(Nc1ccnn1-c1ccccc1)C1CCCCC1,CHEMBL1916286,1.75,Lipophilicity,1,calibration
O=C(N[C@@H](Cc1ccccc1)[C@@H](O)C(=O)N1C[C@@H](O)[C@@H](O)C1)c1cc2cc(Cl)ccc2[nH]1,O=C(NC(Cc1ccccc1)C(O)C(=O)N1CC(O)C(O)C1)c1cc2cc(Cl)ccc2[nH]1,O=C(NC(CC(=O)N1CCCC1)Cc1ccccc1)c1cc2ccccc2[nH]1,CHEMBL2104888,2.8,Lipophilicity,1,calibration
O=C(O)c1cccnc1N1CCC(CN2CCC(Oc3ccc(Cl)c(Cl)c3)CC2)CC1,O=C(O)c1cccnc1N1CCC(CN2CCC(Oc3ccc(Cl)c(Cl)c3)CC2)CC1,c1ccc(OC2CCN(CC3CCN(c4ccccn4)CC3)CC2)cc1,CHEMBL2158834,1.71,Lipophilicity,1,calibration
O=C(CCS(=O)(=O)c1ccc(Br)cc1)NCc1ccc(F)cc1,O=C(CCS(=O)(=O)c1ccc(Br)cc1)NCc1ccc(F)cc1,O=C(CCS(=O)(=O)c1ccccc1)NCc1ccccc1,CHEMBL1609717,3.1,Lipophilicity,1,calibration
CCN1CCC[C@@H](C(=O)N2CCN(C(=O)Nc3ccc(Cl)c(Cl)c3)CC2)C1,CCN1CCCC(C(=O)N2CCN(C(=O)Nc3ccc(Cl)c(Cl)c3)CC2)C1,O=C(Nc1ccccc1)N1CCN(C(=O)C2CCCNC2)CC1,CHEMBL2036778,1.6,Lipophilicity,1,calibration
O=c1ccnc2ccccn12,O=c1ccnc2ccccn12,O=c1ccnc2ccccn12,CHEMBL75200,0.2,Lipophilicity,1,calibration
O=c1cc(N2CCOCC2)oc2c(-c3cccc4c5c(sc34)CCCC5)cccc12,O=c1cc(N2CCOCC2)oc2c(-c3cccc4c5c(sc34)CCCC5)cccc12,O=c1cc(N2CCOCC2)oc2c(-c3cccc4c5c(sc34)CCCC5)cccc12,CHEMBL198750,4.1,Lipophilicity,1,calibration
Cc1cc(C)nc(SCC(=O)Nc2cc(C)on2)n1,Cc1cc(C)nc(SCC(=O)Nc2cc(C)on2)n1,O=C(CSc1ncccn1)Nc1ccon1,CHEMBL1490317,1.52,Lipophilicity,1,calibration
COc1ccccc1Cn1c(C)nc2ccccc21,COc1ccccc1Cn1c(C)nc2ccccc21,c1ccc(Cn2cnc3ccccc32)cc1,CHEMBL1310086,3.47,Lipophilicity,1,calibration
O=C1CCOc2nc(CCc3ccccc3)ccc21,O=C1CCOc2nc(CCc3ccccc3)ccc21,O=C1CCOc2nc(CCc3ccccc3)ccc21,CHEMBL1682825,2.5,Lipophilicity,1,calibration
Nc1ncc(-c2cnn(C3CCOCC3)c2)cc1-c1nc2ccccc2o1,Nc1ncc(-c2cnn(C3CCOCC3)c2)cc1-c1nc2ccccc2o1,c1ccc2oc(-c3cncc(-c4cnn(C5CCOCC5)c4)c3)nc2c1,CHEMBL1199987,4.0,Lipophilicity,1,calibration
O=c1[nH]n(Cc2ccoc2)c(=O)c2c(=O)c3ccc(Cl)cc3[nH]c12,O=c1[nH]n(Cc2ccoc2)c(=O)c2c(=O)c3ccc(Cl)cc3[nH]c12,O=c1[nH]n(Cc2ccoc2)c(=O)c2c(=O)c3ccccc3[nH]c12,CHEMBL388335,0.6,Lipophilicity,1,calibration
NC(=O)c1cccc(OC2CCN(CC3CC3)CC2)c1,NC(=O)c1cccc(OC2CCN(CC3CC3)CC2)c1,c1ccc(OC2CCN(CC3CC3)CC2)cc1,CHEMBL1256487,0.49,Lipophilicity,1,calibration
CCOc1ccc2oc(C(=O)NC(CCSC)c3nc4cnccc4[nH]3)c(C)c2c1,CCOc1ccc2oc(C(=O)NC(CCSC)c3nc4cnccc4[nH]3)c(C)c2c1,O=C(NCc1nc2cnccc2[nH]1)c1cc2ccccc2o1,CHEMBL1770476,4.31,Lipophilicity,1,calibration
CNc1nc(C)c(-c2nc(Nc3cccc(N4CCNCC4)c3)ncc2C#N)s1,CNc1nc(C)c(-c2nc(Nc3cccc(N4CCNCC4)c3)ncc2C#N)s1,c1cc(Nc2nccc(-c3cncs3)n2)cc(N2CCNCC2)c1,CHEMBL2348642,1.9,Lipophilicity,1,calibration
O=C(NCC12CC3CC(CC(C3)C1)C2)c1cc(CN2CCNCC2)ccc1Cl,O=C(NCC12CC3CC(CC(C3)C1)C2)c1cc(CN2CCNCC2)ccc1Cl,O=C(NCC12CC3CC(CC(C3)C1)C2)c1cccc(CN2CCNCC2)c1,CHEMBL235789,1.84,Lipophilicity,1,calibration
O=C(CC12CC3CC(CC(C3)C1)C2)Nc1ccc2[nH]ncc2c1,O=C(CC12CC3CC(CC(C3)C1)C2)Nc1ccc2[nH]ncc2c1,O=C(CC12CC3CC(CC(C3)C1)C2)Nc1ccc2[nH]ncc2c1,CHEMBL492112,4.03,Lipophilicity,1,calibration
N#C[C@@H]1CCCN1C(=O)CNCCNc1ccc(Cl)cn1,N#CC1CCCN1C(=O)CNCCNc1ccc(Cl)cn1,O=C(CNCCNc1ccccn1)N1CCCC1,CHEMBL93354,0.99,Lipophilicity,1,calibration
CS(=O)(=O)c1ccc(-c2nnc(/C=C/c3nnc(-c4ccc(C#N)cc4)o3)n2-c2ccccc2Cl)nc1,CS(=O)(=O)c1ccc(-c2nnc(C=Cc3nnc(-c4ccc(C#N)cc4)o3)n2-c2ccccc2Cl)nc1,C(=Cc1nnc(-c2ccccn2)n1-c1ccccc1)c1nnc(-c2ccccc2)o1,CHEMBL2325503,2.66,Lipophilicity,1,calibration
Cn1c(N)nc(CCc2cccc(-c3cccnc3)c2)cc1=O,Cn1c(N)nc(CCc2cccc(-c3cccnc3)c2)cc1=O,O=c1cc(CCc2cccc(-c3cccnc3)c2)nc[nH]1,CHEMBL235753,2.5,Lipophilicity,1,calibration
O=C(O)COc1ccc(Cl)cc1C1CCCCC1,O=C(O)COc1ccc(Cl)cc1C1CCCCC1,c1ccc(C2CCCCC2)cc1,CHEMBL245908,0.93,Lipophilicity,1,calibration
COc1ccc(C(=O)Nc2c(Cl)cncc2Cl)c2cccnc12,COc1ccc(C(=O)Nc2c(Cl)cncc2Cl)c2cccnc12,O=C(Nc1ccncc1)c1cccc2ncccc12,CHEMBL39058,2.09,Lipophilicity,1,calibration
CC(=O)Nc1ccc2ccn(-c3cc(Nc4ccn(C)n4)n4ncc(C#N)c4n3)c2c1,CC(=O)Nc1ccc2ccn(-c3cc(Nc4ccn(C)n4)n4ncc(C#N)c4n3)c2c1,c1ccc2c(c1)ccn2-c1cc(Nc2cc[nH]n2)n2nccc2n1,CHEMBL2062570,3.57,Lipophilicity,1,calibration
Nc1ncnc2c1C(=O)N(c1ccc([C@H]3CC[C@H](CC(=O)O)CC3)cc1)CCO2,Nc1ncnc2c1C(=O)N(c1ccc(C3CCC(CC(=O)O)CC3)cc1)CCO2,O=C1c2cncnc2OCCN1c1ccc(C2CCCCC2)cc1,CHEMBL1835919,-0.5,Lipophilicity,1,calibration
CO[C@H]1/C=C/O[C@@]2(C)Oc3c(C)c(O)c4c(O)c(cc(O)c4c3C2=O)NC(=O)/C(C)=C\C=C\[C@H](C)[C@H](O)[C@@H](C)[C@@H](O)[C@@H](C)[C@H](OC(C)=O)[C@@H]1C,COC1C=COC2(C)Oc3c(C)c(O)c4c(O)c(cc(O)c4c3C2=O)NC(=O)C(C)=CC=CC(C)C(O)C(C)C(O)C(C)C(OC(C)=O)C1C,O=C1C=CC=CCCCCCCCCC=COC2Oc3ccc4cc(ccc4c3C2=O)N1,CHEMBL437765,1.19,Lipophilicity,1,calibration
COc1cc(-c2nnc(S)n2-c2cccc(C(F)(F)F)c2)cc(OC)c1OC,COc1cc(-c2nnc(S)n2-c2cccc(C(F)(F)F)c2)cc(OC)c1OC,c1ccc(-c2nncn2-c2ccccc2)cc1,CHEMBL1487890,2.27,Lipophilicity,1,calibration
COc1cc2c(c(OC)c1OC)-c1ccc(OC)c(=O)cc1C(NC(C)=O)CC2,COc1cc2c(c(OC)c1OC)-c1ccc(OC)c(=O)cc1C(NC(C)=O)CC2,O=c1cccc2c(c1)CCCc1ccccc1-2,CHEMBL87,0.97,Lipophilicity,2,calibration
CC1=C2C[C@H]3[C@@H](CC=C4C[C@@H](O)CC[C@@]43C)[C@@H]2CC[C@]12O[C@@H]1C[C@H](C)CN[C@H]1[C@H]2C,CC1=C2CC3C(CC=C4CC(O)CCC43C)C2CCC12OC1CC(C)CNC1C2C,C1=C2CC3C4CCCCC4=CCC3C2CCC12CC1NCCCC1O2,CHEMBL254129,2.63,Lipophilicity,1,calibration
COc1ccccc1N1CCN(CCCCNC(=O)c2ccc3ccccc3c2)CC1,COc1ccccc1N1CCN(CCCCNC(=O)c2ccc3ccccc3c2)CC1,O=C(NCCCCN1CCN(c2ccccc2)CC1)c1ccc2ccccc2c1,CHEMBL25236,3.53,Lipophilicity,1,calibration
CN(C)CCC=C1c2ccccc2COc2ccccc21,CN(C)CCC=C1c2ccccc2COc2ccccc21,C=C1c2ccccc2COc2ccccc21,CHEMBL1628227,2.15,Lipophilicity,1,calibration
Oc1ccc(-c2csc(-c3ccc(O)cc3)n2)cc1,Oc1ccc(-c2csc(-c3ccc(O)cc3)n2)cc1,c1ccc(-c2csc(-c3ccccc3)n2)cc1,CHEMBL456381,3.7,Lipophilicity,1,calibration
O=C(Nc1ccccc1F)NC1N=C(c2ccccc2)c2ccccc2NC1=O,O=C(Nc1ccccc1F)NC1N=C(c2ccccc2)c2ccccc2NC1=O,O=C(Nc1ccccc1)NC1N=C(c2ccccc2)c2ccccc2NC1=O,CHEMBL202626,3.9,Lipophilicity,2,calibration
N#Cc1nc(NC2CC3CCC2C3)c(N)c(N2CCOCC2)n1,N#Cc1nc(NC2CC3CCC2C3)c(N)c(N2CCOCC2)n1,c1nc(NC2CC3CCC2C3)cc(N2CCOCC2)n1,CHEMBL470915,3.53,Lipophilicity,1,calibration
O=C(Nc1ccccn1)c1ccc2[nH]c(-c3ccc(NC(=O)C45CC6CC(CC(C6)C4)C5)cc3)nc2c1,O=C(Nc1ccccn1)c1ccc2[nH]c(-c3ccc(NC(=O)C45CC6CC(CC(C6)C4)C5)cc3)nc2c1,O=C(Nc1ccccn1)c1ccc2[nH]c(-c3ccc(NC(=O)C45CC6CC(CC(C6)C4)C5)cc3)nc2c1,CHEMBL222659,4.24,Lipophilicity,1,calibration
NC(=O)Nc1sc(-c2ccccc2)cc1C(=O)N1CCOCC1,NC(=O)Nc1sc(-c2ccccc2)cc1C(=O)N1CCOCC1,O=C(c1csc(-c2ccccc2)c1)N1CCOCC1,CHEMBL507177,2.24,Lipophilicity,1,calibration
Cc1cccc(CN2CCN(C(c3ccccc3)c3ccc(Cl)cc3)CC2)c1,Cc1cccc(CN2CCN(C(c3ccccc3)c3ccc(Cl)cc3)CC2)c1,c1ccc(CN2CCN(C(c3ccccc3)c3ccccc3)CC2)cc1,CHEMBL1623,3.39,Lipophilicity,1,calibration
O=c1[nH]c2c(O)ccc([C@@H](O)CNCCc3cccc(-c4cccc(CNCc5ccccc5)c4)c3)c2s1,O=c1[nH]c2c(O)ccc(C(O)CNCCc3cccc(-c4cccc(CNCc5ccccc5)c4)c3)c2s1,O=c1[nH]c2cccc(CCNCCc3cccc(-c4cccc(CNCc5ccccc5)c4)c3)c2s1,CHEMBL1947156,2.32,Lipophilicity,1,calibration
CC(=O)NC[C@H]1CN(c2ccc(-n3ccc(C#N)c3)c(F)c2)C(=O)O1,CC(=O)NCC1CN(c2ccc(-n3ccc(C#N)c3)c(F)c2)C(=O)O1,O=C1OCCN1c1ccc(-n2cccc2)cc1,CHEMBL147405,1.6,Lipophilicity,1,calibration
C[C@@H]1CN(Cc2ccc(F)cc2)CCN1C(=O)COc1ccc(Cl)cc1NC(N)=O,CC1CN(Cc2ccc(F)cc2)CCN1C(=O)COc1ccc(Cl)cc1NC(N)=O,O=C(COc1ccccc1)N1CCN(Cc2ccccc2)CC1,CHEMBL232656,1.91,Lipophilicity,1,calibration
c1cc2c(cc1-c1cnc3n1CCC3)OCCO2,c1cc2c(cc1-c1cnc3n1CCC3)OCCO2,c1cc2c(cc1-c1cnc3n1CCC3)OCCO2,CHEMBL1541257,2.33,Lipophilicity,1,calibration
Cc1nocc1C(=O)Nc1ccc(-c2ccccc2OC(F)(F)F)c(N)n1,Cc1nocc1C(=O)Nc1ccc(-c2ccccc2OC(F)(F)F)c(N)n1,O=C(Nc1ccc(-c2ccccc2)cn1)c1cnoc1,CHEMBL2324355,3.7,Lipophilicity,1,calibration
CS(=O)(=O)c1ccc(C(=O)NC[C@@H](O)CN2CCC(Oc3ccc(Cl)c(Cl)c3)CC2)s1,CS(=O)(=O)c1ccc(C(=O)NCC(O)CN2CCC(Oc3ccc(Cl)c(Cl)c3)CC2)s1,O=C(NCCCN1CCC(Oc2ccccc2)CC1)c1cccs1,CHEMBL2208426,2.86,Lipophilicity,1,calibration
Cc1ccc(S(=O)(=O)Nc2c(C(=O)NCc3ccccc3)cnn2-c2ccccc2)cc1,Cc1ccc(S(=O)(=O)Nc2c(C(=O)NCc3ccccc3)cnn2-c2ccccc2)cc1,O=C(NCc1ccccc1)c1cnn(-c2ccccc2)c1NS(=O)(=O)c1ccccc1,CHEMBL1916086,1.9,Lipophilicity,1,calibration
CCN(CC)CCn1c2ccccc2c2cnc(N)c(C#N)c21,CCN(CC)CCn1c2ccccc2c2cnc(N)c(C#N)c21,c1ccc2c(c1)[nH]c1ccncc12,CHEMBL1573309,2.7,Lipophilicity,1,calibration
O=C1C2CCC(N2)C(=O)N1Cc1ccccc1,O=C1C2CCC(N2)C(=O)N1Cc1ccccc1,O=C1C2CCC(N2)C(=O)N1Cc1ccccc1,CHEMBL228761,2.21,Lipophilicity,1,calibration
C[C@]12CC[C@@H]3c4ccc(O)cc4CC[C@H]3[C@@H]1CC[C@@H]2O,CC12CCC3c4ccc(O)cc4CCC3C1CCC2O,c1ccc2c(c1)CCC1C2CCC2CCCC21,CHEMBL135,3.72,Lipophilicity,1,calibration
O=C(Oc1ccccc1O)c1cccc2ccccc12,O=C(Oc1ccccc1O)c1cccc2ccccc12,O=C(Oc1ccccc1)c1cccc2ccccc12,CHEMBL1392670,4.4,Lipophilicity,1,calibration
Cc1cn(Cc2ccccc2)c(=O)[nH]c1=O,Cc1cn(Cc2ccccc2)c(=O)[nH]c1=O,O=c1ccn(Cc2ccccc2)c(=O)[nH]1,CHEMBL365123,1.19,Lipophilicity,1,calibration
CCN1CCN(Cc2ccc(-c3cc4c(N[C@H](C)c5ccccc5)ncnc4[nH]3)cc2)CC1,CCN1CCN(Cc2ccc(-c3cc4c(NC(C)c5ccccc5)ncnc4[nH]3)cc2)CC1,c1ccc(CNc2ncnc3[nH]c(-c4ccc(CN5CCNCC5)cc4)cc23)cc1,CHEMBL587723,3.97,Lipophilicity,1,calibration
CC(=O)Nc1cnc2ccn(-c3cc(NC4CC4)n4ncc(C#N)c4n3)c2c1,CC(=O)Nc1cnc2ccn(-c3cc(NC4CC4)n4ncc(C#N)c4n3)c2c1,c1cnc2ccn(-c3cc(NC4CC4)n4nccc4n3)c2c1,CHEMBL2062565,2.69,Lipophilicity,1,calibration
Nc1sc2c(c1C(=O)NCc1ccccc1)CCCC2,Nc1sc2c(c1C(=O)NCc1ccccc1)CCCC2,O=C(NCc1ccccc1)c1csc2c1CCCC2,CHEMBL1632052,3.52,Lipophilicity,1,calibration
c1ccc2sc(C3CCCNC3)nc2c1,c1ccc2sc(C3CCCNC3)nc2c1,c1ccc2sc(C3CCCNC3)nc2c1,CHEMBL1454839,1.0,Lipophilicity,1,calibration
NC(=O)c1cnc(N[C@H]2CCCNC2)c2cc(Br)sc12,NC(=O)c1cnc(NC2CCCNC2)c2cc(Br)sc12,c1cc2sccc2c(NC2CCCNC2)n1,CHEMBL1288306,1.08,Lipophilicity,1,calibration
CC(C)(C)OC(=O)N1CCC(c2ncc(OCc3ccc(S(C)(=O)=O)cc3)cn2)CC1,CC(C)(C)OC(=O)N1CCC(c2ncc(OCc3ccc(S(C)(=O)=O)cc3)cn2)CC1,c1ccc(COc2cnc(C3CCNCC3)nc2)cc1,CHEMBL2086658,2.8,Lipophilicity,1,calibration
CCOC(=O)c1ccc(OCCC2CCN(c3ccc(C)nn3)CC2)nc1,CCOC(=O)c1ccc(OCCC2CCN(c3ccc(C)nn3)CC2)nc1,c1ccc(OCCC2CCN(c3cccnn3)CC2)nc1,CHEMBL1835912,3.76,Lipophilicity,1,calibration
N#Cc1nc(NC2CCOC2)c(N)c(N2CCOCC2)n1,N#Cc1nc(NC2CCOC2)c(N)c(N2CCOCC2)n1,c1nc(NC2CCOC2)cc(N2CCOCC2)n1,CHEMBL446519,1.6,Lipophilicity,1,calibration
C[C@H](NC(=O)/C=C/c1ccccc1)c1cccc(N2CCOCC2)c1,CC(NC(=O)C=Cc1ccccc1)c1cccc(N2CCOCC2)c1,O=C(C=Cc1ccccc1)NCc1cccc(N2CCOCC2)c1,CHEMBL317935,3.24,Lipophilicity,1,calibration
Nc1ncnc2c1c(COc1cccc(Cl)c1)nn2C1CCOCC1,Nc1ncnc2c1c(COc1cccc(Cl)c1)nn2C1CCOCC1,c1ccc(OCc2nn(C3CCOCC3)c3ncncc23)cc1,CHEMBL2069623,3.17,Lipophilicity,1,calibration
O=C1C=CC(=O)c2c(O)ccc(O)c21,O=C1C=CC(=O)c2c(O)ccc(O)c21,O=C1C=CC(=O)c2ccccc21,CHEMBL274056,1.91,Lipophilicity,1,calibration
COc1ccc([C@]2(O)CC[C@H](N3CC[C@@H](NC(=O)CNC(=O)c4cccc(C(F)(F)F)c4)C3)CC2)cn1,COc1ccc(C2(O)CCC(N3CCC(NC(=O)CNC(=O)c4cccc(C(F)(F)F)c4)C3)CC2)cn1,O=C(CNC(=O)c1ccccc1)NC1CCN(C2CCC(c3cccnc3)CC2)C1,CHEMBL1963131,1.72,Lipophilicity,1,calibration
Cc1cc(C)cc(-c2[nH]c3ccc(C(C)(C)C(=O)N4C5CCC4CC5)cc3c2[C@H](C)CNCCc2ccncc2)c1,Cc1cc(C)cc(-c2[nH]c3ccc(C(C)(C)C(=O)N4C5CCC4CC5)cc3c2C(C)CNCCc2ccncc2)c1,O=C(Cc1ccc2[nH]c(-c3ccccc3)c(CCNCCc3ccncc3)c2c1)N1C2CCC1CC2,CHEMBL87785,4.35,Lipophilicity,1,calibration
C[C@@H]1c2c([nH]c3ccc(C(F)(F)F)cc23)C[C@@H]2CCN(CCN3CCOCC3)C[C@H]21,CC1c2c([nH]c3ccc(C(F)(F)F)cc23)CC2CCN(CCN3CCOCC3)CC21,c1ccc2c3c([nH]c2c1)CC1CCN(CCN2CCOCC2)CC1C3,CHEMBL1922267,2.87,Lipophilicity,1,calibration
O=C(O)c1ccc2c(c1)nc(Nc1cccc(Cl)c1)c1ccncc12,O=C(O)c1ccc2c(c1)nc(Nc1cccc(Cl)c1)c1ccncc12,c1ccc(Nc2nc3ccccc3c3cnccc23)cc1,CHEMBL1230165,1.29,Lipophilicity,1,calibration
O=C(NCC12CC3CC(CC(C3)C1)C2)c1cc(CC2CCNCC2)ccc1Cl,O=C(NCC12CC3CC(CC(C3)C1)C2)c1cc(CC2CCNCC2)ccc1Cl,O=C(NCC12CC3CC(CC(C3)C1)C2)c1cccc(CC2CCNCC2)c1,CHEMBL235581,1.49,Lipophilicity,1,calibration
COc1ccc(Cn2cc3c(=O)n(C)c(=O)n(CC(C)C)c3c2)cc1,COc1ccc(Cn2cc3c(=O)n(C)c(=O)n(CC(C)C)c3c2)cc1,O=c1[nH]c(=O)c2cn(Cc3ccccc3)cc2[nH]1,CHEMBL87388,3.52,Lipophilicity,1,calibration
CC(=O)NC[C@H]1CN(c2ccc(N3Cc4cccnc4C3)c(F)c2)C(=O)O1,CC(=O)NCC1CN(c2ccc(N3Cc4cccnc4C3)c(F)c2)C(=O)O1,O=C1OCCN1c1ccc(N2Cc3cccnc3C2)cc1,CHEMBL441093,2.88,Lipophilicity,1,calibration
COc1cc2c(Nc3ncc(CC(=O)Nc4cccc(F)c4)s3)ncnc2cc1OCCCN1CCC(CO)CC1,COc1cc2c(Nc3ncc(CC(=O)Nc4cccc(F)c4)s3)ncnc2cc1OCCCN1CCC(CO)CC1,O=C(Cc1cnc(Nc2ncnc3cc(OCCCN4CCCCC4)ccc23)s1)Nc1ccccc1,CHEMBL201307,2.89,Lipophilicity,1,calibration
Cc1cc(C)c2c(N)c(C(=O)NC3CC3)sc2n1,Cc1cc(C)c2c(N)c(C(=O)NC3CC3)sc2n1,O=C(NC1CC1)c1cc2cccnc2s1,CHEMBL1212988,2.53,Lipophilicity,1,calibration
COc1ccccc1N1CCN(CCN(C(=O)C2CCCCC2)c2ccccn2)CC1,COc1ccccc1N1CCN(CCN(C(=O)C2CCCCC2)c2ccccn2)CC1,O=C(C1CCCCC1)N(CCN1CCN(c2ccccc2)CC1)c1ccccn1,CHEMBL31354,3.0,Lipophilicity,1,calibration
CN(C(=O)Cc1ccc(-n2cnnn2)cc1)C1CCN(Cc2nc3cc(F)ccc3s2)CC1,CN(C(=O)Cc1ccc(-n2cnnn2)cc1)C1CCN(Cc2nc3cc(F)ccc3s2)CC1,O=C(Cc1ccc(-n2cnnn2)cc1)NC1CCN(Cc2nc3ccccc3s2)CC1,CHEMBL2010842,2.85,Lipophilicity,1,calibration
O=c1[nH]c2cc(Cl)ccc2o1,O=c1[nH]c2cc(Cl)ccc2o1,O=c1[nH]c2ccccc2o1,CHEMBL1371,2.16,Lipophilicity,1,calibration
CC1CCc2cc(F)cc3c(=O)c(C(=O)O)cn1c23,CC1CCc2cc(F)cc3c(=O)c(C(=O)O)cn1c23,O=c1ccn2c3c(cccc13)CCC2,CHEMBL370252,0.74,Lipophilicity,1,calibration
Oc1nc(-c2ccc(C(F)(F)F)cc2)nc2c1CSCC2,Oc1nc(-c2ccc(C(F)(F)F)cc2)nc2c1CSCC2,c1ccc(-c2ncc3c(n2)CCSC3)cc1,CHEMBL1086580,3.07,Lipophilicity,1,calibration
NC(=O)Nc1sc(-c2ccc(CNC3CCCC3)cc2)cc1C(N)=O,NC(=O)Nc1sc(-c2ccc(CNC3CCCC3)cc2)cc1C(N)=O,c1csc(-c2ccc(CNC3CCCC3)cc2)c1,CHEMBL453053,1.22,Lipophilicity,1,calibration
NC1(C(=O)NC(c2ccc(Cl)cc2)C2CC2)CCN(c2ncnc3[nH]ccc23)CC1,NC1(C(=O)NC(c2ccc(Cl)cc2)C2CC2)CCN(c2ncnc3[nH]ccc23)CC1,O=C(NC(c1ccccc1)C1CC1)C1CCN(c2ncnc3[nH]ccc23)CC1,CHEMBL2325983,3.4,Lipophilicity,1,calibration
C=CC(=O)Nc1cccc(Oc2nc(Nc3ccc(N4CCN(C)CC4)cc3OC)ncc2Cl)c1,C=CC(=O)Nc1cccc(Oc2nc(Nc3ccc(N4CCN(C)CC4)cc3OC)ncc2Cl)c1,c1ccc(Oc2ccnc(Nc3ccc(N4CCNCC4)cc3)n2)cc1,CHEMBL1229592,3.9,Lipophilicity,1,calibration
CCOC(=O)c1ncn2c1CN(C)C(=O)c1cc(F)ccc1-2,CCOC(=O)c1ncn2c1CN(C)C(=O)c1cc(F)ccc1-2,O=C1NCc2cncn2-c2ccccc21,CHEMBL407,1.1,Lipophilicity,1,calibration
CC(C)NC(=O)c1ccc2c(Nc3ccc(Cl)cc3)nc(N3CCOCC3)nc2c1,CC(C)NC(=O)c1ccc2c(Nc3ccc(Cl)cc3)nc(N3CCOCC3)nc2c1,c1ccc(Nc2nc(N3CCOCC3)nc3ccccc23)cc1,CHEMBL98760,2.78,Lipophilicity,1,calibration
COc1ccc(-c2cc3c(C)nc(N)nc3n([C@H]3CC[C@H](OCCO)CC3)c2=O)cn1,COc1ccc(-c2cc3c(C)nc(N)nc3n(C3CCC(OCCO)CC3)c2=O)cn1,O=c1c(-c2cccnc2)cc2cncnc2n1C1CCCCC1,CHEMBL1234354,2.2,Lipophilicity,1,calibration
Cc1c(Sc2ccc(Cl)cc2)c2c(Cl)nccc2n1CC(=O)O,Cc1c(Sc2ccc(Cl)cc2)c2c(Cl)nccc2n1CC(=O)O,c1ccc(Sc2c[nH]c3ccncc23)cc1,CHEMBL1917462,0.92,Lipophilicity,1,calibration
O=C(NCC12CC3CC(CC(C3)C1)C2)c1cc(C2CCNCC2)ccc1Cl,O=C(NCC12CC3CC(CC(C3)C1)C2)c1cc(C2CCNCC2)ccc1Cl,O=C(NCC12CC3CC(CC(C3)C1)C2)c1cccc(C2CCNCC2)c1,CHEMBL393348,1.58,Lipophilicity,1,calibration
C(#Cc1n[nH]c2ccccc12)c1ccccc1,C(#Cc1n[nH]c2ccccc12)c1ccccc1,C(#Cc1n[nH]c2ccccc12)c1ccccc1,CHEMBL1631889,4.31,Lipophilicity,1,calibration
CN1CCC[C@H]1CCN1CCCc2cc(NC(=N)c3cccs3)ccc21,CN1CCCC1CCN1CCCc2cc(NC(=N)c3cccs3)ccc21,N=C(Nc1ccc2c(c1)CCCN2CCC1CCCN1)c1cccs1,CHEMBL1956112,0.37,Lipophilicity,1,calibration
CC(=O)Nc1ccc(S(=O)(=O)Nc2ccc(Cc3ccncc3)cc2)cc1,CC(=O)Nc1ccc(S(=O)(=O)Nc2ccc(Cc3ccncc3)cc2)cc1,O=S(=O)(Nc1ccc(Cc2ccncc2)cc1)c1ccccc1,CHEMBL1423809,2.8,Lipophilicity,1,calibration
CNC1=Nc2ncccc2C(c2ccns2)=NC1c1cccs1,CNC1=Nc2ncccc2C(c2ccns2)=NC1c1cccs1,C1=Nc2ncccc2C(c2ccns2)=NC1c1cccs1,CHEMBL475387,2.15,Lipophilicity,1,calibration
CC[S+]([O-])c1ncccc1C1(O)CCN(CC23CC(c4ccccc42)c2ccccc23)CC1,CC[S+]([O-])c1ncccc1C1(O)CCN(CC23CC(c4ccccc42)c2ccccc23)CC1,c1cncc(C2CCN(CC34CC(c5ccccc53)c3ccccc34)CC2)c1,CHEMBL264026,2.0,Lipophilicity,1,calibration
CCOc1ccc(-n2c([C@@H](C)N(Cc3cccnc3)C(=O)Cc3ccc(C(F)(F)F)cc3)nc3ccccc3c2=O)cc1,CCOc1ccc(-n2c(C(C)N(Cc3cccnc3)C(=O)Cc3ccc(C(F)(F)F)cc3)nc3ccccc3c2=O)cc1,O=C(Cc1ccccc1)N(Cc1cccnc1)Cc1nc2ccccc2c(=O)n1-c1ccccc1,CHEMBL436826,4.25,Lipophilicity,1,calibration
CN1CCN(CC(=O)Nc2c(C#N)cnn2-c2ccccc2)CC1,CN1CCN(CC(=O)Nc2c(C#N)cnn2-c2ccccc2)CC1,O=C(CN1CCNCC1)Nc1ccnn1-c1ccccc1,CHEMBL1471720,0.0,Lipophilicity,1,calibration
CCOC(=O)c1ccc(OCCC2CN(c3ccc(C)nn3)C2)cc1,CCOC(=O)c1ccc(OCCC2CN(c3ccc(C)nn3)C2)cc1,c1ccc(OCCC2CN(c3cccnn3)C2)cc1,CHEMBL1835903,3.22,Lipophilicity,1,calibration
COC(=O)c1c(O)cccc1OC/C=C/c1ccc(F)c(-c2cc(C(=O)O)no2)c1,COC(=O)c1c(O)cccc1OCC=Cc1ccc(F)c(-c2cc(C(=O)O)no2)c1,C(=Cc1cccc(-c2ccno2)c1)COc1ccccc1,CHEMBL117869,0.66,Lipophilicity,1,calibration
N#Cc1ccc(C(c2ccc(C#N)cc2)n2cncn2)cc1,N#Cc1ccc(C(c2ccc(C#N)cc2)n2cncn2)cc1,c1ccc(C(c2ccccc2)n2cncn2)cc1,CHEMBL1444,1.7,Lipophilicity,1,calibration
Cc1ccc(C(=O)Oc2ccc(C(O)CNC(C)(C)C)cc2OC(=O)c2ccc(C)cc2)cc1,Cc1ccc(C(=O)Oc2ccc(C(O)CNC(C)(C)C)cc2OC(=O)c2ccc(C)cc2)cc1,O=C(Oc1ccccc1OC(=O)c1ccccc1)c1ccccc1,CHEMBL1201295,3.57,Lipophilicity,1,calibration
Cc1ccc2c(c1)c([S+]([O-])c1ccc(Cl)cc1)c(C)n2CC(=O)O,Cc1ccc2c(c1)c([S+]([O-])c1ccc(Cl)cc1)c(C)n2CC(=O)O,c1ccc([SH+]c2c[nH]c3ccccc23)cc1,CHEMBL1917445,0.05,Lipophilicity,1,calibration
O=C(N[C@@H](Cc1ccc(OCCNc2nc3ccccc3[nH]2)cc1)C(=O)O)c1c(Cl)cccc1Cl,O=C(NC(Cc1ccc(OCCNc2nc3ccccc3[nH]2)cc1)C(=O)O)c1c(Cl)cccc1Cl,O=C(NCCc1ccc(OCCNc2nc3ccccc3[nH]2)cc1)c1ccccc1,CHEMBL2031164,0.6,Lipophilicity,1,calibration
C(=C\c1nn[nH]n1)/c1ccccc1,C(=Cc1nn[nH]n1)c1ccccc1,C(=Cc1nn[nH]n1)c1ccccc1,CHEMBL403963,-0.4,Lipophilicity,1,calibration
CN(C)CCOc1ccc(-c2oc3ncnc(NC[C@@H]4CCCO4)c3c2-c2ccccc2)cc1,CN(C)CCOc1ccc(-c2oc3ncnc(NCC4CCCO4)c3c2-c2ccccc2)cc1,c1ccc(-c2oc3ncnc(NCC4CCCO4)c3c2-c2ccccc2)cc1,CHEMBL247479,3.6,Lipophilicity,1,calibration
COc1c(C#N)cc2ccccc2c1C(=O)N(C)C[C@@H](CCN1CCC(c2ccc(O)cc2[S+](C)[O-])CC1)c1ccc(Cl)c(Cl)c1,COc1c(C#N)cc2ccccc2c1C(=O)N(C)CC(CCN1CCC(c2ccc(O)cc2[S+](C)[O-])CC1)c1ccc(Cl)c(Cl)c1,O=C(NCC(CCN1CCC(c2ccccc2)CC1)c1ccccc1)c1cccc2ccccc12,CHEMBL130902,3.5,Lipophilicity,1,calibration
CN[C@@H](C)C(=O)N[C@H](C(=O)N[C@H]1CCCN(S(=O)(=O)Cc2ccccc2)C1)C(C)(C)C,CNC(C)C(=O)NC(C(=O)NC1CCCN(S(=O)(=O)Cc2ccccc2)C1)C(C)(C)C,O=S(=O)(Cc1ccccc1)N1CCCCC1,CHEMBL1950847,0.78,Lipophilicity,1,calibration
N[C@@H]1CCCN(c2c(/C=C3\SC(=O)NC3=O)cccc2-c2ccncc2)C1,NC1CCCN(c2c(C=C3SC(=O)NC3=O)cccc2-c2ccncc2)C1,O=C1NC(=O)C(=Cc2cccc(-c3ccncc3)c2N2CCCCC2)S1,CHEMBL2048873,1.56,Lipophilicity,1,calibration
O=C(Nc1ccc(N2CCOCC2)nc1)c1nnc(Nc2cccc(OCc3cccnc3)c2)o1,O=C(Nc1ccc(N2CCOCC2)nc1)c1nnc(Nc2cccc(OCc3cccnc3)c2)o1,O=C(Nc1ccc(N2CCOCC2)nc1)c1nnc(Nc2cccc(OCc3cccnc3)c2)o1,CHEMBL2036732,3.3,Lipophilicity,1,calibration
N#C[C@@]1(NC(=O)[C@@H](N)Cc2cccs2)C[C@@H]1c1ccccc1,N#CC1(NC(=O)C(N)Cc2cccs2)CC1c1ccccc1,O=C(CCc1cccs1)NC1CC1c1ccccc1,CHEMBL1078411,1.4,Lipophilicity,2,calibration
CNc1ccc2ncc(-c3cccc(O)c3)n2n1,CNc1ccc2ncc(-c3cccc(O)c3)n2n1,c1ccc(-c2cnc3cccnn23)cc1,CHEMBL1240590,2.99,Lipophilicity,1,calibration
O=C(NC[C@@H](O)CN1CCC(Oc2ccc(Cl)c(Cl)c2)CC1)c1c[nH]c2ccccc12,O=C(NCC(O)CN1CCC(Oc2ccc(Cl)c(Cl)c2)CC1)c1c[nH]c2ccccc12,O=C(NCCCN1CCC(Oc2ccccc2)CC1)c1c[nH]c2ccccc12,CHEMBL2208430,3.91,Lipophilicity,1,calibration
CN(C)C(=O)N1CCC(C(=O)NCc2cccs2)CC1,CN(C)C(=O)N1CCC(C(=O)NCc2cccs2)CC1,O=C(NCc1cccs1)C1CCNCC1,CHEMBL1715438,1.1,Lipophilicity,1,calibration
CN(C)C(=O)[C@H](Cc1ccccc1)NC(=O)c1cc2sccc2[nH]1,CN(C)C(=O)C(Cc1ccccc1)NC(=O)c1cc2sccc2[nH]1,O=C(NCCc1ccccc1)c1cc2sccc2[nH]1,CHEMBL374656,3.1,Lipophilicity,1,calibration
CC(C(=O)N1CCc2ccccc2C1)N1C(=O)c2ccccc2C1=O,CC(C(=O)N1CCc2ccccc2C1)N1C(=O)c2ccccc2C1=O,O=C(CN1C(=O)c2ccccc2C1=O)N1CCc2ccccc2C1,CHEMBL1704514,2.47,Lipophilicity,1,calibration
O=C(O)COc1ccc(-c2nccs2)cc1-c1ccccc1,O=C(O)COc1ccc(-c2nccs2)cc1-c1ccccc1,c1ccc(-c2cccc(-c3nccs3)c2)cc1,CHEMBL1778617,-0.16,Lipophilicity,1,calibration
Cn1ncc(Cl)c1-c1cc(C(=O)N[C@H](CN)Cc2cccc(F)c2)sc1Cl,Cn1ncc(Cl)c1-c1cc(C(=O)NC(CN)Cc2cccc(F)c2)sc1Cl,O=C(NCCc1ccccc1)c1cc(-c2ccn[nH]2)cs1,CHEMBL2219422,2.99,Lipophilicity,1,calibration
COc1ccc2c(c1)[nH]c1c(C)nccc12,COc1ccc2c(c1)[nH]c1c(C)nccc12,c1ccc2c(c1)[nH]c1cnccc12,CHEMBL269538,2.9,Lipophilicity,1,calibration
CC(C)C(NC(=O)Cn1c(-c2ccccc2)ccc(NC(=O)NCc2cc[n+]([O-])cc2)c1=O)C(=O)C(F)(F)F,CC(C)C(NC(=O)Cn1c(-c2ccccc2)ccc(NC(=O)NCc2cc[n+]([O-])cc2)c1=O)C(=O)C(F)(F)F,O=C(NCc1cc[nH+]cc1)Nc1ccc(-c2ccccc2)[nH]c1=O,CHEMBL112924,1.13,Lipophilicity,1,calibration
CC(C)C(NC(=O)Cn1c(-c2ccccc2)ccc(NC(=O)OCc2ccccn2)c1=O)C(=O)C(F)(F)F,CC(C)C(NC(=O)Cn1c(-c2ccccc2)ccc(NC(=O)OCc2ccccn2)c1=O)C(=O)C(F)(F)F,O=C(Nc1ccc(-c2ccccc2)[nH]c1=O)OCc1ccccn1,CHEMBL113905,1.91,Lipophilicity,1,calibration
Cc1ccn2c(NC(=O)c3ccccc3)c(-c3cccs3)nc2c1,Cc1ccn2c(NC(=O)c3ccccc3)c(-c3cccs3)nc2c1,O=C(Nc1c(-c2cccs2)nc2ccccn12)c1ccccc1,CHEMBL1741329,2.87,Lipophilicity,1,calibration
Oc1cc(-c2ccccc2)nc2ncnn12,Oc1cc(-c2ccccc2)nc2ncnn12,c1ccc(-c2ccn3ncnc3n2)cc1,CHEMBL1698932,-0.21,Lipophilicity,1,calibration
CNc1ncc(C(=O)c2ccccc2)s1,CNc1ncc(C(=O)c2ccccc2)s1,O=C(c1ccccc1)c1cncs1,CHEMBL1498995,2.36,Lipophilicity,1,calibration
O=c1[nH]c2c(O)ccc([C@@H](O)CNCCc3ccc(CNCCc4ccccn4)cc3)c2s1,O=c1[nH]c2c(O)ccc(C(O)CNCCc3ccc(CNCCc4ccccn4)cc3)c2s1,O=c1[nH]c2cccc(CCNCCc3ccc(CNCCc4ccccn4)cc3)c2s1,CHEMBL1945034,-0.25,Lipophilicity,1,calibration
CN[C@@H](C)C(=O)N[C@H](C(=O)N1CC[C@H]2CCN(CCc3ccccc3)C[C@H]21)C1CCCCC1,CNC(C)C(=O)NC(C(=O)N1CCC2CCN(CCc3ccccc3)CC21)C1CCCCC1,O=C(CC1CCCCC1)N1CCC2CCN(CCc3ccccc3)CC21,CHEMBL1950720,2.47,Lipophilicity,1,calibration
CS(=O)(=O)c1ccc([C@@H](C[C@H]2CCC(=O)C2)C(=O)Nc2cnccn2)cc1Cl,CS(=O)(=O)c1ccc(C(CC2CCC(=O)C2)C(=O)Nc2cnccn2)cc1Cl,O=C1CCC(CC(C(=O)Nc2cnccn2)c2ccccc2)C1,CHEMBL1783734,1.39,Lipophilicity,1,calibration
Cn1ncc2c(=O)[nH]c(-c3ccccc3)nc21,Cn1ncc2c(=O)[nH]c(-c3ccccc3)nc21,O=c1[nH]c(-c2ccccc2)nc2[nH]ncc12,CHEMBL1994944,1.61,Lipophilicity,1,calibration
COc1ncc2ccc(=O)n(CCN3CCC(NCc4cc5c(cn4)OCCO5)CC3)c2n1,COc1ncc2ccc(=O)n(CCN3CCC(NCc4cc5c(cn4)OCCO5)CC3)c2n1,O=c1ccc2cncnc2n1CCN1CCC(NCc2cc3c(cn2)OCCO3)CC1,CHEMBL1916543,0.2,Lipophilicity,1,calibration
CNC(=O)c1cccc(NC(=O)Nc2cccc(C#N)c2)c1CN1CCC(Cc2ccc(F)cc2)CC1,CNC(=O)c1cccc(NC(=O)Nc2cccc(C#N)c2)c1CN1CCC(Cc2ccc(F)cc2)CC1,O=C(Nc1ccccc1)Nc1ccccc1CN1CCC(Cc2ccccc2)CC1,CHEMBL337962,3.97,Lipophilicity,1,calibration
CCN(C)C(=O)c1ccc([C@H](c2cccc(NC(=O)C3CCC3)c2)N2CCN(Cc3cccnc3)CC2)cc1,CCN(C)C(=O)c1ccc(C(c2cccc(NC(=O)C3CCC3)c2)N2CCN(Cc3cccnc3)CC2)cc1,O=C(Nc1cccc(C(c2ccccc2)N2CCN(Cc3cccnc3)CC2)c1)C1CCC1,CHEMBL1939741,3.27,Lipophilicity,1,calibration
CC(=O)Nc1ccc2cnn(-c3cc(NC4CC4)n4ncc(C#N)c4n3)c2c1,CC(=O)Nc1ccc2cnn(-c3cc(NC4CC4)n4ncc(C#N)c4n3)c2c1,c1ccc2c(c1)cnn2-c1cc(NC2CC2)n2nccc2n1,CHEMBL2062564,3.44,Lipophilicity,1,calibration
CCOc1cc2ncc(C(N)=O)c(Nc3ccc(F)cc3F)c2cc1N1CCC(O)CC1,CCOc1cc2ncc(C(N)=O)c(Nc3ccc(F)cc3F)c2cc1N1CCC(O)CC1,c1ccc(Nc2ccnc3ccc(N4CCCCC4)cc23)cc1,CHEMBL481717,2.74,Lipophilicity,1,calibration
O=C1NC(=O)c2cc(OCc3ccccc3)ccc21,O=C1NC(=O)c2cc(OCc3ccccc3)ccc21,O=C1NC(=O)c2cc(OCc3ccccc3)ccc21,CHEMBL342357,3.1,Lipophilicity,1,calibration
CCNC1=Nc2ccccc2C(c2ccccc2)=NC1c1cccs1,CCNC1=Nc2ccccc2C(c2ccccc2)=NC1c1cccs1,C1=Nc2ccccc2C(c2ccccc2)=NC1c1cccs1,CHEMBL480370,3.98,Lipophilicity,1,calibration
OC(c1ccccc1)c1cccnc1,OC(c1ccccc1)c1cccnc1,c1ccc(Cc2cccnc2)cc1,CHEMBL1467518,1.72,Lipophilicity,1,calibration
O=C1NCCc2[nH]c(-c3ccncc3)cc21,O=C1NCCc2[nH]c(-c3ccncc3)cc21,O=C1NCCc2[nH]c(-c3ccncc3)cc21,CHEMBL225519,1.49,Lipophilicity,1,calibration
CS(=O)(=O)N1CCC(NC(=O)NC23CC4CC(CC(C4)C2)C3)CC1,CS(=O)(=O)N1CCC(NC(=O)NC23CC4CC(CC(C4)C2)C3)CC1,O=C(NC1CCNCC1)NC12CC3CC(CC(C3)C1)C2,CHEMBL1668935,2.7,Lipophilicity,1,calibration
CSc1ccc(OCc2ccccc2)c(C(=O)Nc2ccc(C(=O)O)cn2)c1,CSc1ccc(OCc2ccccc2)c(C(=O)Nc2ccc(C(=O)O)cn2)c1,O=C(Nc1ccccn1)c1ccccc1OCc1ccccc1,CHEMBL372361,1.6,Lipophilicity,1,calibration
O=C(CSc1nc2c(c(=O)n1-c1ccccc1)SCC2)Nc1ncc(-c2ccccc2)s1,O=C(CSc1nc2c(c(=O)n1-c1ccccc1)SCC2)Nc1ncc(-c2ccccc2)s1,O=C(CSc1nc2c(c(=O)n1-c1ccccc1)SCC2)Nc1ncc(-c2ccccc2)s1,CHEMBL2323239,3.95,Lipophilicity,1,calibration
Clc1ccc(Nc2nnc(Cc3ccncc3)c3ccccc23)cc1,Clc1ccc(Nc2nnc(Cc3ccncc3)c3ccccc23)cc1,c1ccc(Nc2nnc(Cc3ccncc3)c3ccccc23)cc1,CHEMBL101253,3.7,Lipophilicity,1,calibration
O=C(Nc1ccc(CCO)cc1)c1cc2cc(Cl)ccc2[nH]1,O=C(Nc1ccc(CCO)cc1)c1cc2cc(Cl)ccc2[nH]1,O=C(Nc1ccccc1)c1cc2ccccc2[nH]1,CHEMBL496929,3.85,Lipophilicity,1,test
O=C(Nc1cccc(CCO)c1)c1cc2cc(Cl)ccc2[nH]1,O=C(Nc1cccc(CCO)c1)c1cc2cc(Cl)ccc2[nH]1,O=C(Nc1ccccc1)c1cc2ccccc2[nH]1,CHEMBL495383,3.83,Lipophilicity,1,test
Nc1nc(Nc2ccc3nc(-c4ccc(F)cc4)cc(N)c3c2)cc(-c2ccc(C(F)(F)F)cc2)n1,Nc1nc(Nc2ccc3nc(-c4ccc(F)cc4)cc(N)c3c2)cc(-c2ccc(C(F)(F)F)cc2)n1,c1ccc(-c2cc(Nc3ccc4nc(-c5ccccc5)ccc4c3)ncn2)cc1,CHEMBL2152074,1.54,Lipophilicity,1,test
Nc1nc(Nc2ccc3nc(-c4ccc(F)cc4)cc(N)c3c2)cc(-c2cccc(Cl)c2)n1,Nc1nc(Nc2ccc3nc(-c4ccc(F)cc4)cc(N)c3c2)cc(-c2cccc(Cl)c2)n1,c1ccc(-c2cc(Nc3ccc4nc(-c5ccccc5)ccc4c3)ncn2)cc1,CHEMBL2152076,2.5,Lipophilicity,1,test
Cc1occc(=O)c1OCc1ccc(F)cc1,Cc1occc(=O)c1OCc1ccc(F)cc1,O=c1ccocc1OCc1ccccc1,CHEMBL1320527,1.91,Lipophilicity,1,test
Cc1occc(=O)c1OCc1ccccc1,Cc1occc(=O)c1OCc1ccccc1,O=c1ccocc1OCc1ccccc1,CHEMBL1330968,1.87,Lipophilicity,1,test
Cc1nc(C)c(-c2ccc3c(c2)CC[C@]32CC[C@@H](C(=O)O)CC2)nc1C(N)=O,Cc1nc(C)c(-c2ccc3c(c2)CCC32CCC(C(=O)O)CC2)nc1C(N)=O,c1cnc(-c2ccc3c(c2)CCC32CCCCC2)cn1,CHEMBL2178949,1.25,Lipophilicity,2,test
Cc1nc(C)c(-c2ccc3c(c2)CC[C@]32CC[C@@H](CC(=O)O)CC2)nc1C(N)=O,Cc1nc(C)c(-c2ccc3c(c2)CCC32CCC(CC(=O)O)CC2)nc1C(N)=O,c1cnc(-c2ccc3c(c2)CCC32CCCCC2)cn1,CHEMBL2178947,1.5,Lipophilicity,1,test
COc1ccc(-c2cccc3c(N)c4c(nc23)CN(C2CCC2)C4=O)c(C)n1,COc1ccc(-c2cccc3c(N)c4c(nc23)CN(C2CCC2)C4=O)c(C)n1,O=C1c2cc3cccc(-c4cccnc4)c3nc2CN1C1CCC1,CHEMBL2068881,3.92,Lipophilicity,1,test
COc1ncccc1-c1cccc2c(N)c3c(nc12)CN(C1CCC1)C3=O,COc1ncccc1-c1cccc2c(N)c3c(nc12)CN(C1CCC1)C3=O,O=C1c2cc3cccc(-c4cccnc4)c3nc2CN1C1CCC1,CHEMBL1783287,3.26,Lipophilicity,1,test
Cc1cnc(NC(=O)Cc2ccccc2)s1,Cc1cnc(NC(=O)Cc2ccccc2)s1,O=C(Cc1ccccc1)Nc1nccs1,CHEMBL425300,2.9,Lipophilicity,1,test
O=C(Cc1ccccc1)Nc1nccs1,O=C(Cc1ccccc1)Nc1nccs1,O=C(Cc1ccccc1)Nc1nccs1,CHEMBL227897,2.5,Lipophilicity,1,test
COc1cc(Nc2c(C#N)cnc3cc(OCCCN4CCN(C)CC4)c(OC)cc23)c(Cl)cc1Cl,COc1cc(Nc2c(C#N)cnc3cc(OCCCN4CCN(C)CC4)c(OC)cc23)c(Cl)cc1Cl,c1ccc(Nc2ccnc3cc(OCCCN4CCNCC4)ccc23)cc1,CHEMBL288441,3.5,Lipophilicity,1,test
COc1cc2c(Nc3ccc(F)c(Cl)c3)c(C(N)=O)cnc2cc1OCCCN1CCN(C)CC1,COc1cc2c(Nc3ccc(F)c(Cl)c3)c(C(N)=O)cnc2cc1OCCCN1CCN(C)CC1,c1ccc(Nc2ccnc3cc(OCCCN4CCNCC4)ccc23)cc1,CHEMBL481231,1.2,Lipophilicity,1,test
CCN(CC)C(=O)c1ccc(C2=CC3(CCNCC3)Oc3cccc(O)c32)cc1,CCN(CC)C(=O)c1ccc(C2=CC3(CCNCC3)Oc3cccc(O)c32)cc1,C1=C(c2ccccc2)c2ccccc2OC12CCNCC2,CHEMBL494480,0.54,Lipophilicity,1,test
CCN(CC)C(=O)c1ccc(C2=CC3(CCNCC3)Oc3ccccc32)c(O)c1,CCN(CC)C(=O)c1ccc(C2=CC3(CCNCC3)Oc3ccccc32)c(O)c1,C1=C(c2ccccc2)c2ccccc2OC12CCNCC2,CHEMBL561339,0.77,Lipophilicity,1,test
CN(C(=O)Cc1ccc(-n2cnnn2)cc1)C1CCN(Cc2ccc(C(F)(F)F)cn2)CC1,CN(C(=O)Cc1ccc(-n2cnnn2)cc1)C1CCN(Cc2ccc(C(F)(F)F)cn2)CC1,O=C(Cc1ccc(-n2cnnn2)cc1)NC1CCN(Cc2ccccn2)CC1,CHEMBL2010838,1.9,Lipophilicity,1,test
CN(C(=O)Cc1ccc(-n2cnnn2)cc1)[C@@H]1CCN(Cc2ccc(C(F)(F)F)cn2)C[C@@H]1F,CN(C(=O)Cc1ccc(-n2cnnn2)cc1)C1CCN(Cc2ccc(C(F)(F)F)cn2)CC1F,O=C(Cc1ccc(-n2cnnn2)cc1)NC1CCN(Cc2ccccn2)CC1,CHEMBL2010848,2.1,Lipophilicity,1,test
C[C@H]1COCCN1c1cc(CS(C)(=O)=O)nc(-c2ccc3[nH]ccc3c2)n1,CC1COCCN1c1cc(CS(C)(=O)=O)nc(-c2ccc3[nH]ccc3c2)n1,c1cc(N2CCOCC2)nc(-c2ccc3[nH]ccc3c2)n1,CHEMBL2030446,2.38,Lipophilicity,1,test
CS(=O)(=O)Cc1cc(N2CCOCC2)nc(-c2ccc3[nH]ccc3c2)n1,CS(=O)(=O)Cc1cc(N2CCOCC2)nc(-c2ccc3[nH]ccc3c2)n1,c1cc(N2CCOCC2)nc(-c2ccc3[nH]ccc3c2)n1,CHEMBL2030436,2.06,Lipophilicity,1,test
CCCC(=O)Nc1ccc(Cl)c(-c2nc3ncccc3o2)c1,CCCC(=O)Nc1ccc(Cl)c(-c2nc3ncccc3o2)c1,c1ccc(-c2nc3ncccc3o2)cc1,CHEMBL1609158,3.37,Lipophilicity,1,test
Nc1ccc(Cl)c(-c2nc3ncccc3o2)c1,Nc1ccc(Cl)c(-c2nc3ncccc3o2)c1,c1ccc(-c2nc3ncccc3o2)cc1,CHEMBL1548889,1.97,Lipophilicity,1,test
CSc1ncccc1C(=O)Nc1nccs1,CSc1ncccc1C(=O)Nc1nccs1,O=C(Nc1nccs1)c1cccnc1,CHEMBL1542764,1.43,Lipophilicity,1,test
O=C(Nc1nccs1)c1cccnc1,O=C(Nc1nccs1)c1cccnc1,O=C(Nc1nccs1)c1cccnc1,CHEMBL92172,2.25,Lipophilicity,1,test
CCCCCOC(=O)Nc1nc(=O)n([C@@H]2O[C@H](C)[C@@H](O)[C@H]2O)cc1F,CCCCCOC(=O)Nc1nc(=O)n(C2OC(C)C(O)C2O)cc1F,O=c1ncccn1C1CCCO1,CHEMBL1773,0.67,Lipophilicity,1,test
Nc1ccn([C@@H]2O[C@H](CO)[C@@H](O)C2(F)F)c(=O)n1,Nc1ccn(C2OC(CO)C(O)C2(F)F)c(=O)n1,O=c1ncccn1C1CCCO1,CHEMBL888,-1.5,Lipophilicity,1,test
O=C(O)CCCCn1nnc(-c2ccc(C(=O)N3CCC(N4CCC(Oc5ccc(Cl)c(Cl)c5)CC4)CC3)cc2)n1,O=C(O)CCCCn1nnc(-c2ccc(C(=O)N3CCC(N4CCC(Oc5ccc(Cl)c(Cl)c5)CC4)CC3)cc2)n1,O=C(c1ccc(-c2nn[nH]n2)cc1)N1CCC(N2CCC(Oc3ccccc3)CC2)CC1,CHEMBL2171029,1.6,Lipophilicity,1,test
O=C(c1ccc(-c2nn[nH]n2)cc1)N1CCC(N2CCC(Oc3ccc(Cl)c(Cl)c3)CC2)CC1,O=C(c1ccc(-c2nn[nH]n2)cc1)N1CCC(N2CCC(Oc3ccc(Cl)c(Cl)c3)CC2)CC1,O=C(c1ccc(-c2nn[nH]n2)cc1)N1CCC(N2CCC(Oc3ccccc3)CC2)CC1,CHEMBL2171026,1.53,Lipophilicity,1,test
CN(C(=O)Cc1ccc(-n2cnnn2)cc1)C1CCN(Cc2ccc(C(F)(F)F)nc2)CC1,CN(C(=O)Cc1ccc(-n2cnnn2)cc1)C1CCN(Cc2ccc(C(F)(F)F)nc2)CC1,O=C(Cc1ccc(-n2cnnn2)cc1)NC1CCN(Cc2cccnc2)CC1,CHEMBL2010839,1.8,Lipophilicity,1,test
CN(C(=O)Cc1ccc(-n2cnnn2)cc1)[C@@H]1CCN(Cc2ccc(C(F)(F)F)nc2)C[C@@H]1F,CN(C(=O)Cc1ccc(-n2cnnn2)cc1)C1CCN(Cc2ccc(C(F)(F)F)nc2)CC1F,O=C(Cc1ccc(-n2cnnn2)cc1)NC1CCN(Cc2cccnc2)CC1,CHEMBL2010849,1.8,Lipophilicity,1,test
COC(=O)Nc1nc2ccc(C(=O)c3ccccc3)cc2[nH]1,COC(=O)Nc1nc2ccc(C(=O)c3ccccc3)cc2[nH]1,O=C(c1ccccc1)c1ccc2nc[nH]c2c1,CHEMBL685,2.9,Lipophilicity,1,test
Nc1nc2ccc(C(=O)c3ccccc3)cc2[nH]1,Nc1nc2ccc(C(=O)c3ccccc3)cc2[nH]1,O=C(c1ccccc1)c1ccc2nc[nH]c2c1,CHEMBL2030560,2.29,Lipophilicity,1,test
CCOC(=O)C1(c2ccccc2)CCN(C)CC1,CCOC(=O)C1(c2ccccc2)CCN(C)CC1,c1ccc(C2CCNCC2)cc1,CHEMBL607,1.4,Lipophilicity,1,test
c1ccc(C2CCNCC2)cc1,c1ccc(C2CCNCC2)cc1,c1ccc(C2CCNCC2)cc1,CHEMBL20969,0.54,Lipophilicity,1,test
CCCNCC(O)COc1ccccc1C(=O)CCc1ccccc1,CCCNCC(O)COc1ccccc1C(=O)CCc1ccccc1,O=C(CCc1ccccc1)c1ccccc1,CHEMBL631,1.69,Lipophilicity,3,test
O=C(CCc1ccccc1)c1ccccc1,O=C(CCc1ccccc1)c1ccccc1,O=C(CCc1ccccc1)c1ccccc1,CHEMBL490512,3.77,Lipophilicity,1,test
Cn1sc(NC(=O)c2cccc(Cl)c2)nc1=O,Cn1sc(NC(=O)c2cccc(Cl)c2)nc1=O,O=C(Nc1nc(=O)[nH]s1)c1ccccc1,CHEMBL1362558,0.87,Lipophilicity,1,test
Cn1sc(NC(=O)c2ccccc2)nc1=O,Cn1sc(NC(=O)c2ccccc2)nc1=O,O=C(Nc1nc(=O)[nH]s1)c1ccccc1,CHEMBL259515,1.13,Lipophilicity,1,test
CC(C)CC(c1ccncc1)n1[nH]c(=O)c2nc3cc(Cl)ccc3c(O)c2c1=O,CC(C)CC(c1ccncc1)n1[nH]c(=O)c2nc3cc(Cl)ccc3c(O)c2c1=O,O=c1[nH]n(Cc2ccncc2)c(=O)c2cc3ccccc3nc12,CHEMBL1184060,1.64,Lipophilicity,1,test
CCCCC(c1ccncc1)n1[nH]c(=O)c2nc3cc(Cl)ccc3c(O)c2c1=O,CCCCC(c1ccncc1)n1[nH]c(=O)c2nc3cc(Cl)ccc3c(O)c2c1=O,O=c1[nH]n(Cc2ccncc2)c(=O)c2cc3ccccc3nc12,CHEMBL1180272,1.4,Lipophilicity,1,test
CC(C)N1CCO[C@@H](CN2CCN(C(=O)Nc3ccc(Cl)c(Cl)c3)CC2)C1,CC(C)N1CCOC(CN2CCN(C(=O)Nc3ccc(Cl)c(Cl)c3)CC2)C1,O=C(Nc1ccccc1)N1CCN(CC2CNCCO2)CC1,CHEMBL2036775,2.77,Lipophilicity,1,test
CCN1CCO[C@@H](CN2CCN(C(=O)Nc3ccc(Cl)c(Cl)c3)CC2)C1,CCN1CCOC(CN2CCN(C(=O)Nc3ccc(Cl)c(Cl)c3)CC2)C1,O=C(Nc1ccccc1)N1CCN(CC2CNCCO2)CC1,CHEMBL2036773,2.68,Lipophilicity,1,test
CCCCCc1ccc(-c2nnc(N)s2)cc1,CCCCCc1ccc(-c2nnc(N)s2)cc1,c1ccc(-c2nncs2)cc1,CHEMBL1458292,4.13,Lipophilicity,1,test
Nc1nnc(-c2ccccc2)s1,Nc1nnc(-c2ccccc2)s1,c1ccc(-c2nncs2)cc1,CHEMBL1529362,1.8,Lipophilicity,1,test
Cc1cc(-c2ccc(Cl)c(C(=O)NCC3(O)CCCCCC3)c2)n[nH]1,Cc1cc(-c2ccc(Cl)c(C(=O)NCC3(O)CCCCCC3)c2)n[nH]1,O=C(NCC1CCCCCC1)c1cccc(-c2cc[nH]n2)c1,CHEMBL560241,3.41,Lipophilicity,1,test
Cc1cc(-c2ccc(Cl)c(C(=O)NCC3(O)CCCCCC3)c2)nn1C[C@H](O)CN,Cc1cc(-c2ccc(Cl)c(C(=O)NCC3(O)CCCCCC3)c2)nn1CC(O)CN,O=C(NCC1CCCCCC1)c1cccc(-c2cc[nH]n2)c1,CHEMBL1852508,0.57,Lipophilicity,1,test
CN(C)C(=O)N[C@H]1CC[C@H](CN2[C@@H]3CC[C@H]2C[C@@H](Oc2cccc(C(N)=O)c2)C3)CC1,CN(C)C(=O)NC1CCC(CN2C3CCC2CC(Oc2cccc(C(N)=O)c2)C3)CC1,c1ccc(OC2CC3CCC(C2)N3CC2CCCCC2)cc1,CHEMBL1223817,-0.07,Lipophilicity,1,test
NC(=O)c1cccc(O[C@H]2C[C@H]3CC[C@@H](C2)N3CC2CCCCC2)c1,NC(=O)c1cccc(OC2CC3CCC(C2)N3CC2CCCCC2)c1,c1ccc(OC2CC3CCC(C2)N3CC2CCCCC2)cc1,CHEMBL1223816,1.55,Lipophilicity,1,test
COc1ccc2c(c1)N(CCN1CCC(NCc3cc4c(cn3)OCCO4)CC1)C(=O)CO2,COc1ccc2c(c1)N(CCN1CCC(NCc3cc4c(cn3)OCCO4)CC1)C(=O)CO2,O=C1COc2ccccc2N1CCN1CCC(NCc2cc3c(cn2)OCCO3)CC1,CHEMBL1916534,1.24,Lipophilicity,1,test
O=C1COc2ccccc2N1CCN1CCC(NCc2cc3c(cn2)OCCO3)CC1,O=C1COc2ccccc2N1CCN1CCC(NCc2cc3c(cn2)OCCO3)CC1,O=C1COc2ccccc2N1CCN1CCC(NCc2cc3c(cn2)OCCO3)CC1,CHEMBL1916535,1.04,Lipophilicity,1,test
CN1CCCCC1CCN1c2ccccc2Sc2ccc([S+](C)[O-])cc21,CN1CCCCC1CCN1c2ccccc2Sc2ccc([S+](C)[O-])cc21,c1ccc2c(c1)Sc1ccccc1N2CCC1CCCCN1,CHEMBL1088,1.6,Lipophilicity,1,test
CSc1ccc2c(c1)N(CCC1CCCCN1C)c1ccccc1S2,CSc1ccc2c(c1)N(CCC1CCCCN1C)c1ccccc1S2,c1ccc2c(c1)Sc1ccccc1N2CCC1CCCCN1,CHEMBL479,3.76,Lipophilicity,1,test
CCN(C)C(=O)c1ccc(C(=C2CCN(Cc3cscn3)CC2)c2cccc3cccnc23)cc1,CCN(C)C(=O)c1ccc(C(=C2CCN(Cc3cscn3)CC2)c2cccc3cccnc23)cc1,c1ccc(C(=C2CCN(Cc3cscn3)CC2)c2cccc3cccnc23)cc1,CHEMBL1946027,2.65,Lipophilicity,1,test
CN(C)C(=O)c1ccc(C(=C2CCN(Cc3cscn3)CC2)c2cccc3cccnc23)cc1,CN(C)C(=O)c1ccc(C(=C2CCN(Cc3cscn3)CC2)c2cccc3cccnc23)cc1,c1ccc(C(=C2CCN(Cc3cscn3)CC2)c2cccc3cccnc23)cc1,CHEMBL1946029,2.3,Lipophilicity,1,test
Cc1cc(Nc2cnc(C#N)c(N[C@@H](C)c3ncc(F)cn3)n2)n[nH]1,Cc1cc(Nc2cnc(C#N)c(NC(C)c3ncc(F)cn3)n2)n[nH]1,c1cnc(CNc2cncc(Nc3cc[nH]n3)n2)nc1,CHEMBL570002,1.96,Lipophilicity,1,test
Cc1cc(Nc2nc(N[C@@H](C)c3ncc(F)cn3)c(C#N)nc2C)n[nH]1,Cc1cc(Nc2nc(NC(C)c3ncc(F)cn3)c(C#N)nc2C)n[nH]1,c1cnc(CNc2cncc(Nc3cc[nH]n3)n2)nc1,CHEMBL569720,1.92,Lipophilicity,1,test
C[C@H](CO)Nc1nc(SCc2cccc(F)c2F)nc2nc(NC3CC3)sc12,CC(CO)Nc1nc(SCc2cccc(F)c2F)nc2nc(NC3CC3)sc12,c1ccc(CSc2ncc3sc(NC4CC4)nc3n2)cc1,CHEMBL396043,4.37,Lipophilicity,1,test
OCC(CO)Nc1nc(SCc2cccc(F)c2F)nc2nc(NC3CC3)sc12,OCC(CO)Nc1nc(SCc2cccc(F)c2F)nc2nc(NC3CC3)sc12,c1ccc(CSc2ncc3sc(NC4CC4)nc3n2)cc1,CHEMBL430381,3.11,Lipophilicity,1,test
NC(=O)c1ccc(=O)n(Cc2ccc(Cl)cc2Cl)c1,NC(=O)c1ccc(=O)n(Cc2ccc(Cl)cc2Cl)c1,O=c1ccccn1Cc1ccccc1,CHEMBL1881943,2.36,Lipophilicity,1,test
NC(=O)c1ccc(=O)n(Cc2ccc(F)c(F)c2)c1,NC(=O)c1ccc(=O)n(Cc2ccc(F)c(F)c2)c1,O=c1ccccn1Cc1ccccc1,CHEMBL1903477,1.37,Lipophilicity,1,test
CN1CCN(C2=Nc3ccccc3Oc3ccc(Cl)cc32)CC1,CN1CCN(C2=Nc3ccccc3Oc3ccc(Cl)cc32)CC1,c1ccc2c(c1)N=C(N1CCNCC1)c1ccccc1O2,CHEMBL831,3.24,Lipophilicity,1,test
Clc1ccc2c(c1)C(N1CCNCC1)=Nc1ccccc1O2,Clc1ccc2c(c1)C(N1CCNCC1)=Nc1ccccc1O2,c1ccc2c(c1)N=C(N1CCNCC1)c1ccccc1O2,CHEMBL1113,2.28,Lipophilicity,1,test
COc1cc2c(Nc3ccc(Br)cc3F)ncnc2cc1OC[C@@H]1CCCN(C)C1,COc1cc2c(Nc3ccc(Br)cc3F)ncnc2cc1OCC1CCCN(C)C1,c1ccc(Nc2ncnc3cc(OCC4CCCNC4)ccc23)cc1,CHEMBL1907764,3.05,Lipophilicity,1,test
COc1cc2c(Nc3ccc(Cl)cc3F)ncnc2cc1OC[C@@H]1CCCN(C)C1,COc1cc2c(Nc3ccc(Cl)cc3F)ncnc2cc1OCC1CCCN(C)C1,c1ccc(Nc2ncnc3cc(OCC4CCCNC4)ccc23)cc1,CHEMBL1907763,2.9,Lipophilicity,1,test
Clc1ccc(CN(Cc2ccc(Cl)cc2)c2nn[nH]n2)cc1,Clc1ccc(CN(Cc2ccc(Cl)cc2)c2nn[nH]n2)cc1,c1ccc(CN(Cc2ccccc2)c2nn[nH]n2)cc1,CHEMBL186174,2.74,Lipophilicity,1,test
c1ccc(CN(Cc2ccccc2)c2nn[nH]n2)cc1,c1ccc(CN(Cc2ccccc2)c2nn[nH]n2)cc1,c1ccc(CN(Cc2ccccc2)c2nn[nH]n2)cc1,CHEMBL1456596,1.37,Lipophilicity,1,test
NS(=O)(=O)c1cc2c(cc1Cl)NC(C(Cl)Cl)NS2(=O)=O,NS(=O)(=O)c1cc2c(cc1Cl)NC(C(Cl)Cl)NS2(=O)=O,O=S1(=O)NCNc2ccccc21,CHEMBL1054,0.37,Lipophilicity,1,test
NS(=O)(=O)c1cc2c(cc1Cl)NCNS2(=O)=O,NS(=O)(=O)c1cc2c(cc1Cl)NCNS2(=O)=O,O=S1(=O)NCNc2ccccc21,CHEMBL435,-0.09,Lipophilicity,1,test
CC(C)C(NC(=O)Cn1c(-c2ccc(F)cc2)ncc(NC(=O)OCc2ccccc2)c1=O)C(=O)C(F)(F)F,CC(C)C(NC(=O)Cn1c(-c2ccc(F)cc2)ncc(NC(=O)OCc2ccccc2)c1=O)C(=O)C(F)(F)F,O=C(Nc1cnc(-c2ccccc2)[nH]c1=O)OCc1ccccc1,CHEMBL11098,2.47,Lipophilicity,1,test
CC(C)C(NC(=O)Cn1c(-c2ccccc2)ncc(NC(=O)OCc2ccccc2)c1=O)C(=O)C(F)(F)F,CC(C)C(NC(=O)Cn1c(-c2ccccc2)ncc(NC(=O)OCc2ccccc2)c1=O)C(=O)C(F)(F)F,O=C(Nc1cnc(-c2ccccc2)[nH]c1=O)OCc1ccccc1,CHEMBL11403,2.12,Lipophilicity,1,test
O=C(O)c1ccc(NC(=O)c2cc(OCc3ccccc3)cc(OCc3ccccc3)c2)nc1,O=C(O)c1ccc(NC(=O)c2cc(OCc3ccccc3)cc(OCc3ccccc3)c2)nc1,O=C(Nc1ccccn1)c1cc(OCc2ccccc2)cc(OCc2ccccc2)c1,CHEMBL194102,2.7,Lipophilicity,1,test
O=C(O)c1ccc(NC(=O)c2cc(OCc3ccccc3F)cc(OCc3ccccc3F)c2)nc1,O=C(O)c1ccc(NC(=O)c2cc(OCc3ccccc3F)cc(OCc3ccccc3F)c2)nc1,O=C(Nc1ccccn1)c1cc(OCc2ccccc2)cc(OCc2ccccc2)c1,CHEMBL373364,3.0,Lipophilicity,1,test
CNC(=O)c1cc(C(=O)c2ccc(Cl)cc2)c(Br)[nH]1,CNC(=O)c1cc(C(=O)c2ccc(Cl)cc2)c(Br)[nH]1,O=C(c1ccccc1)c1cc[nH]c1,CHEMBL1610495,3.1,Lipophilicity,1,test
COC(=O)c1c(C)[nH]c(C)c1C(=O)c1ccccc1Cl,COC(=O)c1c(C)[nH]c(C)c1C(=O)c1ccccc1Cl,O=C(c1ccccc1)c1cc[nH]c1,CHEMBL93404,2.7,Lipophilicity,1,test
O=C(NCC12CC3CC(CC(C3)C1)C2)c1cc(N2CCNCC2)ncc1Cl,O=C(NCC12CC3CC(CC(C3)C1)C2)c1cc(N2CCNCC2)ncc1Cl,O=C(NCC12CC3CC(CC(C3)C1)C2)c1ccnc(N2CCNCC2)c1,CHEMBL563784,2.09,Lipophilicity,1,test
O=C(NCC12CC3CC(CC(C3)C1)C2)c1ccnc(N2CCNCC2)c1Cl,O=C(NCC12CC3CC(CC(C3)C1)C2)c1ccnc(N2CCNCC2)c1Cl,O=C(NCC12CC3CC(CC(C3)C1)C2)c1ccnc(N2CCNCC2)c1,CHEMBL562698,1.77,Lipophilicity,1,test
CC(=O)Nc1nc(-c2ccccc2)ns1,CC(=O)Nc1nc(-c2ccccc2)ns1,c1ccc(-c2ncsn2)cc1,CHEMBL1362574,2.8,Lipophilicity,1,test
Nc1nc(-c2ccccc2)ns1,Nc1nc(-c2ccccc2)ns1,c1ccc(-c2ncsn2)cc1,CHEMBL47633,2.2,Lipophilicity,1,test
CC(=O)NC[C@H]1CN(c2ccc(-n3ccnc3)c(F)c2)C(=O)O1,CC(=O)NCC1CN(c2ccc(-n3ccnc3)c(F)c2)C(=O)O1,O=C1OCCN1c1ccc(-n2ccnc2)cc1,CHEMBL427486,0.7,Lipophilicity,1,test
CC(=O)NC[C@H]1CN(c2ccc(-n3cnc(C#N)c3)c(F)c2)C(=O)O1,CC(=O)NCC1CN(c2ccc(-n3cnc(C#N)c3)c(F)c2)C(=O)O1,O=C1OCCN1c1ccc(-n2ccnc2)cc1,CHEMBL426576,1.51,Lipophilicity,1,test
Cc1cc(-c2ccc(-c3nc4ccncc4c(O)c3C#N)cc2)ccn1,Cc1cc(-c2ccc(-c3nc4ccncc4c(O)c3C#N)cc2)ccn1,c1cc(-c2ccc(-c3ccc4cnccc4n3)cc2)ccn1,CHEMBL1957381,1.6,Lipophilicity,1,test
Cc1nccc(-c2ccc(-c3nc4ccncc4c(O)c3C#N)cc2)c1Cl,Cc1nccc(-c2ccc(-c3nc4ccncc4c(O)c3C#N)cc2)c1Cl,c1cc(-c2ccc(-c3ccc4cnccc4n3)cc2)ccn1,CHEMBL1957460,2.0,Lipophilicity,1,test
CC(C)(C)C(=O)NCc1ccc(NC(=O)N2CCCC(O)(c3ccc(Cl)c(Cl)c3)C2)cc1,CC(C)(C)C(=O)NCc1ccc(NC(=O)N2CCCC(O)(c3ccc(Cl)c(Cl)c3)C2)cc1,O=C(Nc1ccccc1)N1CCCC(c2ccccc2)C1,CHEMBL91023,3.93,Lipophilicity,1,test
Cc1nn(C)c2ccc(N3CCN(C(=O)[C@@H]4CCCC[C@H]4C(=O)NC4(C#N)CC4)[C@H](C)C3)cc12,Cc1nn(C)c2ccc(N3CCN(C(=O)C4CCCCC4C(=O)NC4(C#N)CC4)C(C)C3)cc12,O=C(NC1CC1)C1CCCCC1C(=O)N1CCN(c2ccc3[nH]ncc3c2)CC1,CHEMBL2171999,2.8,Lipophilicity,1,test
COc1ccc(-c2nc3c(OCC4CCNCC4)c(Br)cnc3[nH]2)cc1,COc1ccc(-c2nc3c(OCC4CCNCC4)c(Br)cnc3[nH]2)cc1,c1ccc(-c2nc3c(OCC4CCNCC4)ccnc3[nH]2)cc1,CHEMBL2011927,1.55,Lipophilicity,1,test
O=C1CCOc2nc(COc3ccccc3)ccc21,O=C1CCOc2nc(COc3ccccc3)ccc21,O=C1CCOc2nc(COc3ccccc3)ccc21,CHEMBL1682827,2.3,Lipophilicity,1,test
NC1(C(=O)NC(c2ccccc2)c2ccc(Cl)cc2)CCN(c2ncnc3[nH]ccc23)CC1,NC1(C(=O)NC(c2ccccc2)c2ccc(Cl)cc2)CCN(c2ncnc3[nH]ccc23)CC1,O=C(NC(c1ccccc1)c1ccccc1)C1CCN(c2ncnc3[nH]ccc23)CC1,CHEMBL2325984,4.1,Lipophilicity,1,test
CC(=O)NC[C@H]1CN(c2ccc(N3Cc4ccncc4C3)c(F)c2)C(=O)O1,CC(=O)NCC1CN(c2ccc(N3Cc4ccncc4C3)c(F)c2)C(=O)O1,O=C1OCCN1c1ccc(N2Cc3ccncc3C2)cc1,CHEMBL335749,3.02,Lipophilicity,1,test
Cc1cc(O)nc(-n2nc(C)c(Oc3ccccc3O)c2C)n1,Cc1cc(O)nc(-n2nc(C)c(Oc3ccccc3O)c2C)n1,c1ccc(Oc2cnn(-c3ncccn3)c2)cc1,CHEMBL1412475,1.4,Lipophilicity,1,test
CN(c1ncccc1CNc1nc(Nc2ccc3c(c2)CC(=O)N3)ncc1C(F)(F)F)S(C)(=O)=O,CN(c1ncccc1CNc1nc(Nc2ccc3c(c2)CC(=O)N3)ncc1C(F)(F)F)S(C)(=O)=O,O=C1Cc2cc(Nc3nccc(NCc4cccnc4)n3)ccc2N1,CHEMBL1084546,2.63,Lipophilicity,1,test
COc1ccccc1CNC(=O)c1ccc2cnccc2n1,COc1ccccc1CNC(=O)c1ccc2cnccc2n1,O=C(NCc1ccccc1)c1ccc2cnccc2n1,CHEMBL268362,1.8,Lipophilicity,1,test
C1CCC(NC2CCCCC2)CC1,C1CCC(NC2CCCCC2)CC1,C1CCC(NC2CCCCC2)CC1,CHEMBL1451838,-0.38,Lipophilicity,1,test
CC1(C)CCC(c2ccc(Cl)cc2)=C(CN2CCN(c3ccc(C(=O)NS(=O)(=O)c4ccc(N[C@H](CCN5CCOCC5)CSc5ccccc5)c(S(=O)(=O)C(F)(F)F)c4)cc3)CC2)C1,CC1(C)CCC(c2ccc(Cl)cc2)=C(CN2CCN(c3ccc(C(=O)NS(=O)(=O)c4ccc(NC(CCN5CCOCC5)CSc5ccccc5)c(S(=O)(=O)C(F)(F)F)c4)cc3)CC2)C1,O=C(NS(=O)(=O)c1ccc(NC(CCN2CCOCC2)CSc2ccccc2)cc1)c1ccc(N2CCN(CC3=C(c4ccccc4)CCCC3)CC2)cc1,CHEMBL443684,0.64,Lipophilicity,1,test
O=C(CSc1nccn(-c2ccc(F)c(F)c2)c1=O)NC1CCCC1,O=C(CSc1nccn(-c2ccc(F)c(F)c2)c1=O)NC1CCCC1,O=C(CSc1nccn(-c2ccccc2)c1=O)NC1CCCC1,CHEMBL1402150,2.0,Lipophilicity,1,test
O=c1[nH]cnc2[nH]ncc12,O=c1[nH]cnc2[nH]ncc12,O=c1[nH]cnc2[nH]ncc12,CHEMBL1467,-0.42,Lipophilicity,1,test
O=C(O)c1ccc(-c2nnn(Cc3ccccc3F)n2)cc1,O=C(O)c1ccc(-c2nnn(Cc3ccccc3F)n2)cc1,c1ccc(Cn2nnc(-c3ccccc3)n2)cc1,CHEMBL1567984,0.3,Lipophilicity,1,test
Nc1nc(Cl)nc(NCc2ccccc2)n1,Nc1nc(Cl)nc(NCc2ccccc2)n1,c1ccc(CNc2ncncn2)cc1,CHEMBL1964629,2.26,Lipophilicity,1,test
C[C@]12Cc3cnn(-c4ccc(F)cc4)c3C=C1CC[C@@]2(O)CCc1ccc(F)cc1C(N)=O,CC12Cc3cnn(-c4ccc(F)cc4)c3C=C1CCC2(O)CCc1ccc(F)cc1C(N)=O,C1=C2CCC(CCc3ccccc3)C2Cc2cnn(-c3ccccc3)c21,CHEMBL2147569,3.8,Lipophilicity,1,test
NC1(C(=O)NC(Cc2ccccc2)c2ccc(Cl)cc2)CCN(c2ncnc3[nH]ccc23)CC1,NC1(C(=O)NC(Cc2ccccc2)c2ccc(Cl)cc2)CCN(c2ncnc3[nH]ccc23)CC1,O=C(NC(Cc1ccccc1)c1ccccc1)C1CCN(c2ncnc3[nH]ccc23)CC1,CHEMBL2325985,4.1,Lipophilicity,1,test
Fc1ccc(-c2ncn(C3CCNCC3)c2-c2ccncc2)cc1,Fc1ccc(-c2ncn(C3CCNCC3)c2-c2ccncc2)cc1,c1ccc(-c2ncn(C3CCNCC3)c2-c2ccncc2)cc1,CHEMBL279416,0.3,Lipophilicity,1,test
O=C1CN(C(=O)c2ccco2)c2ccccc2N1,O=C1CN(C(=O)c2ccco2)c2ccccc2N1,O=C1CN(C(=O)c2ccco2)c2ccccc2N1,CHEMBL1566034,1.21,Lipophilicity,1,test
Cc1cc(S(=O)(=O)Nc2nc(Nc3ccc(Cl)cc3)n[nH]2)c(S)cc1Cl,Cc1cc(S(=O)(=O)Nc2nc(Nc3ccc(Cl)cc3)n[nH]2)c(S)cc1Cl,O=S(=O)(Nc1nc(Nc2ccccc2)n[nH]1)c1ccccc1,CHEMBL1977402,2.09,Lipophilicity,1,test
N#Cc1cccc(OC[C@@H](O)CNC2CCN(Cc3ccc(Cl)c(Cl)c3)CC2)c1,N#Cc1cccc(OCC(O)CNC2CCN(Cc3ccc(Cl)c(Cl)c3)CC2)c1,c1ccc(CN2CCC(NCCCOc3ccccc3)CC2)cc1,CHEMBL2208436,3.09,Lipophilicity,1,test
COc1cc(F)ccc1-c1cc(CNC2CCCC2)ccn1,COc1cc(F)ccc1-c1cc(CNC2CCCC2)ccn1,c1ccc(-c2cc(CNC3CCCC3)ccn2)cc1,CHEMBL1779006,1.71,Lipophilicity,1,test
CC(C)CNCc1ccc(-c2ccccc2S(=O)(=O)N2CCCC2)cc1,CC(C)CNCc1ccc(-c2ccccc2S(=O)(=O)N2CCCC2)cc1,O=S(=O)(c1ccccc1-c1ccccc1)N1CCCC1,CHEMBL1818341,1.9,Lipophilicity,1,test
CCN(c1ccccc1)c1cc(NC)[n+](C)c(C)n1,CCN(c1ccccc1)c1cc(NC)[n+](C)c(C)n1,c1ccc(Nc2cc[nH+]cn2)cc1,CHEMBL1314022,-0.91,Lipophilicity,1,test
COc1cc(O)c(C(CC(=O)N2CC(C)CC(C)C2)c2ccc3c(c2)OCO3)c(OC)c1,COc1cc(O)c(C(CC(=O)N2CC(C)CC(C)C2)c2ccc3c(c2)OCO3)c(OC)c1,O=C(CC(c1ccccc1)c1ccc2c(c1)OCO2)N1CCCCC1,CHEMBL2312113,4.3,Lipophilicity,1,test
CCN(CC)c1ccc(-c2nn3c(-c4[nH]nc5c4CCC5)nnc3s2)cc1,CCN(CC)c1ccc(-c2nn3c(-c4[nH]nc5c4CCC5)nnc3s2)cc1,c1ccc(-c2nn3c(-c4[nH]nc5c4CCC5)nnc3s2)cc1,CHEMBL1329237,3.37,Lipophilicity,1,test
NC1=NC(c2cccs2)Nc2cccc(F)c21,NC1=NC(c2cccs2)Nc2cccc(F)c21,C1=NC(c2cccs2)Nc2ccccc21,CHEMBL1221607,0.91,Lipophilicity,1,test
Cc1ccc(NC(=O)c2ccnc(N3CCOCC3)c2)cc1Nc1ccnc(OC2CCN(C)CC2)n1,Cc1ccc(NC(=O)c2ccnc(N3CCOCC3)c2)cc1Nc1ccnc(OC2CCN(C)CC2)n1,O=C(Nc1cccc(Nc2ccnc(OC3CCNCC3)n2)c1)c1ccnc(N2CCOCC2)c1,CHEMBL185315,1.8,Lipophilicity,1,test
Nc1nc2ccc(Cl)cc2c2nc(-c3ccco3)nn12,Nc1nc2ccc(Cl)cc2c2nc(-c3ccco3)nn12,c1coc(-c2nc3c4ccccc4ncn3n2)c1,CHEMBL16687,3.98,Lipophilicity,1,test
Cc1nc2nc(NC(=O)c3ccc(F)cc3)nn2c(O)c1Cc1ccccc1,Cc1nc2nc(NC(=O)c3ccc(F)cc3)nn2c(O)c1Cc1ccccc1,O=C(Nc1nc2ncc(Cc3ccccc3)cn2n1)c1ccccc1,CHEMBL1356763,2.2,Lipophilicity,1,test
COc1ccc(F)c(F)c1C(=O)c1cnc(NC2CCN(S(C)(=O)=O)CC2)nc1N,COc1ccc(F)c(F)c1C(=O)c1cnc(NC2CCN(S(C)(=O)=O)CC2)nc1N,O=C(c1ccccc1)c1cnc(NC2CCNCC2)nc1,CHEMBL384304,2.08,Lipophilicity,1,test
CC(C)Cn1c(=O)n(C)c(=O)c2c(SC3CCCC3)c(Cc3ccccc3C(F)(F)F)sc21,CC(C)Cn1c(=O)n(C)c(=O)c2c(SC3CCCC3)c(Cc3ccccc3C(F)(F)F)sc21,O=c1[nH]c(=O)c2c(SC3CCCC3)c(Cc3ccccc3)sc2[nH]1,CHEMBL383696,4.21,Lipophilicity,1,test
Cc1ccccc1-n1c(Cn2cnc3c(N)ncnc32)nc2cccc(C)c2c1=O,Cc1ccccc1-n1c(Cn2cnc3c(N)ncnc32)nc2cccc(C)c2c1=O,O=c1c2ccccc2nc(Cn2cnc3cncnc32)n1-c1ccccc1,CHEMBL1213082,2.6,Lipophilicity,1,test
c1ccc(-c2nnc3ccc(NC4CC4)nn23)cc1,c1ccc(-c2nnc3ccc(NC4CC4)nn23)cc1,c1ccc(-c2nnc3ccc(NC4CC4)nn23)cc1,CHEMBL468297,3.15,Lipophilicity,1,test
Cc1ccc(S(=O)(=O)Nc2c(C(=O)N[C@@H](C)C(C)(C)C)c(C)nn2C2CCSCC2)cc1,Cc1ccc(S(=O)(=O)Nc2c(C(=O)NC(C)C(C)(C)C)c(C)nn2C2CCSCC2)cc1,O=S(=O)(Nc1ccnn1C1CCSCC1)c1ccccc1,CHEMBL1934418,1.29,Lipophilicity,1,test
O=C(NCCN1CCCC1)c1ccc(Nc2ncc3cc(-c4ccncc4)ccc3n2)cc1,O=C(NCCN1CCCC1)c1ccc(Nc2ncc3cc(-c4ccncc4)ccc3n2)cc1,O=C(NCCN1CCCC1)c1ccc(Nc2ncc3cc(-c4ccncc4)ccc3n2)cc1,CHEMBL2335880,2.39,Lipophilicity,1,test
N=C(N)c1cc2c(OCc3ccccc3)cccc2s1,N=C(N)c1cc2c(OCc3ccccc3)cccc2s1,c1ccc(COc2cccc3sccc23)cc1,CHEMBL598191,1.16,Lipophilicity,1,test
CNC1=Nc2ccc(Cl)cc2C(c2ccccc2)=[N+]([O-])C1,CNC1=Nc2ccc(Cl)cc2C(c2ccccc2)=[N+]([O-])C1,C1=Nc2ccccc2C(c2ccccc2)=[NH+]C1,CHEMBL451,2.41,Lipophilicity,1,test
O=C(c1c[nH]c(=O)c2ccccc12)N1CCC(N2CCC(Oc3ccc(Cl)c(Cl)c3)CC2)CC1,O=C(c1c[nH]c(=O)c2ccccc12)N1CCC(N2CCC(Oc3ccc(Cl)c(Cl)c3)CC2)CC1,O=C(c1c[nH]c(=O)c2ccccc12)N1CCC(N2CCC(Oc3ccccc3)CC2)CC1,CHEMBL2171020,3.51,Lipophilicity,1,test
O=C(NCCSCc1ccccc1)c1ccccc1,O=C(NCCSCc1ccccc1)c1ccccc1,O=C(NCCSCc1ccccc1)c1ccccc1,CHEMBL1165028,3.3,Lipophilicity,1,test
COc1ncc(-c2ccc3nccc(-c4ccnnc4)c3c2)cc1NS(=O)(=O)c1ccc(F)cc1F,COc1ncc(-c2ccc3nccc(-c4ccnnc4)c3c2)cc1NS(=O)(=O)c1ccc(F)cc1F,O=S(=O)(Nc1cncc(-c2ccc3nccc(-c4ccnnc4)c3c2)c1)c1ccccc1,CHEMBL1236962,2.5,Lipophilicity,1,test
NC1(c2ccc(-c3nc4ccccc4cc3-c3ccccc3)cc2)CCC1,NC1(c2ccc(-c3nc4ccccc4cc3-c3ccccc3)cc2)CCC1,c1ccc(-c2cc3ccccc3nc2-c2ccc(C3CCC3)cc2)cc1,CHEMBL2035017,3.6,Lipophilicity,1,test
C/N=C(\S)n1nc(-c2ccc(Cl)cc2)nc1N,CN=C(S)n1nc(-c2ccc(Cl)cc2)nc1N,c1ccc(-c2nc[nH]n2)cc1,CHEMBL103771,4.12,Lipophilicity,1,test
COc1nc(Br)cnc1NS(=O)(=O)c1ccc(Cl)s1,COc1nc(Br)cnc1NS(=O)(=O)c1ccc(Cl)s1,O=S(=O)(Nc1cnccn1)c1cccs1,CHEMBL2011441,0.99,Lipophilicity,1,test
Cn1c(Nc2ccc(C(F)(F)F)cc2)nc2cc(Oc3ccnc(-c4ncc(C(F)(F)F)[nH]4)c3)ccc21,Cn1c(Nc2ccc(C(F)(F)F)cc2)nc2cc(Oc3ccnc(-c4ncc(C(F)(F)F)[nH]4)c3)ccc21,c1ccc(Nc2nc3cc(Oc4ccnc(-c5ncc[nH]5)c4)ccc3[nH]2)cc1,CHEMBL558752,3.45,Lipophilicity,1,test
Nc1nc(N)c(-c2ccc(NC(=O)C3CC3)cc2)c(COCc2ccccc2)n1,Nc1nc(N)c(-c2ccc(NC(=O)C3CC3)cc2)c(COCc2ccccc2)n1,O=C(Nc1ccc(-c2cncnc2COCc2ccccc2)cc1)C1CC1,CHEMBL211265,2.46,Lipophilicity,1,test
Cc1nc(-c2ccc(CN3CCC(n4c(=O)[nH]c5ccccc54)CC3)cc2)c(-c2ccccc2)[nH]c1=O,Cc1nc(-c2ccc(CN3CCC(n4c(=O)[nH]c5ccccc54)CC3)cc2)c(-c2ccccc2)[nH]c1=O,O=c1cnc(-c2ccc(CN3CCC(n4c(=O)[nH]c5ccccc54)CC3)cc2)c(-c2ccccc2)[nH]1,CHEMBL178397,3.8,Lipophilicity,1,test
Cc1c(Sc2ccc(Cl)cc2)c2cc(-c3ccccc3)ccc2n1CC(=O)O,Cc1c(Sc2ccc(Cl)cc2)c2cc(-c3ccccc3)ccc2n1CC(=O)O,c1ccc(Sc2c[nH]c3ccc(-c4ccccc4)cc23)cc1,CHEMBL1917439,3.7,Lipophilicity,1,test
C[C@H](NC1=NC(=O)C(C)(C(F)(F)F)S1)c1ccccc1F,CC(NC1=NC(=O)C(C)(C(F)(F)F)S1)c1ccccc1F,O=C1CSC(NCc2ccccc2)=N1,CHEMBL448483,3.1,Lipophilicity,3,test
CC(C)Cn1c(=O)n(C)c(=O)c2c(C(=O)N3CC[C@@H](O)C3)c(Cc3c[nH]c4ncccc34)sc21,CC(C)Cn1c(=O)n(C)c(=O)c2c(C(=O)N3CCC(O)C3)c(Cc3c[nH]c4ncccc34)sc21,O=C(c1c(Cc2c[nH]c3ncccc23)sc2[nH]c(=O)[nH]c(=O)c12)N1CCCC1,CHEMBL205092,1.71,Lipophilicity,1,test
O=C1C2=Nc3ccccc3CN2c2ccccc21,O=C1C2=Nc3ccccc3CN2c2ccccc21,O=C1C2=Nc3ccccc3CN2c2ccccc21,CHEMBL2347762,2.71,Lipophilicity,1,test
COc1ccc(NC(=O)CSc2nnc(C)n2-c2ccc(C)cc2)cc1,COc1ccc(NC(=O)CSc2nnc(C)n2-c2ccc(C)cc2)cc1,O=C(CSc1nncn1-c1ccccc1)Nc1ccccc1,CHEMBL213294,2.94,Lipophilicity,1,test
COc1ccccc1CN1C(=O)c2ccccc2C1C(=O)NC1CCC(C)CC1,COc1ccccc1CN1C(=O)c2ccccc2C1C(=O)NC1CCC(C)CC1,O=C(NC1CCCCC1)C1c2ccccc2C(=O)N1Cc1ccccc1,CHEMBL1429296,3.74,Lipophilicity,1,test
Cc1cc(N)c2cc(NC(=O)CCCCC(=O)Nc3ccc4nc(C)cc(N)c4c3)ccc2n1,Cc1cc(N)c2cc(NC(=O)CCCCC(=O)Nc3ccc4nc(C)cc(N)c4c3)ccc2n1,O=C(CCCCC(=O)Nc1ccc2ncccc2c1)Nc1ccc2ncccc2c1,CHEMBL313206,0.53,Lipophilicity,1,test
O=C(/C=C/c1c(C(=O)O)[nH]c2cc(Cl)cc(Cl)c12)Nc1ccccc1,O=C(C=Cc1c(C(=O)O)[nH]c2cc(Cl)cc(Cl)c12)Nc1ccccc1,O=C(C=Cc1c[nH]c2ccccc12)Nc1ccccc1,CHEMBL44793,1.52,Lipophilicity,1,test
CC(C)C(NC(=O)Cn1c(-c2ccccc2)cc2c(=O)n(CCN3CCOCC3)c(=O)[nH]c2c1=O)C(=O)C(F)(F)F,CC(C)C(NC(=O)Cn1c(-c2ccccc2)cc2c(=O)n(CCN3CCOCC3)c(=O)[nH]c2c1=O)C(=O)C(F)(F)F,O=c1[nH]c(-c2ccccc2)cc2c(=O)n(CCN3CCOCC3)c(=O)[nH]c12,CHEMBL14293,1.91,Lipophilicity,1,test
Cc1cc2n[nH]c(=O)n2c2ccccc12,Cc1cc2n[nH]c(=O)n2c2ccccc12,O=c1[nH]nc2ccc3ccccc3n12,CHEMBL487274,2.35,Lipophilicity,1,test
Cn1c(SCc2c(Cl)cccc2Cl)nnc1-c1ccc2nonc2c1,Cn1c(SCc2c(Cl)cccc2Cl)nnc1-c1ccc2nonc2c1,c1ccc(CSc2nnc(-c3ccc4nonc4c3)[nH]2)cc1,CHEMBL1606366,3.35,Lipophilicity,1,test
COc1cc2ncnc(Nc3cc(NC(=O)c4ccnc(N5CCOCC5)c4)ccc3C)c2cc1OCCN1CCOCC1,COc1cc2ncnc(Nc3cc(NC(=O)c4ccnc(N5CCOCC5)c4)ccc3C)c2cc1OCCN1CCOCC1,O=C(Nc1cccc(Nc2ncnc3ccc(OCCN4CCOCC4)cc23)c1)c1ccnc(N2CCOCC2)c1,CHEMBL184271,3.19,Lipophilicity,1,test
COc1ccc(CNC(=O)Nc2ncc([N+](=O)[O-])s2)cc1,COc1ccc(CNC(=O)Nc2ncc([N+](=O)[O-])s2)cc1,O=C(NCc1ccccc1)Nc1nccs1,CHEMBL259850,2.9,Lipophilicity,1,test
O=C(COCc1ccccc1)Nc1ccc2c(c1)C(=O)C(=O)c1ccccc1-2,O=C(COCc1ccccc1)Nc1ccc2c(c1)C(=O)C(=O)c1ccccc1-2,O=C(COCc1ccccc1)Nc1ccc2c(c1)C(=O)C(=O)c1ccccc1-2,CHEMBL53966,3.21,Lipophilicity,1,test
O=C(N[C@@H](Cc1ccc(OCCNc2ccccn2)cc1)C(=O)O)c1c(Cl)cccc1Cl,O=C(NC(Cc1ccc(OCCNc2ccccn2)cc1)C(=O)O)c1c(Cl)cccc1Cl,O=C(NCCc1ccc(OCCNc2ccccn2)cc1)c1ccccc1,CHEMBL2030813,-0.48,Lipophilicity,1,test
O=C(NS(=O)(=O)c1ccc(NCCSc2ccccc2)c([N+](=O)[O-])c1)c1ccc(N2CCNCC2)cc1,O=C(NS(=O)(=O)c1ccc(NCCSc2ccccc2)c([N+](=O)[O-])c1)c1ccc(N2CCNCC2)cc1,O=C(NS(=O)(=O)c1ccc(NCCSc2ccccc2)cc1)c1ccc(N2CCNCC2)cc1,CHEMBL202314,-0.04,Lipophilicity,1,test
CC(C)N1CCC(N(C(=O)Cc2ccccc2)c2ccc(Cl)cc2)CC1,CC(C)N1CCC(N(C(=O)Cc2ccccc2)c2ccc(Cl)cc2)CC1,O=C(Cc1ccccc1)N(c1ccccc1)C1CCNCC1,CHEMBL87543,2.3,Lipophilicity,1,test
COc1cc(C(=O)NS(=O)(=O)c2ccccc2)ccc1Cn1ccc2ccc(NC(=O)OC3CCCC3)cc21,COc1cc(C(=O)NS(=O)(=O)c2ccccc2)ccc1Cn1ccc2ccc(NC(=O)OC3CCCC3)cc21,O=C(Nc1ccc2ccn(Cc3ccc(C(=O)NS(=O)(=O)c4ccccc4)cc3)c2c1)OC1CCCC1,CHEMBL81642,2.2,Lipophilicity,1,test
O=CNc1cc([C@@H](O)CNCCc2ccc(NC[C@H](O)c3ccccc3)cc2)ccc1O,O=CNc1cc(C(O)CNCCc2ccc(NCC(O)c3ccccc3)cc2)ccc1O,c1ccc(CCNCCc2ccc(NCCc3ccccc3)cc2)cc1,CHEMBL1940832,0.02,Lipophilicity,1,test
Cc1cc2c(C(C)C)c(O)c(O)c(C=O)c2c(O)c1-c1c(C)cc2c(C(C)C)c(O)c(O)c(C=O)c2c1O,Cc1cc2c(C(C)C)c(O)c(O)c(C=O)c2c(O)c1-c1c(C)cc2c(C(C)C)c(O)c(O)c(C=O)c2c1O,c1ccc2cc(-c3ccc4ccccc4c3)ccc2c1,CHEMBL51483,2.75,Lipophilicity,1,test
CCn1c(=O)c2nc(-c3ccccc3)[nH]c2n(CC)c1=O,CCn1c(=O)c2nc(-c3ccccc3)[nH]c2n(CC)c1=O,O=c1[nH]c(=O)c2nc(-c3ccccc3)[nH]c2[nH]1,CHEMBL11348,3.3,Lipophilicity,1,test
O=C(NCCNC(=O)c1cn(-c2ccccc2)nc1C(F)(F)F)c1ccc(Cl)cn1,O=C(NCCNC(=O)c1cn(-c2ccccc2)nc1C(F)(F)F)c1ccc(Cl)cn1,O=C(NCCNC(=O)c1ccccn1)c1cnn(-c2ccccc2)c1,CHEMBL1089168,3.8,Lipophilicity,1,test
Cc1ccc(CO)cc1N(C)c1ccnc(Nc2cc(N3CCOCC3)nc(N3CCOCC3)n2)n1,Cc1ccc(CO)cc1N(C)c1ccnc(Nc2cc(N3CCOCC3)nc(N3CCOCC3)n2)n1,c1ccc(Nc2ccnc(Nc3cc(N4CCOCC4)nc(N4CCOCC4)n3)n2)cc1,CHEMBL1762551,3.9,Lipophilicity,1,test
c1ccc(-c2[nH]nc3ccccc23)cc1,c1ccc(-c2[nH]nc3ccccc23)cc1,c1ccc(-c2[nH]nc3ccccc23)cc1,CHEMBL315708,3.79,Lipophilicity,1,test
N#CN=C(N)c1sc(Nc2ccccc2)nc1N,N#CN=C(N)c1sc(Nc2ccccc2)nc1N,c1ccc(Nc2nccs2)cc1,CHEMBL578288,2.91,Lipophilicity,1,test
Cn1c(N)nc(CCc2ccc3cc[nH]c3c2)cc1=O,Cn1c(N)nc(CCc2ccc3cc[nH]c3c2)cc1=O,O=c1cc(CCc2ccc3cc[nH]c3c2)nc[nH]1,CHEMBL237891,2.1,Lipophilicity,1,test
O=C(NC1CCCC1)C(c1ccncc1)N(Cc1ccco1)C(=O)c1ccc(-c2ccccc2)[nH]1,O=C(NC1CCCC1)C(c1ccncc1)N(Cc1ccco1)C(=O)c1ccc(-c2ccccc2)[nH]1,O=C(NC1CCCC1)C(c1ccncc1)N(Cc1ccco1)C(=O)c1ccc(-c2ccccc2)[nH]1,CHEMBL1574150,4.36,Lipophilicity,1,test
CNC1(C)C2CCC(C2)C1(C)C,CNC1(C)C2CCC(C2)C1(C)C,C1CC2CCC1C2,CHEMBL267936,-0.84,Lipophilicity,1,test
Fc1ccc([C@@H]2CCNC[C@H]2COc2ccc3c(c2)OCO3)cc1,Fc1ccc(C2CCNCC2COc2ccc3c(c2)OCO3)cc1,c1ccc(C2CCNCC2COc2ccc3c(c2)OCO3)cc1,CHEMBL490,1.78,Lipophilicity,1,test
CS(=O)(=O)C1(c2cc(N3CCOCC3)nc(-c3cccc4[nH]ccc34)n2)CCOCC1,CS(=O)(=O)C1(c2cc(N3CCOCC3)nc(-c3cccc4[nH]ccc34)n2)CCOCC1,c1cc(-c2nc(C3CCOCC3)cc(N3CCOCC3)n2)c2cc[nH]c2c1,CHEMBL2325705,2.4,Lipophilicity,1,test
O=C1Nc2ccc(S(=O)(=O)N3CCC[C@H]3CNc3ccccc3)cc2C1=O,O=C1Nc2ccc(S(=O)(=O)N3CCCC3CNc3ccccc3)cc2C1=O,O=C1Nc2ccc(S(=O)(=O)N3CCCC3CNc3ccccc3)cc2C1=O,CHEMBL1907830,2.4,Lipophilicity,1,test
COc1ccccc1Oc1c(NS(=O)(=O)c2ccc(C(C)(C)C)cc2)nc(-c2ncccn2)nc1OCCO,COc1ccccc1Oc1c(NS(=O)(=O)c2ccc(C(C)(C)C)cc2)nc(-c2ncccn2)nc1OCCO,O=S(=O)(Nc1nc(-c2ncccn2)ncc1Oc1ccccc1)c1ccccc1,CHEMBL957,1.03,Lipophilicity,1,test
Cc1cc2c(C)cc(=O)oc2c2c1NCCC2,Cc1cc2c(C)cc(=O)oc2c2c1NCCC2,O=c1ccc2ccc3c(c2o1)CCCN3,CHEMBL1442864,2.9,Lipophilicity,1,test
CCNC(=O)Nc1nc2cc(-c3cccnc3)ccc2[nH]1,CCNC(=O)Nc1nc2cc(-c3cccnc3)ccc2[nH]1,c1cncc(-c2ccc3[nH]cnc3c2)c1,CHEMBL472524,2.34,Lipophilicity,1,test
Cn1sc(NCc2ccccc2)nc1=O,Cn1sc(NCc2ccccc2)nc1=O,O=c1nc(NCc2ccccc2)s[nH]1,CHEMBL263655,1.2,Lipophilicity,1,test
CN[C@@H](C)C(=O)N[C@H](C(=O)N[C@H]1CCCN(C(=O)Cc2ccccc2)C1)C1CCCCC1,CNC(C)C(=O)NC(C(=O)NC1CCCN(C(=O)Cc2ccccc2)C1)C1CCCCC1,O=C(CC1CCCCC1)NC1CCCN(C(=O)Cc2ccccc2)C1,CHEMBL1950730,1.32,Lipophilicity,1,test
Cc1cc([C@H](O)[C@](C)(OCc2ccc(-c3ccccc3)cc2)C(=O)NO)no1,Cc1cc(C(O)C(C)(OCc2ccc(-c3ccccc3)cc2)C(=O)NO)no1,c1ccc(-c2ccc(COCCc3ccon3)cc2)cc1,CHEMBL2012204,2.88,Lipophilicity,1,test
COC(=O)COc1ccc(C(=O)Nc2ccc(F)cc2)cn1,COC(=O)COc1ccc(C(=O)Nc2ccc(F)cc2)cn1,O=C(Nc1ccccc1)c1cccnc1,CHEMBL36643,2.43,Lipophilicity,1,test
C[C@H](NC(=O)c1cccc2c1N(Cc1ccc(Cl)cc1)CC2)c1ccc(C(=O)O)cc1,CC(NC(=O)c1cccc2c1N(Cc1ccc(Cl)cc1)CC2)c1ccc(C(=O)O)cc1,O=C(NCc1ccccc1)c1cccc2c1N(Cc1ccccc1)CC2,CHEMBL1645135,1.47,Lipophilicity,1,test
O=S(=O)(NCC(c1ccccc1)N1CCCCCC1)c1cccnc1,O=S(=O)(NCC(c1ccccc1)N1CCCCCC1)c1cccnc1,O=S(=O)(NCC(c1ccccc1)N1CCCCCC1)c1cccnc1,CHEMBL1209509,2.1,Lipophilicity,1,test
COc1ccc(-n2cnc3cc(NS(=O)(=O)c4ccccc4)ccc32)cc1,COc1ccc(-n2cnc3cc(NS(=O)(=O)c4ccccc4)ccc32)cc1,O=S(=O)(Nc1ccc2c(c1)ncn2-c1ccccc1)c1ccccc1,CHEMBL1459983,3.7,Lipophilicity,1,test
CCOc1ccc(-n2c([C@@H](C)N(Cc3cccnc3)C(=O)Cc3ccc(OC(F)(F)F)cc3)nc3ncccc3c2=O)cc1,CCOc1ccc(-n2c(C(C)N(Cc3cccnc3)C(=O)Cc3ccc(OC(F)(F)F)cc3)nc3ncccc3c2=O)cc1,O=C(Cc1ccccc1)N(Cc1cccnc1)Cc1nc2ncccc2c(=O)n1-c1ccccc1,CHEMBL397983,3.7,Lipophilicity,1,test
Nc1c2c(nc3ccc(Br)cc13)N(c1ccccc1)CC2,Nc1c2c(nc3ccc(Br)cc13)N(c1ccccc1)CC2,c1ccc(N2CCc3cc4ccccc4nc32)cc1,CHEMBL1617016,3.12,Lipophilicity,1,test
NC1(c2ccc(-c3c(-c4ccccc4)ncc4nccn34)cc2)CCC1,NC1(c2ccc(-c3c(-c4ccccc4)ncc4nccn34)cc2)CCC1,c1ccc(-c2ncc3nccn3c2-c2ccc(C3CCC3)cc2)cc1,CHEMBL2035034,1.7,Lipophilicity,1,test
CC[C@H](C)[C@H](N)C1=N[C@H](C(=O)N[C@@H](CC(C)C)C(=O)N[C@H](CCC(=O)O)C(=O)N[C@H](C(=O)N[C@H]2CCCCNC(=O)[C@H](CC(N)=O)NC(=O)[C@@H](CC(=O)O)NC(=O)[C@H](Cc3cnc[nH]3)NC(=O)[C@@H](Cc3ccccc3)NC(=O)[C@H]([C@@H](C)CC)NC(=O)[C@@H](CCCN)NC2=O)[C@@H](C)CC)CS1,CCC(C)C(N)C1=NC(C(=O)NC(CC(C)C)C(=O)NC(CCC(=O)O)C(=O)NC(C(=O)NC2CCCCNC(=O)C(CC(N)=O)NC(=O)C(CC(=O)O)NC(=O)C(Cc3cnc[nH]3)NC(=O)C(Cc3ccccc3)NC(=O)C(C(C)CC)NC(=O)C(CCCN)NC2=O)C(C)CC)CS1,O=C1CNC(=O)CNC(=O)C(Cc2cnc[nH]2)NC(=O)C(Cc2ccccc2)NC(=O)CNC(=O)CNC(=O)C(NC(=O)CNC(=O)CNC(=O)CNC(=O)C2CSC=N2)CCCCN1,CHEMBL1200558,-0.46,Lipophilicity,1,test
NC(=O)c1cccc(O[C@@H]2C[C@H]3CC[C@@H](C2)N3CCc2ccccc2)c1,NC(=O)c1cccc(OC2CC3CCC(C2)N3CCc2ccccc2)c1,c1ccc(CCN2C3CCC2CC(Oc2ccccc2)C3)cc1,CHEMBL1257698,2.0,Lipophilicity,1,test
CCCCNc1nc(N)c2[nH]c(=O)n(Cc3ccc(OCCN(C)C)nc3)c2n1,CCCCNc1nc(N)c2[nH]c(=O)n(Cc3ccc(OCCN(C)C)nc3)c2n1,O=c1[nH]c2cncnc2n1Cc1cccnc1,CHEMBL2315158,1.9,Lipophilicity,1,test
[O-][S+](c1ccccc1)c1ccc2nnnn2n1,[O-][S+](c1ccccc1)c1ccc2nnnn2n1,c1ccc([SH+]c2ccc3nnnn3n2)cc1,CHEMBL271023,0.79,Lipophilicity,1,test
Cc1cc(Nc2nc(N[C@@H](C)c3ccc(F)cn3)c(C#N)cc2F)n[nH]1,Cc1cc(Nc2nc(NC(C)c3ccc(F)cn3)c(C#N)cc2F)n[nH]1,c1ccc(CNc2cccc(Nc3cc[nH]n3)n2)nc1,CHEMBL1774056,3.11,Lipophilicity,1,test
Cc1cnc(Nc2ccc(OCCN3CCCC3)cc2)nc1Nc1cccc(S(=O)(=O)NC(C)(C)C)c1,Cc1cnc(Nc2ccc(OCCN3CCCC3)cc2)nc1Nc1cccc(S(=O)(=O)NC(C)(C)C)c1,c1ccc(Nc2ccnc(Nc3ccc(OCCN4CCCC4)cc3)n2)cc1,CHEMBL1287853,2.11,Lipophilicity,1,test
O=C(/C=C/Sc1nc[nH]n1)c1ccc(Cl)cc1,O=C(C=CSc1nc[nH]n1)c1ccc(Cl)cc1,O=C(C=CSc1nc[nH]n1)c1ccccc1,CHEMBL1586531,3.1,Lipophilicity,1,test
O=C(O)C1Cc2c([nH]c3ccccc23)C(c2ccccc2)N1,O=C(O)C1Cc2c([nH]c3ccccc23)C(c2ccccc2)N1,c1ccc(C2NCCc3c2[nH]c2ccccc32)cc1,CHEMBL442956,0.78,Lipophilicity,1,test
O=C1COc2ccc(CNC3CCN(CCN4C(=O)COc5ccc(-c6ccco6)cc54)CC3)nc2N1,O=C1COc2ccc(CNC3CCN(CCN4C(=O)COc5ccc(-c6ccco6)cc54)CC3)nc2N1,O=C1COc2ccc(CNC3CCN(CCN4C(=O)COc5ccc(-c6ccco6)cc54)CC3)nc2N1,CHEMBL1824045,2.19,Lipophilicity,1,test
CC(C)Cn1c(=O)n(C)c(=O)c2c(C(=O)N3CC[C@@H](O)C3)c(Cc3c[nH]c4ccccc34)sc21,CC(C)Cn1c(=O)n(C)c(=O)c2c(C(=O)N3CCC(O)C3)c(Cc3c[nH]c4ccccc34)sc21,O=C(c1c(Cc2c[nH]c3ccccc23)sc2[nH]c(=O)[nH]c(=O)c12)N1CCCC1,CHEMBL205807,2.35,Lipophilicity,1,test
COc1cc(N2CCN(C(C)=O)CC2)ccc1Nc1ncc(Cl)c(-c2cnc3cc(N4CCCC4)ccn23)n1,COc1cc(N2CCN(C(C)=O)CC2)ccc1Nc1ncc(Cl)c(-c2cnc3cc(N4CCCC4)ccn23)n1,c1cc(-c2cnc3cc(N4CCCC4)ccn23)nc(Nc2ccc(N3CCNCC3)cc2)n1,CHEMBL1809223,3.5,Lipophilicity,1,test
O=C(Cc1ccc(F)c(C(F)(F)F)c1)Nc1cccc2c(=O)n([C@@H]3CNC[C@H]3O)ccc12,O=C(Cc1ccc(F)c(C(F)(F)F)c1)Nc1cccc2c(=O)n(C3CNCC3O)ccc12,O=C(Cc1ccccc1)Nc1cccc2c(=O)n(C3CCNC3)ccc12,CHEMBL552513,1.33,Lipophilicity,1,test
C[C@H]1O[C@@H](n2cnc3c(N)nc(Oc4ccccc4)nc32)[C@H](O)[C@@H]1O,CC1OC(n2cnc3c(N)nc(Oc4ccccc4)nc32)C(O)C1O,c1ccc(Oc2ncc3ncn(C4CCCO4)c3n2)cc1,CHEMBL1807854,1.05,Lipophilicity,1,test
Cc1ccc(Oc2ccc(Nc3ncnc4cccc(O[C@H](C)C(=O)N(C)CCO)c34)cc2C)cn1,Cc1ccc(Oc2ccc(Nc3ncnc4cccc(OC(C)C(=O)N(C)CCO)c34)cc2C)cn1,c1cncc(Oc2ccc(Nc3ncnc4ccccc34)cc2)c1,CHEMBL257478,3.85,Lipophilicity,1,test
Cc1ccc(NC(=O)C2CC2)cc1-n1cnc2ccc(N3CCN(C)CC3)cc2c1=O,Cc1ccc(NC(=O)C2CC2)cc1-n1cnc2ccc(N3CCN(C)CC3)cc2c1=O,O=C(Nc1cccc(-n2cnc3ccc(N4CCNCC4)cc3c2=O)c1)C1CC1,CHEMBL2031233,2.17,Lipophilicity,1,test
CC(C)(C)NS(=O)(=O)c1cncc(-c2ccc3nc(NC(=O)NCC(=O)N4CCCC4)nn3c2)c1,CC(C)(C)NS(=O)(=O)c1cncc(-c2ccc3nc(NC(=O)NCC(=O)N4CCCC4)nn3c2)c1,O=C(NCC(=O)N1CCCC1)Nc1nc2ccc(-c3cccnc3)cn2n1,CHEMBL2057371,1.37,Lipophilicity,1,test
O=C(c1ccc(F)cc1)C1CCN(C(=O)N2CCOCC2)CC1,O=C(c1ccc(F)cc1)C1CCN(C(=O)N2CCOCC2)CC1,O=C(c1ccccc1)C1CCN(C(=O)N2CCOCC2)CC1,CHEMBL1338338,1.61,Lipophilicity,1,test
O=c1oc2ccccc2c(O)c1Cc1c(O)c2ccccc2oc1=O,O=c1oc2ccccc2c(O)c1Cc1c(O)c2ccccc2oc1=O,O=c1oc2ccccc2cc1Cc1cc2ccccc2oc1=O,CHEMBL1466,1.22,Lipophilicity,1,test
CCOc1ccc2oc(C(=O)NC(CCSC)c3nc4ncccc4[nH]3)c(C)c2c1,CCOc1ccc2oc(C(=O)NC(CCSC)c3nc4ncccc4[nH]3)c(C)c2c1,O=C(NCc1nc2ncccc2[nH]1)c1cc2ccccc2o1,CHEMBL1770477,4.23,Lipophilicity,1,test
O=C(c1ccc(C(=C2CCN(Cc3cscn3)CC2)c2cccc3cccnc23)cc1)N1CCC1,O=C(c1ccc(C(=C2CCN(Cc3cscn3)CC2)c2cccc3cccnc23)cc1)N1CCC1,O=C(c1ccc(C(=C2CCN(Cc3cscn3)CC2)c2cccc3cccnc23)cc1)N1CCC1,CHEMBL1946028,2.52,Lipophilicity,1,test
O=C(NC[C@@H](O)CN1CCC(Oc2ccc(Cl)c(Cl)c2)CC1)c1n[nH]c(=O)c2ccccc12,O=C(NCC(O)CN1CCC(Oc2ccc(Cl)c(Cl)c2)CC1)c1n[nH]c(=O)c2ccccc12,O=C(NCCCN1CCC(Oc2ccccc2)CC1)c1n[nH]c(=O)c2ccccc12,CHEMBL2208431,3.69,Lipophilicity,1,test
COc1ccc([C@]2(C#N)CC[C@@H](C(=O)O)CC2)cc1OC1CCCC1,COc1ccc(C2(C#N)CCC(C(=O)O)CC2)cc1OC1CCCC1,c1cc(OC2CCCC2)cc(C2CCCCC2)c1,CHEMBL511115,0.76,Lipophilicity,1,test
Cc1cc(=O)oc2cc3c(cc12)CCCN3,Cc1cc(=O)oc2cc3c(cc12)CCCN3,O=c1ccc2cc3c(cc2o1)NCCC3,CHEMBL1451129,2.7,Lipophilicity,1,test
Cc1ccc(NC(=O)c2cccnc2)cc1-n1cnc2ccc(N3CCN(C)CC3)cc2c1=O,Cc1ccc(NC(=O)c2cccnc2)cc1-n1cnc2ccc(N3CCN(C)CC3)cc2c1=O,O=C(Nc1cccc(-n2cnc3ccc(N4CCNCC4)cc3c2=O)c1)c1cccnc1,CHEMBL2031234,1.5,Lipophilicity,1,test
CCC1(c2ccccc2)C(=O)NC(=O)NC1=O,CCC1(c2ccccc2)C(=O)NC(=O)NC1=O,O=C1NC(=O)C(c2ccccc2)C(=O)N1,CHEMBL40,0.05,Lipophilicity,1,test
O=C1CCOc2nc(OCc3ccccc3)ccc21,O=C1CCOc2nc(OCc3ccccc3)ccc21,O=C1CCOc2nc(OCc3ccccc3)ccc21,CHEMBL1682826,3.1,Lipophilicity,1,test
COc1ccc(C=NN=Cc2ccc(OC)c(OC)c2)cc1OC,COc1ccc(C=NN=Cc2ccc(OC)c(OC)c2)cc1OC,C(=NN=Cc1ccccc1)c1ccccc1,CHEMBL1870384,3.38,Lipophilicity,1,test
CN1C(=O)NC(=O)C(C)(C2=CCCCC2)C1=O,CN1C(=O)NC(=O)C(C)(C2=CCCCC2)C1=O,O=C1NC(=O)C(C2=CCCCC2)C(=O)N1,CHEMBL7728,1.5,Lipophilicity,1,test
O=C(CSc1ccccc1)N1CCN(C(=O)c2ccco2)CC1,O=C(CSc1ccccc1)N1CCN(C(=O)c2ccco2)CC1,O=C(CSc1ccccc1)N1CCN(C(=O)c2ccco2)CC1,CHEMBL1448843,1.6,Lipophilicity,1,test
Cc1ccc(Sc2ccccc2CN(C)C)c(N)c1,Cc1ccc(Sc2ccccc2CN(C)C)c(N)c1,c1ccc(Sc2ccccc2)cc1,CHEMBL22183,2.6,Lipophilicity,1,test
O=C(c1ccc(C(=C2CCN(Cc3cscn3)CC2)c2cccc3cccnc23)cc1)N1CCOCC1,O=C(c1ccc(C(=C2CCN(Cc3cscn3)CC2)c2cccc3cccnc23)cc1)N1CCOCC1,O=C(c1ccc(C(=C2CCN(Cc3cscn3)CC2)c2cccc3cccnc23)cc1)N1CCOCC1,CHEMBL1946615,2.12,Lipophilicity,1,test
Cc1cccc(Br)c1C(=O)N[C@@H](Cc1ccc(NC(=O)c2c(Cl)cccc2Cl)cc1)C(=O)O,Cc1cccc(Br)c1C(=O)NC(Cc1ccc(NC(=O)c2c(Cl)cccc2Cl)cc1)C(=O)O,O=C(NCCc1ccc(NC(=O)c2ccccc2)cc1)c1ccccc1,CHEMBL309222,-0.13,Lipophilicity,1,test
CN(C)CC/C=C1\c2ccccc2Sc2ccc(Cl)cc21,CN(C)CCC=C1c2ccccc2Sc2ccc(Cl)cc21,C=C1c2ccccc2Sc2ccccc21,CHEMBL90125,3.42,Lipophilicity,1,test
Cc1cc(C)cc(-c2c(O)nc3cc(Cl)c(C(=O)Nc4ccncn4)cc3c2OCCC2CCCCN2)c1,Cc1cc(C)cc(-c2c(O)nc3cc(Cl)c(C(=O)Nc4ccncn4)cc3c2OCCC2CCCCN2)c1,O=C(Nc1ccncn1)c1ccc2ncc(-c3ccccc3)c(OCCC3CCCCN3)c2c1,CHEMBL1184268,1.7,Lipophilicity,1,test
CCCCCCCCCC(=O)N[C@@H](Cc1c[nH]c2ccccc12)C(=O)N[C@@H](CC(N)=O)C(=O)N[C@@H](CC(=O)O)C(=O)N[C@@H]1C(=O)NCC(=O)N[C@@H](CCCN)C(=O)N[C@@H](CC(=O)O)C(=O)N[C@H](C)C(=O)N[C@@H](CC(=O)O)C(=O)NCC(=O)N[C@H](CO)C(=O)N[C@@H]([C@H](C)CC(=O)O)C(=O)N[C@@H](CC(=O)c2ccccc2N)C(=O)O[C@@H]1C,CCCCCCCCCC(=O)NC(Cc1c[nH]c2ccccc12)C(=O)NC(CC(N)=O)C(=O)NC(CC(=O)O)C(=O)NC1C(=O)NCC(=O)NC(CCCN)C(=O)NC(CC(=O)O)C(=O)NC(C)C(=O)NC(CC(=O)O)C(=O)NCC(=O)NC(CO)C(=O)NC(C(C)CC(=O)O)C(=O)NC(CC(=O)c2ccccc2N)C(=O)OC1C,O=C(CCc1c[nH]c2ccccc12)NCC(=O)NCC(=O)NC1COC(=O)C(CC(=O)c2ccccc2)NC(=O)CNC(=O)CNC(=O)CNC(=O)CNC(=O)CNC(=O)CNC(=O)CNC(=O)CNC1=O,CHEMBL387675,-0.94,Lipophilicity,1,test
O=C1N=C(O)NC1(c1ccccc1)c1ccccc1,O=C1N=C(O)NC1(c1ccccc1)c1ccccc1,O=C1N=CNC1(c1ccccc1)c1ccccc1,CHEMBL16,2.41,Lipophilicity,1,test
COC1CCN(C(=O)C2CCN(CCc3c(-c4cc(C)cc(C)c4)[nH]c4sc(C(C)(C)C(=O)N5C6CCC5CC6)cc34)CC2)CC1,COC1CCN(C(=O)C2CCN(CCc3c(-c4cc(C)cc(C)c4)[nH]c4sc(C(C)(C)C(=O)N5C6CCC5CC6)cc34)CC2)CC1,O=C(C1CCN(CCc2c(-c3ccccc3)[nH]c3sc(CC(=O)N4C5CCC4CC5)cc23)CC1)N1CCCCC1,CHEMBL250389,4.09,Lipophilicity,1,test
CN1CCOc2cc(COC3CCCCC3)cnc21,CN1CCOc2cc(COC3CCCCC3)cnc21,c1nc2c(cc1COC1CCCCC1)OCCN2,CHEMBL1682836,3.1,Lipophilicity,1,test
O=C(Nc1ccc(Cl)c(Cl)c1)N1CCN(C[C@H]2CN(C3CC3)CCO2)CC1,O=C(Nc1ccc(Cl)c(Cl)c1)N1CCN(CC2CN(C3CC3)CCO2)CC1,O=C(Nc1ccccc1)N1CCN(CC2CN(C3CC3)CCO2)CC1,CHEMBL2036774,3.32,Lipophilicity,1,test
O=c1[nH]c2c(O)ccc([C@@H](O)CNCCc3cccc(CN4CCC(c5ccccc5)CC4)c3)c2s1,O=c1[nH]c2c(O)ccc(C(O)CNCCc3cccc(CN4CCC(c5ccccc5)CC4)c3)c2s1,O=c1[nH]c2cccc(CCNCCc3cccc(CN4CCC(c5ccccc5)CC4)c3)c2s1,CHEMBL1947153,1.99,Lipophilicity,1,test
Cc1cccc([C@H](C)c2c[nH]c(=S)[nH]2)c1C,Cc1cccc(C(C)c2c[nH]c(=S)[nH]2)c1C,S=c1[nH]cc(Cc2ccccc2)[nH]1,CHEMBL2107366,2.9,Lipophilicity,1,test
COc1cc(F)ccc1-c1cncc(CNC(=O)c2ccccn2)c1,COc1cc(F)ccc1-c1cncc(CNC(=O)c2ccccn2)c1,O=C(NCc1cncc(-c2ccccc2)c1)c1ccccn1,CHEMBL1779013,3.2,Lipophilicity,1,test
C[C@@H](NC1=CC(=O)CNC1)c1ccc(Nc2ncc3cc(-c4ccncc4)ccc3n2)cc1,CC(NC1=CC(=O)CNC1)c1ccc(Nc2ncc3cc(-c4ccncc4)ccc3n2)cc1,O=C1C=C(NCc2ccc(Nc3ncc4cc(-c5ccncc5)ccc4n3)cc2)CNC1,CHEMBL2335906,2.49,Lipophilicity,1,test
O=C(Nc1cc(-c2ccnc(Nc3ccccc3)c2)ccn1)C1CCOCC1,O=C(Nc1cc(-c2ccnc(Nc3ccccc3)c2)ccn1)C1CCOCC1,O=C(Nc1cc(-c2ccnc(Nc3ccccc3)c2)ccn1)C1CCOCC1,CHEMBL203059,3.7,Lipophilicity,1,test
COc1ccc2nc(C)cc(-n3cc(CN4CCN(C(C)=O)CC4)nn3)c2c1,COc1ccc2nc(C)cc(-n3cc(CN4CCN(C(C)=O)CC4)nn3)c2c1,c1ccc2c(-n3cc(CN4CCNCC4)nn3)ccnc2c1,CHEMBL1241982,1.3,Lipophilicity,1,test
CCOC(=O)C1=C(C)NC(C)=C(C(C)=O)[C@H]1c1cccc2c(=O)cc(C)oc12,CCOC(=O)C1=C(C)NC(C)=C(C(C)=O)C1c1cccc2c(=O)cc(C)oc12,O=c1ccoc2c(C3C=CNC=C3)cccc12,CHEMBL2181926,2.63,Lipophilicity,1,test
Cn1cc[nH]c1=S,Cn1cc[nH]c1=S,S=c1[nH]cc[nH]1,CHEMBL1515,-0.42,Lipophilicity,1,test
COc1ccc(C(=O)NCc2cn(-c3cc(C)nc4ccc(OC)cc34)nn2)cc1,COc1ccc(C(=O)NCc2cn(-c3cc(C)nc4ccc(OC)cc34)nn2)cc1,O=C(NCc1cn(-c2ccnc3ccccc23)nn1)c1ccccc1,CHEMBL1783119,3.5,Lipophilicity,1,test
COc1cc(C(=O)NS(=O)(=O)c2ccccc2)ccc1Cn1ncc2ccc(NC(=O)OC3CCCC3)cc21,COc1cc(C(=O)NS(=O)(=O)c2ccccc2)ccc1Cn1ncc2ccc(NC(=O)OC3CCCC3)cc21,O=C(Nc1ccc2cnn(Cc3ccc(C(=O)NS(=O)(=O)c4ccccc4)cc3)c2c1)OC1CCCC1,CHEMBL22033,1.8,Lipophilicity,1,test
CNC(=O)c1c(F)cccc1Nc1nc(Nc2cc3c(cc2OC)CCN3C(=O)CN(C)C)nc2[nH]ccc12,CNC(=O)c1c(F)cccc1Nc1nc(Nc2cc3c(cc2OC)CCN3C(=O)CN(C)C)nc2[nH]ccc12,c1ccc(Nc2nc(Nc3ccc4c(c3)NCC4)nc3[nH]ccc23)cc1,CHEMBL464552,2.61,Lipophilicity,1,test
Clc1ccccc1CNC[C@H]1CC[C@H](CNCc2ccccc2Cl)CC1,Clc1ccccc1CNCC1CCC(CNCc2ccccc2Cl)CC1,c1ccc(CNCC2CCC(CNCc3ccccc3)CC2)cc1,CHEMBL2062162,2.74,Lipophilicity,1,test
c1ccc(CC2NCCc3ccccc32)cc1,c1ccc(CC2NCCc3ccccc32)cc1,c1ccc(CC2NCCc3ccccc32)cc1,CHEMBL21640,1.89,Lipophilicity,1,test
COc1ccc(-c2nc3n(c2Br)CCC3)cc1,COc1ccc(-c2nc3n(c2Br)CCC3)cc1,c1ccc(-c2cn3c(n2)CCC3)cc1,CHEMBL1619466,3.3,Lipophilicity,1,test
Cc1c(CC(=O)O)c2cc(F)ccc2n1S(=O)(=O)c1ccc(S(C)(=O)=O)cc1,Cc1c(CC(=O)O)c2cc(F)ccc2n1S(=O)(=O)c1ccc(S(C)(=O)=O)cc1,O=S(=O)(c1ccccc1)n1ccc2ccccc21,CHEMBL196707,-0.44,Lipophilicity,1,test
Clc1cc(Nc2ncnc3[nH]nc(OCCN4CCCC4)c23)ccc1OCc1ccccn1,Clc1cc(Nc2ncnc3[nH]nc(OCCN4CCCC4)c23)ccc1OCc1ccccn1,c1ccc(COc2ccc(Nc3ncnc4[nH]nc(OCCN5CCCC5)c34)cc2)nc1,CHEMBL402553,2.87,Lipophilicity,1,test
Cc1ccc(-c2[nH]cnc2C)cc1NC(=O)c1ccc(OCc2ccccn2)cc1,Cc1ccc(-c2[nH]cnc2C)cc1NC(=O)c1ccc(OCc2ccccn2)cc1,O=C(Nc1cccc(-c2cnc[nH]2)c1)c1ccc(OCc2ccccn2)cc1,CHEMBL2059868,2.87,Lipophilicity,1,test
Nc1n[nH]c2ncc3c(c12)CCCCCC3,Nc1n[nH]c2ncc3c(c12)CCCCCC3,c1nc2[nH]ncc2c2c1CCCCCC2,CHEMBL1927251,2.54,Lipophilicity,1,test
O=S(=O)(Nc1cccc2[nH]ncc12)c1cccs1,O=S(=O)(Nc1cccc2[nH]ncc12)c1cccs1,O=S(=O)(Nc1cccc2[nH]ncc12)c1cccs1,CHEMBL1527495,1.7,Lipophilicity,1,test
CCOc1ccc(-n2c([C@@H](C)N(CC3CCN(C)CC3)C(=O)Cc3ccc(F)c(C(F)(F)F)c3)nc3ncccc3c2=O)cc1,CCOc1ccc(-n2c(C(C)N(CC3CCN(C)CC3)C(=O)Cc3ccc(F)c(C(F)(F)F)c3)nc3ncccc3c2=O)cc1,O=C(Cc1ccccc1)N(Cc1nc2ncccc2c(=O)n1-c1ccccc1)CC1CCNCC1,CHEMBL1077827,1.4,Lipophilicity,1,test
Cc1ccc(OCC(=O)O)c(-n2nc3ccccc3n2)c1,Cc1ccc(OCC(=O)O)c(-n2nc3ccccc3n2)c1,c1ccc(-n2nc3ccccc3n2)cc1,CHEMBL1535688,-0.84,Lipophilicity,1,test
Cn1cc(-c2cccc(C[C@H](NC(=O)c3cc(C(C)(C)C)nn3C)C(=O)NCC#N)c2)cn1,Cn1cc(-c2cccc(CC(NC(=O)c3cc(C(C)(C)C)nn3C)C(=O)NCC#N)c2)cn1,O=C(NCCc1cccc(-c2cn[nH]c2)c1)c1ccn[nH]1,CHEMBL563471,2.6,Lipophilicity,1,test
C[C@@H](O)[C@H]1C(=O)N2C(C(=O)OCOC(=O)C(C)(C)C)=C(SC3CN(C4=NCCS4)C3)[C@H](C)[C@H]12,CC(O)C1C(=O)N2C(C(=O)OCOC(=O)C(C)(C)C)=C(SC3CN(C4=NCCS4)C3)C(C)C12,O=C1CC2CC(SC3CN(C4=NCCS4)C3)=CN12,CHEMBL2107486,2.1,Lipophilicity,1,test
CCCc1c(OCCCOc2ccc3c(=O)cc(C(=O)O)oc3c2CCC)ccc(C(C)=O)c1O,CCCc1c(OCCCOc2ccc3c(=O)cc(C(=O)O)oc3c2CCC)ccc(C(C)=O)c1O,O=c1ccoc2cc(OCCCOc3ccccc3)ccc12,CHEMBL123846,3.0,Lipophilicity,1,test
CCC(c1nc2ccsc2c(=O)n1Cc1ccccc1)N(CC1CCNCC1)C(=O)c1ccc(C)cc1,CCC(c1nc2ccsc2c(=O)n1Cc1ccccc1)N(CC1CCNCC1)C(=O)c1ccc(C)cc1,O=C(c1ccccc1)N(Cc1nc2ccsc2c(=O)n1Cc1ccccc1)CC1CCNCC1,CHEMBL1829261,1.33,Lipophilicity,1,test
NS(=O)(=O)c1cc2c(cc1Cl)NC(C1CC3C=CC1C3)NS2(=O)=O,NS(=O)(=O)c1cc2c(cc1Cl)NC(C1CC3C=CC1C3)NS2(=O)=O,O=S1(=O)NC(C2CC3C=CC2C3)Nc2ccccc21,CHEMBL61593,2.12,Lipophilicity,1,test
CCOC(=O)Nc1ccc2c(c1)N(C(=O)CCN1CCOCC1)c1ccccc1S2,CCOC(=O)Nc1ccc2c(c1)N(C(=O)CCN1CCOCC1)c1ccccc1S2,O=C(CCN1CCOCC1)N1c2ccccc2Sc2ccccc21,CHEMBL1075,3.1,Lipophilicity,1,test
CC(=O)N1CCOc2nc(OCc3ccccc3)ccc21,CC(=O)N1CCOc2nc(OCc3ccccc3)ccc21,c1ccc(COc2ccc3c(n2)OCCN3)cc1,CHEMBL1682814,2.4,Lipophilicity,1,test
CCC(c1nc2sccc2c(=O)n1Cc1ccccc1)N(CCCN)C(=O)c1ccc(C)cc1,CCC(c1nc2sccc2c(=O)n1Cc1ccccc1)N(CCCN)C(=O)c1ccc(C)cc1,O=C(NCc1nc2sccc2c(=O)n1Cc1ccccc1)c1ccccc1,CHEMBL1829424,2.06,Lipophilicity,1,test
O=[N+]([O-])c1ccc2c(c1)N(c1cccc[n+]1[O-])CC(C(F)F)(C(F)F)O2,O=[N+]([O-])c1ccc2c(c1)N(c1cccc[n+]1[O-])CC(C(F)F)(C(F)F)O2,c1ccc(N2CCOc3ccccc32)[nH+]c1,CHEMBL90531,3.2,Lipophilicity,1,test
CC(C)(C)OC(=O)N1CCN(c2ccc(OCc3ccc(S(C)(=O)=O)cc3)nc2)CC1,CC(C)(C)OC(=O)N1CCN(c2ccc(OCc3ccc(S(C)(=O)=O)cc3)nc2)CC1,c1ccc(COc2ccc(N3CCNCC3)cn2)cc1,CHEMBL2086655,3.1,Lipophilicity,1,test
CSc1ccc(OCc2ccccc2)c(/C=C/c2ccc(C(=O)O)cn2)c1,CSc1ccc(OCc2ccccc2)c(C=Cc2ccc(C(=O)O)cn2)c1,C(=Cc1ccccc1OCc1ccccc1)c1ccccn1,CHEMBL191802,2.45,Lipophilicity,1,test
Nc1nccc(-c2cc3c([nH]2)[C@@H](CCF)CNC3=O)n1,Nc1nccc(-c2cc3c([nH]2)C(CCF)CNC3=O)n1,O=C1NCCc2[nH]c(-c3ccncn3)cc21,CHEMBL524266,0.51,Lipophilicity,2,test
CC(O)(C(=O)Nc1ccc(S(=O)(=O)c2ccncc2)cc1)C(F)(F)F,CC(O)(C(=O)Nc1ccc(S(=O)(=O)c2ccncc2)cc1)C(F)(F)F,O=S(=O)(c1ccccc1)c1ccncc1,CHEMBL92840,2.15,Lipophilicity,1,test
O=c1ncn2nc(Sc3ccc(F)cc3F)ccc2c1-c1c(Cl)cccc1Cl,O=c1ncn2nc(Sc3ccc(F)cc3F)ccc2c1-c1c(Cl)cccc1Cl,O=c1ncn2nc(Sc3ccccc3)ccc2c1-c1ccccc1,CHEMBL119385,2.74,Lipophilicity,1,test
Oc1ccc(-c2cnc3ccccc3n2)cc1,Oc1ccc(-c2cnc3ccccc3n2)cc1,c1ccc(-c2cnc3ccccc3n2)cc1,CHEMBL1730860,3.3,Lipophilicity,1,test
Cc1ccc(S(=O)(=O)N2N=Cc3oc(C)cc3B2O)cc1,Cc1ccc(S(=O)(=O)N2N=Cc3oc(C)cc3B2O)cc1,O=S(=O)(c1ccccc1)N1Bc2ccoc2C=N1,CHEMBL172714,-0.28,Lipophilicity,1,test
CN(C)C(=O)[C@H](Cc1ccccc1)NC(=O)c1cc2ccsc2[nH]1,CN(C)C(=O)C(Cc1ccccc1)NC(=O)c1cc2ccsc2[nH]1,O=C(NCCc1ccccc1)c1cc2ccsc2[nH]1,CHEMBL218712,3.1,Lipophilicity,1,test
FC(F)(F)c1nnc2ccc(N3CCCCCC3)nn12,FC(F)(F)c1nnc2ccc(N3CCCCCC3)nn12,c1cc2nncn2nc1N1CCCCCC1,CHEMBL1426965,3.29,Lipophilicity,1,test
NC(=O)C1CCN(CC(=O)Nc2ccc3c(c2)OCO3)CC1,NC(=O)C1CCN(CC(=O)Nc2ccc3c(c2)OCO3)CC1,O=C(CN1CCCCC1)Nc1ccc2c(c1)OCO2,CHEMBL2144138,0.4,Lipophilicity,1,test
N[C@H]1CCN(c2c(Cl)cccc2/C=C2\SC(=O)NC2=O)C1,NC1CCN(c2c(Cl)cccc2C=C2SC(=O)NC2=O)C1,O=C1NC(=O)C(=Cc2ccccc2N2CCCC2)S1,CHEMBL2048863,1.89,Lipophilicity,1,test
CCOC(=O)c1cc(O)c(-c2ccccc2)nn1,CCOC(=O)c1cc(O)c(-c2ccccc2)nn1,c1ccc(-c2cccnn2)cc1,CHEMBL260488,0.69,Lipophilicity,1,test
CN(C(=O)Cc1ccccc1)[C@H]1CC[C@@]2(CCCO2)C[C@@H]1N1CCCC1,CN(C(=O)Cc1ccccc1)C1CCC2(CCCO2)CC1N1CCCC1,O=C(Cc1ccccc1)NC1CCC2(CCCO2)CC1N1CCCC1,CHEMBL440765,0.99,Lipophilicity,1,test
Cn1ncnc1-c1c2c(=O)n(C)c(=O)n(CC3CC3)c2nn1Cc1ccnc2ccc(Cl)cc12,Cn1ncnc1-c1c2c(=O)n(C)c(=O)n(CC3CC3)c2nn1Cc1ccnc2ccc(Cl)cc12,O=c1[nH]c(=O)n(CC2CC2)c2nn(Cc3ccnc4ccccc34)c(-c3ncn[nH]3)c12,CHEMBL2087844,3.8,Lipophilicity,1,test
O=S1(=O)CC(O)C(N2CCC(c3ccccc3)CC2)C1,O=S1(=O)CC(O)C(N2CCC(c3ccccc3)CC2)C1,O=S1(=O)CCC(N2CCC(c3ccccc3)CC2)C1,CHEMBL1460615,1.4,Lipophilicity,1,test
CC(=O)Nc1cc(CN2C(=O)N(c3ccc(SC(F)(F)F)cc3)C(=O)C2(C)C)ccn1,CC(=O)Nc1cc(CN2C(=O)N(c3ccc(SC(F)(F)F)cc3)C(=O)C2(C)C)ccn1,O=C1CN(Cc2ccncc2)C(=O)N1c1ccccc1,CHEMBL1762178,2.93,Lipophilicity,1,test
O=C(c1ccc(OCCCc2c[nH]cn2)cc1)C1CC1,O=C(c1ccc(OCCCc2c[nH]cn2)cc1)C1CC1,O=C(c1ccc(OCCCc2c[nH]cn2)cc1)C1CC1,CHEMBL14638,2.68,Lipophilicity,1,test
CCO[C@@H]1OC(=O)C[C@@H]1NC(=O)[C@@H]1CCCN2C(=O)CC[C@H](NC(=O)c3nccc4ccccc34)C(=O)N12,CCOC1OC(=O)CC1NC(=O)C1CCCN2C(=O)CCC(NC(=O)c3nccc4ccccc34)C(=O)N12,O=C1CC(NC(=O)C2CCCN3C(=O)CCC(NC(=O)c4nccc5ccccc45)C(=O)N23)CO1,CHEMBL437526,1.16,Lipophilicity,1,test
CC(c1cc2ccccc2o1)n1[nH]c(=O)c2[nH]c3cc(Cl)ccc3c(=O)c2c1=O,CC(c1cc2ccccc2o1)n1[nH]c(=O)c2[nH]c3cc(Cl)ccc3c(=O)c2c1=O,O=c1[nH]n(Cc2cc3ccccc3o2)c(=O)c2c(=O)c3ccccc3[nH]c12,CHEMBL226804,2.1,Lipophilicity,1,test
COc1cccc(COCC(O)CN2CCC(C(N)=O)CC2)c1,COc1cccc(COCC(O)CN2CCC(C(N)=O)CC2)c1,c1ccc(COCCCN2CCCCC2)cc1,CHEMBL1374798,-0.5,Lipophilicity,1,test
CC(NC(=O)C1(N)CCN(c2ncnc3[nH]ccc23)CC1)c1cccnc1,CC(NC(=O)C1(N)CCN(c2ncnc3[nH]ccc23)CC1)c1cccnc1,O=C(NCc1cccnc1)C1CCN(c2ncnc3[nH]ccc23)CC1,CHEMBL2325988,1.2,Lipophilicity,1,test
Cc1cccc(NS(=O)(=O)c2cccc3nonc23)c1,Cc1cccc(NS(=O)(=O)c2cccc3nonc23)c1,O=S(=O)(Nc1ccccc1)c1cccc2nonc12,CHEMBL1401353,3.0,Lipophilicity,1,test
CCC(COC(=O)c1cc(OC)c(OC)c(OC)c1)(c1ccccc1)N(C)C,CCC(COC(=O)c1cc(OC)c(OC)c(OC)c1)(c1ccccc1)N(C)C,O=C(OCCc1ccccc1)c1ccccc1,CHEMBL190044,3.77,Lipophilicity,1,test
COc1cc2c(N3CCN(C(=O)Nc4ccc(OC(C)C)cc4)CC3)ncnc2cc1OCCCN1CCCCC1,COc1cc2c(N3CCN(C(=O)Nc4ccc(OC(C)C)cc4)CC3)ncnc2cc1OCCCN1CCCCC1,O=C(Nc1ccccc1)N1CCN(c2ncnc3cc(OCCCN4CCCCC4)ccc23)CC1,CHEMBL124660,2.6,Lipophilicity,1,test
O=C1CCOc2nc(/C=C/c3ccccc3)ccc21,O=C1CCOc2nc(C=Cc3ccccc3)ccc21,O=C1CCOc2nc(C=Cc3ccccc3)ccc21,CHEMBL1682824,3.2,Lipophilicity,1,test
COc1ccc(Cc2c(N)n[nH]c2N)cc1,COc1ccc(Cc2c(N)n[nH]c2N)cc1,c1ccc(Cc2cn[nH]c2)cc1,CHEMBL284275,0.2,Lipophilicity,1,test
COc1ccc2ncc(F)c(CCN3CCC(NCc4ccc5c(n4)NC(=O)CO5)CC3)c2n1,COc1ccc2ncc(F)c(CCN3CCC(NCc4ccc5c(n4)NC(=O)CO5)CC3)c2n1,O=C1COc2ccc(CNC3CCN(CCc4ccnc5cccnc45)CC3)nc2N1,CHEMBL1916533,1.78,Lipophilicity,1,test
COc1cc2c(cc1-c1c(C)noc1C)ncc1[nH]c(=O)n([C@H](C)c3ccccn3)c12,COc1cc2c(cc1-c1c(C)noc1C)ncc1[nH]c(=O)n(C(C)c3ccccn3)c12,O=c1[nH]c2cnc3cc(-c4cnoc4)ccc3c2n1Cc1ccccn1,CHEMBL2017291,3.15,Lipophilicity,1,test
Cc1cc(C)c2c(n1)sc1c(N3CCN(C)CC3)ncnc12,Cc1cc(C)c2c(n1)sc1c(N3CCN(C)CC3)ncnc12,c1cnc2sc3c(N4CCNCC4)ncnc3c2c1,CHEMBL1559730,3.2,Lipophilicity,1,test
Nc1nccc(-n2ccc3ccccc32)n1,Nc1nccc(-n2ccc3ccccc32)n1,c1ccc2c(c1)ccn2-c1ccncn1,CHEMBL2348176,2.71,Lipophilicity,1,test
CC(O)(C(=O)Nc1ccc2c(c1)-c1ccccc1S2(=O)=O)C(F)(F)F,CC(O)(C(=O)Nc1ccc2c(c1)-c1ccccc1S2(=O)=O)C(F)(F)F,O=S1(=O)c2ccccc2-c2ccccc21,CHEMBL140642,3.0,Lipophilicity,1,test
N[C@H](CNC(=O)c1cc2c(-c3ccccc3Cc3ccccc3)cccc2[nH]1)C(=O)O,NC(CNC(=O)c1cc2c(-c3ccccc3Cc3ccccc3)cccc2[nH]1)C(=O)O,c1ccc(Cc2ccccc2-c2cccc3[nH]ccc23)cc1,CHEMBL1910654,3.25,Lipophilicity,1,test
COCCNC(=O)c1ccc(Nc2ncc3cc(-c4cccnc4)ccc3n2)cc1,COCCNC(=O)c1ccc(Nc2ncc3cc(-c4cccnc4)ccc3n2)cc1,c1ccc(Nc2ncc3cc(-c4cccnc4)ccc3n2)cc1,CHEMBL2335870,3.11,Lipophilicity,1,test
O=C(NCC1CCOCC1)c1nc(OS(=O)(=O)CCC(F)(F)F)ccc1NC(=O)c1ccc(Cn2ccnn2)c2ccccc12,O=C(NCC1CCOCC1)c1nc(OS(=O)(=O)CCC(F)(F)F)ccc1NC(=O)c1ccc(Cn2ccnn2)c2ccccc12,O=C(NCC1CCOCC1)c1ncccc1NC(=O)c1ccc(Cn2ccnn2)c2ccccc12,CHEMBL2316381,4.2,Lipophilicity,1,test
COc1ccc2ncc(=O)n(CCN3CCC(NCc4cc5c(cn4)OCCO5)CC3)c2n1,COc1ccc2ncc(=O)n(CCN3CCC(NCc4cc5c(cn4)OCCO5)CC3)c2n1,O=c1cnc2cccnc2n1CCN1CCC(NCc2cc3c(cn2)OCCO3)CC1,CHEMBL1914480,0.83,Lipophilicity,1,test
CNCc1ccc(-c2[nH]c3cc(F)cc4c3c2CCNC4=O)cc1,CNCc1ccc(-c2[nH]c3cc(F)cc4c3c2CCNC4=O)cc1,O=C1NCCc2c(-c3ccccc3)[nH]c3cccc1c23,CHEMBL1173055,1.17,Lipophilicity,1,test
CC(C)(O)c1ccc(Nc2nc3ccc(C#N)cc3[nH]2)cc1,CC(C)(O)c1ccc(Nc2nc3ccc(C#N)cc3[nH]2)cc1,c1ccc(Nc2nc3ccccc3[nH]2)cc1,CHEMBL2071614,2.73,Lipophilicity,1,test
CCC(=O)N[C@H]1CC[C@@H](C(=O)N(C)c2ccc(-c3nc4ccccc4o3)cc2)C1,CCC(=O)NC1CCC(C(=O)N(C)c2ccc(-c3nc4ccccc4o3)cc2)C1,O=C(Nc1ccc(-c2nc3ccccc3o2)cc1)C1CCCC1,CHEMBL1834184,3.4,Lipophilicity,1,test
FC(F)(F)c1nnc2ccc(-n3ccnc3)nn12,FC(F)(F)c1nnc2ccc(-n3ccnc3)nn12,c1cn(-c2ccc3nncn3n2)cn1,CHEMBL1480954,0.91,Lipophilicity,1,test
Cn1cnc2cc(OC(=O)c3ccccc3)cnc21,Cn1cnc2cc(OC(=O)c3ccccc3)cnc21,O=C(Oc1cnc2[nH]cnc2c1)c1ccccc1,CHEMBL1682808,2.4,Lipophilicity,1,test
COc1ccc(OC)c(-c2c(F)ccc3c(N)c(C(=O)NC4CC4)nnc23)c1,COc1ccc(OC)c(-c2c(F)ccc3c(N)c(C(=O)NC4CC4)nnc23)c1,O=C(NC1CC1)c1cc2cccc(-c3ccccc3)c2nn1,CHEMBL1783271,3.47,Lipophilicity,1,test
O=C(COCc1ccccn1)N1CCN(c2ccc(Cl)cc2Cl)CC1,O=C(COCc1ccccn1)N1CCN(c2ccc(Cl)cc2Cl)CC1,O=C(COCc1ccccn1)N1CCN(c2ccccc2)CC1,CHEMBL1290108,3.47,Lipophilicity,1,test
Nc1nc2cc3c(cc2s1)CCN(Cc1cnc[nH]1)CC3,Nc1nc2cc3c(cc2s1)CCN(Cc1cnc[nH]1)CC3,c1ncc(CN2CCc3cc4ncsc4cc3CC2)[nH]1,CHEMBL2326470,-0.12,Lipophilicity,1,test
Cc1cc2n[nH]c(=O)n2c2cc(-c3ccncc3)ccc12,Cc1cc2n[nH]c(=O)n2c2cc(-c3ccncc3)ccc12,O=c1[nH]nc2ccc3ccc(-c4ccncc4)cc3n12,CHEMBL1223458,2.29,Lipophilicity,1,test
Cc1nc(-c2ccc(CN3CCC(N(C)C(=O)Cc4ccc(-n5cnnn5)cc4)CC3)cc2)no1,Cc1nc(-c2ccc(CN3CCC(N(C)C(=O)Cc4ccc(-n5cnnn5)cc4)CC3)cc2)no1,O=C(Cc1ccc(-n2cnnn2)cc1)NC1CCN(Cc2ccc(-c3ncon3)cc2)CC1,CHEMBL2010841,2.1,Lipophilicity,1,test
CSc1ncccc1C(=O)NCC1CCCCC1,CSc1ncccc1C(=O)NCC1CCCCC1,O=C(NCC1CCCCC1)c1cccnc1,CHEMBL1479580,2.93,Lipophilicity,1,test
Cn1cncc1-c1c2c(=O)n(C3CC3)c(=O)n(CC3CC3)c2nn1Cc1ccnc2ccc(Cl)cc12,Cn1cncc1-c1c2c(=O)n(C3CC3)c(=O)n(CC3CC3)c2nn1Cc1ccnc2ccc(Cl)cc12,O=c1c2c(-c3cnc[nH]3)n(Cc3ccnc4ccccc34)nc2n(CC2CC2)c(=O)n1C1CC1,CHEMBL2087851,3.53,Lipophilicity,1,test
C[C@H]1O[C@@H](n2cnc3c(N)nc(OCC4CCC(F)(F)CC4)nc32)[C@H](O)[C@@H]1O,CC1OC(n2cnc3c(N)nc(OCC4CCC(F)(F)CC4)nc32)C(O)C1O,c1nc(OCC2CCCCC2)nc2c1ncn2C1CCCO1,CHEMBL1933596,1.72,Lipophilicity,1,test
CN1CCN(c2nc3ccccc3cc2Cn2nc(-c3ccc4nc(N)sc4c3)c3c(N)ncnc32)CC1,CN1CCN(c2nc3ccccc3cc2Cn2nc(-c3ccc4nc(N)sc4c3)c3c(N)ncnc32)CC1,c1ccc2nc(N3CCNCC3)c(Cn3nc(-c4ccc5ncsc5c4)c4cncnc43)cc2c1,CHEMBL1213118,3.09,Lipophilicity,1,test
CCCCC(CC)CNC(=O)c1cc(-n2ncc(=O)[nH]c2=O)ccc1Cl,CCCCC(CC)CNC(=O)c1cc(-n2ncc(=O)[nH]c2=O)ccc1Cl,O=c1cnn(-c2ccccc2)c(=O)[nH]1,CHEMBL559078,2.41,Lipophilicity,1,test
CCC(CC)NC(=O)c1cn(-c2ccccc2)nc1NS(=O)(=O)c1ccc(C)cc1,CCC(CC)NC(=O)c1cn(-c2ccccc2)nc1NS(=O)(=O)c1ccc(C)cc1,O=S(=O)(Nc1ccn(-c2ccccc2)n1)c1ccccc1,CHEMBL1916263,2.51,Lipophilicity,1,test
Cc1nc(-c2ccccn2)nc(N2CCCC2)c1Cl,Cc1nc(-c2ccccn2)nc(N2CCCC2)c1Cl,c1ccc(-c2nccc(N3CCCC3)n2)nc1,CHEMBL474102,3.2,Lipophilicity,1,test
O=C(NCCCNc1nc(Nc2cccc(NC(=O)N3CCCC3)c2)ncc1Br)c1cccs1,O=C(NCCCNc1nc(Nc2cccc(NC(=O)N3CCCC3)c2)ncc1Br)c1cccs1,O=C(NCCCNc1ccnc(Nc2cccc(NC(=O)N3CCCC3)c2)n1)c1cccs1,CHEMBL2207217,4.13,Lipophilicity,1,test
O=c1[nH]c2c(O)ccc([C@@H](O)CNCCCSCCOCCc3ccccc3)c2s1,O=c1[nH]c2c(O)ccc(C(O)CNCCCSCCOCCc3ccccc3)c2s1,O=c1[nH]c2cccc(CCNCCCSCCOCCc3ccccc3)c2s1,CHEMBL1807818,2.3,Lipophilicity,1,test
Cc1ccc(CO)cc1N(C)c1ccnc(Nc2cc(CN3CCOCC3)cc(N3CCOCC3)c2)n1,Cc1ccc(CO)cc1N(C)c1ccnc(Nc2cc(CN3CCOCC3)cc(N3CCOCC3)c2)n1,c1ccc(Nc2ccnc(Nc3cc(CN4CCOCC4)cc(N4CCOCC4)c3)n2)cc1,CHEMBL1762541,3.0,Lipophilicity,1,test
OB1c2ccccc2N=C(S)N1c1cccnc1,OB1c2ccccc2N=C(S)N1c1cccnc1,B1c2ccccc2N=CN1c1cccnc1,CHEMBL435859,-0.62,Lipophilicity,1,test
COc1ccc2nc(C)cc(-n3cc(CNC(C)=O)nn3)c2c1,COc1ccc2nc(C)cc(-n3cc(CNC(C)=O)nn3)c2c1,c1ccc2c(-n3ccnn3)ccnc2c1,CHEMBL1783112,1.6,Lipophilicity,1,test
Clc1ccc2ncc(-c3cccc(NC4CNC4)n3)n2c1,Clc1ccc2ncc(-c3cccc(NC4CNC4)n3)n2c1,c1cc(NC2CNC2)nc(-c2cnc3ccccn23)c1,CHEMBL256963,1.19,Lipophilicity,1,test
CNC(=O)c1snnc1-c1ccccc1,CNC(=O)c1snnc1-c1ccccc1,c1ccc(-c2csnn2)cc1,CHEMBL1598315,1.23,Lipophilicity,1,test
COC(=O)N1CCN(c2ccnc(-n3ccnc3)n2)C(CC(=O)NCc2ccc3c(c2)OCO3)C1,COC(=O)N1CCN(c2ccnc(-n3ccnc3)n2)C(CC(=O)NCc2ccc3c(c2)OCO3)C1,O=C(CC1CNCCN1c1ccnc(-n2ccnc2)n1)NCc1ccc2c(c1)OCO2,CHEMBL290548,1.88,Lipophilicity,1,test
CN1CCN(CCCOc2ccc(-c3cc(-c4ccc(F)cc4)no3)cc2)CC1,CN1CCN(CCCOc2ccc(-c3cc(-c4ccc(F)cc4)no3)cc2)CC1,c1ccc(-c2cc(-c3ccc(OCCCN4CCNCC4)cc3)on2)cc1,CHEMBL183425,3.81,Lipophilicity,1,test
c1ccc2[nH]c(CCc3nc4ccccc4[nH]3)nc2c1,c1ccc2[nH]c(CCc3nc4ccccc4[nH]3)nc2c1,c1ccc2[nH]c(CCc3nc4ccccc4[nH]3)nc2c1,CHEMBL48966,3.3,Lipophilicity,1,test
CN[C@@H](C)C(=O)N[C@H](C(=O)N[C@H]1CCCN(C(=O)c2ccccc2)C1)C1CCCCC1,CNC(C)C(=O)NC(C(=O)NC1CCCN(C(=O)c2ccccc2)C1)C1CCCCC1,O=C(CC1CCCCC1)NC1CCCN(C(=O)c2ccccc2)C1,CHEMBL1950729,0.87,Lipophilicity,1,test
CC(C)C(NC(=O)Cn1c(-c2ccccc2)ccc(NC(=O)NCc2cccnc2)c1=O)C(=O)C(F)(F)F,CC(C)C(NC(=O)Cn1c(-c2ccccc2)ccc(NC(=O)NCc2cccnc2)c1=O)C(=O)C(F)(F)F,O=C(NCc1cccnc1)Nc1ccc(-c2ccccc2)[nH]c1=O,CHEMBL324983,2.84,Lipophilicity,1,test
O=C(CSc1ccccc1)N1CCN(c2ccccc2)CC1,O=C(CSc1ccccc1)N1CCN(c2ccccc2)CC1,O=C(CSc1ccccc1)N1CCN(c2ccccc2)CC1,CHEMBL1500992,3.2,Lipophilicity,1,test
Cc1ccc(CO)cc1N(C)c1ccnc(Nc2cc(N3CCOCC3)nc(N3CCOCC3)c2)n1,Cc1ccc(CO)cc1N(C)c1ccnc(Nc2cc(N3CCOCC3)nc(N3CCOCC3)c2)n1,c1ccc(Nc2ccnc(Nc3cc(N4CCOCC4)nc(N4CCOCC4)c3)n2)cc1,CHEMBL1762550,3.44,Lipophilicity,1,test
NC(=O)c1cccc(N[C@H]2C[C@H]3CC[C@@H](C2)N3Cc2ccccc2)c1,NC(=O)c1cccc(NC2CC3CCC(C2)N3Cc2ccccc2)c1,c1ccc(CN2C3CCC2CC(Nc2ccccc2)C3)cc1,CHEMBL1224065,1.01,Lipophilicity,1,test
O=C(Nc1cc(-c2ccncc2)c[nH]c1=O)[C@H](Cc1ccccc1)NC1(c2ccccn2)CC1,O=C(Nc1cc(-c2ccncc2)c[nH]c1=O)C(Cc1ccccc1)NC1(c2ccccn2)CC1,O=C(Nc1cc(-c2ccncc2)c[nH]c1=O)C(Cc1ccccc1)NC1(c2ccccn2)CC1,CHEMBL2164850,3.44,Lipophilicity,1,test
Cc1nc(C)c(-c2ccc3c(c2)CC[C@]32CC[C@@H](c3nnn[nH]3)CC2)nc1C(N)=O,Cc1nc(C)c(-c2ccc3c(c2)CCC32CCC(c3nnn[nH]3)CC2)nc1C(N)=O,c1cnc(-c2ccc3c(c2)CCC32CCC(c3nnn[nH]3)CC2)cn1,CHEMBL2178370,1.4,Lipophilicity,1,test
CN(C(=O)Cc1ccc(-n2cnnn2)cc1)C1CCN(Cc2nc3c(s2)CCCC3)CC1,CN(C(=O)Cc1ccc(-n2cnnn2)cc1)C1CCN(Cc2nc3c(s2)CCCC3)CC1,O=C(Cc1ccc(-n2cnnn2)cc1)NC1CCN(Cc2nc3c(s2)CCCC3)CC1,CHEMBL2010843,2.5,Lipophilicity,1,test
CN[C@@H](C)C(=O)N[C@H](C(=O)N[C@H]1CCN(CCCc2ccccc2)C1)C1CCCCC1,CNC(C)C(=O)NC(C(=O)NC1CCN(CCCc2ccccc2)C1)C1CCCCC1,O=C(CC1CCCCC1)NC1CCN(CCCc2ccccc2)C1,CHEMBL1950723,1.9,Lipophilicity,1,test
CN[C@@H](C)C(=O)N[C@H](C(=O)N[C@H]1C[C@@H]2CC[C@H]1N(CCc1ccccc1)C2)C1CCCCC1,CNC(C)C(=O)NC(C(=O)NC1CC2CCC1N(CCc1ccccc1)C2)C1CCCCC1,O=C(CC1CCCCC1)NC1CC2CCC1N(CCc1ccccc1)C2,CHEMBL1950864,1.64,Lipophilicity,1,test
Cc1ccc(C(=O)Nc2ccon2)cc1NC(=O)c1cnn(-c2ccccc2F)c1N,Cc1ccc(C(=O)Nc2ccon2)cc1NC(=O)c1cnn(-c2ccccc2F)c1N,O=C(Nc1cccc(C(=O)Nc2ccon2)c1)c1cnn(-c2ccccc2)c1,CHEMBL1290746,2.6,Lipophilicity,1,test
COc1ccc2c(C)cc(N[C@H]3CC[C@H](NCc4cn(C)c5ccccc45)C3)nc2c1,COc1ccc2c(C)cc(NC3CCC(NCc4cn(C)c5ccccc45)C3)nc2c1,c1ccc2nc(NC3CCC(NCc4c[nH]c5ccccc45)C3)ccc2c1,CHEMBL251290,2.53,Lipophilicity,1,test
CN[C@@H](C)C(=O)N[C@H](C(=O)N[C@H]1CCN(C(=O)c2ccccc2)C1)C1CCCCC1,CNC(C)C(=O)NC(C(=O)NC1CCN(C(=O)c2ccccc2)C1)C1CCCCC1,O=C(CC1CCCCC1)NC1CCN(C(=O)c2ccccc2)C1,CHEMBL1950724,0.82,Lipophilicity,1,test
COC[C@@H](c1ccc(C(F)(F)F)cc1)N1CCN(C2(C)CCN(C(=O)c3c(C)ncnc3C)CC2)C[C@@H]1C,COCC(c1ccc(C(F)(F)F)cc1)N1CCN(C2(C)CCN(C(=O)c3c(C)ncnc3C)CC2)CC1C,O=C(c1cncnc1)N1CCC(N2CCN(Cc3ccccc3)CC2)CC1,CHEMBL82301,2.7,Lipophilicity,1,test
CCCC1CCCCC(N)=N1,CCCC1CCCCC(N)=N1,C1=NCCCCC1,CHEMBL1194759,1.1,Lipophilicity,1,test
O=C(c1scc2c1CCCC2)N1CCCCC1,O=C(c1scc2c1CCCC2)N1CCCCC1,O=C(c1scc2c1CCCC2)N1CCCCC1,CHEMBL1346348,3.16,Lipophilicity,1,test
Cc1ccc(NC(=O)c2ccnc(N3CCOCC3)c2)cc1Nc1ccnc(OCC2CCCN(C)C2)n1,Cc1ccc(NC(=O)c2ccnc(N3CCOCC3)c2)cc1Nc1ccnc(OCC2CCCN(C)C2)n1,O=C(Nc1cccc(Nc2ccnc(OCC3CCCNC3)n2)c1)c1ccnc(N2CCOCC2)c1,CHEMBL365614,1.9,Lipophilicity,1,test
CN(C)C(=O)C(CCN1CCC(O)(c2ccc(Cl)cc2)CC1)(c1ccccc1)c1ccccc1,CN(C)C(=O)C(CCN1CCC(O)(c2ccc(Cl)cc2)CC1)(c1ccccc1)c1ccccc1,c1ccc(C2CCN(CCC(c3ccccc3)c3ccccc3)CC2)cc1,CHEMBL841,3.47,Lipophilicity,1,test
NS(=O)(=O)c1cc(C(=O)O)cc(N2CCCC2)c1Oc1ccccc1,NS(=O)(=O)c1cc(C(=O)O)cc(N2CCCC2)c1Oc1ccccc1,c1ccc(Oc2ccccc2N2CCCC2)cc1,CHEMBL349803,-0.94,Lipophilicity,1,test
O=c1[nH][nH]c(=O)c2c1[nH]c1cc(Cl)cc(Cl)c12,O=c1[nH][nH]c(=O)c2c1[nH]c1cc(Cl)cc(Cl)c12,O=c1[nH][nH]c(=O)c2c1[nH]c1ccccc12,CHEMBL334492,1.02,Lipophilicity,1,test
CC(C)c1ncc(NC(=O)OCc2ccccc2)c(=O)n1CC(=O)NC(C(=O)C(F)(F)F)C(C)C,CC(C)c1ncc(NC(=O)OCc2ccccc2)c(=O)n1CC(=O)NC(C(=O)C(F)(F)F)C(C)C,O=C(Nc1cnc[nH]c1=O)OCc1ccccc1,CHEMBL11334,2.63,Lipophilicity,1,test
CN(C)c1nc(Cc2ccc(NC(=O)c3ccc(C(F)(F)F)cc3)cc2)nc(N(C)C)c1CC(=O)O,CN(C)c1nc(Cc2ccc(NC(=O)c3ccc(C(F)(F)F)cc3)cc2)nc(N(C)C)c1CC(=O)O,O=C(Nc1ccc(Cc2ncccn2)cc1)c1ccccc1,CHEMBL551813,1.46,Lipophilicity,1,test
COc1ccc2c3c1OC1C(O)C=CC4C(C2)N(C)CCC341,COc1ccc2c3c1OC1C(O)C=CC4C(C2)N(C)CCC341,C1=CC2C3Cc4cccc5c4C2(CCN3)C(C1)O5,CHEMBL612012,0.8,Lipophilicity,1,test
Nc1c2c(nc3c(-c4ncccn4)cccc13)CN(C1CCC1)C2=O,Nc1c2c(nc3c(-c4ncccn4)cccc13)CN(C1CCC1)C2=O,O=C1c2cc3cccc(-c4ncccn4)c3nc2CN1C1CCC1,CHEMBL1631466,1.85,Lipophilicity,1,test
Cc1nnc(C)c2cc(N3CCN(C(=O)[C@@H]4CCCC[C@H]4C(=O)NC4(C#N)CC4)[C@H](C)C3)ccc12,Cc1nnc(C)c2cc(N3CCN(C(=O)C4CCCCC4C(=O)NC4(C#N)CC4)C(C)C3)ccc12,O=C(NC1CC1)C1CCCCC1C(=O)N1CCN(c2ccc3cnncc3c2)CC1,CHEMBL2172001,1.93,Lipophilicity,1,test
Cc1c(Cl)cccc1S(=O)(=O)Nc1nc(CC(=O)N2CCN(C)CC2)cs1,Cc1c(Cl)cccc1S(=O)(=O)Nc1nc(CC(=O)N2CCN(C)CC2)cs1,O=C(Cc1csc(NS(=O)(=O)c2ccccc2)n1)N1CCNCC1,CHEMBL463978,0.57,Lipophilicity,1,test
COc1cc2ncnc(Nc3cc(NC(=O)c4ccnc(N5CCOCC5)c4)ccc3C)c2cc1OCCN1CCCC1,COc1cc2ncnc(Nc3cc(NC(=O)c4ccnc(N5CCOCC5)c4)ccc3C)c2cc1OCCN1CCCC1,O=C(Nc1cccc(Nc2ncnc3ccc(OCCN4CCCC4)cc23)c1)c1ccnc(N2CCOCC2)c1,CHEMBL184659,2.7,Lipophilicity,1,test
CNC1=Nc2ncccc2C(c2ncco2)=NC1c1cccs1,CNC1=Nc2ncccc2C(c2ncco2)=NC1c1cccs1,C1=Nc2ncccc2C(c2ncco2)=NC1c1cccs1,CHEMBL475386,1.14,Lipophilicity,1,test
Cc1ccc(NC(=O)c2ccoc2)cc1-n1cnc2ccc(N3CCN(C)CC3)cc2c1=O,Cc1ccc(NC(=O)c2ccoc2)cc1-n1cnc2ccc(N3CCN(C)CC3)cc2c1=O,O=C(Nc1cccc(-n2cnc3ccc(N4CCNCC4)cc3c2=O)c1)c1ccoc1,CHEMBL2031238,2.43,Lipophilicity,1,test
CCCCc1ncc(/C=C(\Cc2cccs2)C(=O)O)n1Cc1ccc(C(=O)O)cc1,CCCCc1ncc(C=C(Cc2cccs2)C(=O)O)n1Cc1ccc(C(=O)O)cc1,C(=Cc1cncn1Cc1ccccc1)Cc1cccs1,CHEMBL813,-0.9,Lipophilicity,1,test
COc1ccc(CNC(=O)CSc2nc3cccnc3s2)cc1,COc1ccc(CNC(=O)CSc2nc3cccnc3s2)cc1,O=C(CSc1nc2cccnc2s1)NCc1ccccc1,CHEMBL1575409,2.5,Lipophilicity,1,test
Cc1sc2ncnc(SCC(=O)N3CCN(C(=O)c4ccco4)CC3)c2c1C,Cc1sc2ncnc(SCC(=O)N3CCN(C(=O)c4ccco4)CC3)c2c1C,O=C(CSc1ncnc2sccc12)N1CCN(C(=O)c2ccco2)CC1,CHEMBL1458025,2.7,Lipophilicity,1,test
O=C(CCCN1CCC(O)(c2ccc(Cl)cc2)CC1)c1ccc(F)cc1,O=C(CCCN1CCC(O)(c2ccc(Cl)cc2)CC1)c1ccc(F)cc1,O=C(CCCN1CCC(c2ccccc2)CC1)c1ccccc1,CHEMBL54,2.67,Lipophilicity,1,test
Cc1ccsc1C(=CCCN1CCC[C@@H](C(=O)O)C1)c1sccc1C,Cc1ccsc1C(=CCCN1CCCC(C(=O)O)C1)c1sccc1C,C(CCN1CCCCC1)=C(c1cccs1)c1cccs1,CHEMBL1027,1.49,Lipophilicity,1,test
O=C(NC[C@@H](O)CN1CCC(Oc2ccc(Cl)c(Cl)c2)CC1)c1cnnc2ccccc12,O=C(NCC(O)CN1CCC(Oc2ccc(Cl)c(Cl)c2)CC1)c1cnnc2ccccc12,O=C(NCCCN1CCC(Oc2ccccc2)CC1)c1cnnc2ccccc12,CHEMBL2208435,3.28,Lipophilicity,1,test
OCC[C@@]1(c2ccc(Cl)c(Cl)c2)CCCNC1,OCCC1(c2ccc(Cl)c(Cl)c2)CCCNC1,c1ccc(C2CCCNC2)cc1,CHEMBL2321992,0.615,Lipophilicity,2,test
Cc1nc(Cl)c(Cl)n1Cc1sc2c(c1C(=O)N1CC[C@@H](O)C1)c(=O)n(C)c(=O)n2CC(C)C,Cc1nc(Cl)c(Cl)n1Cc1sc2c(c1C(=O)N1CCC(O)C1)c(=O)n(C)c(=O)n2CC(C)C,O=C(c1c(Cn2ccnc2)sc2[nH]c(=O)[nH]c(=O)c12)N1CCCC1,CHEMBL205245,1.61,Lipophilicity,1,test
N#Cc1ccc(NC(=O)Nc2ccccc2Br)c2nn[nH]c12,N#Cc1ccc(NC(=O)Nc2ccccc2Br)c2nn[nH]c12,O=C(Nc1ccccc1)Nc1cccc2[nH]nnc12,CHEMBL38182,1.64,Lipophilicity,1,test
C[C@H](Nc1ccc2ncn(-c3cc(C4CC4)[nH]n3)c2n1)c1ncc(F)cn1,CC(Nc1ccc2ncn(-c3cc(C4CC4)[nH]n3)c2n1)c1ncc(F)cn1,c1cnc(CNc2ccc3ncn(-c4cc(C5CC5)[nH]n4)c3n2)nc1,CHEMBL2151319,2.74,Lipophilicity,1,test
N#Cc1cnn(-c2ccccc2)c1NC(=O)CN1CCOCC1,N#Cc1cnn(-c2ccccc2)c1NC(=O)CN1CCOCC1,O=C(CN1CCOCC1)Nc1ccnn1-c1ccccc1,CHEMBL1736763,0.5,Lipophilicity,1,test
CC#Cc1ccnc(-c2cccc([C@@]3(c4cc(C)c(=O)n(CC)c4)N=C(N)c4c(F)cccc43)c2)c1,CC#Cc1ccnc(-c2cccc(C3(c4cc(C)c(=O)n(CC)c4)N=C(N)c4c(F)cccc43)c2)c1,O=c1ccc(C2(c3cccc(-c4ccccn4)c3)N=Cc3ccccc32)c[nH]1,CHEMBL2152906,4.4,Lipophilicity,1,test
Cc1nn(C)c2cc(N3CCN(C(=O)[C@@H]4CCCC[C@H]4C(=O)NC4(C#N)CC4)[C@H](C)C3)ccc12,Cc1nn(C)c2cc(N3CCN(C(=O)C4CCCCC4C(=O)NC4(C#N)CC4)C(C)C3)ccc12,O=C(NC1CC1)C1CCCCC1C(=O)N1CCN(c2ccc3cn[nH]c3c2)CC1,CHEMBL2172000,2.7,Lipophilicity,1,test
C[C@@H]1CN[C@@H](C2CC2)C(=O)N(C)[C@H](C)C(=O)N[C@H](Cc2ccc(F)cc2)C(=O)NCCCc2ccccc2O1,CC1CNC(C2CC2)C(=O)N(C)C(C)C(=O)NC(Cc2ccc(F)cc2)C(=O)NCCCc2ccccc2O1,O=C1CNC(=O)C(C2CC2)NCCOc2ccccc2CCCNC(=O)C(Cc2ccccc2)N1,CHEMBL1963249,3.3,Lipophilicity,1,test
O=C1/C(=N\O)c2ccccc2N1Cc1ccccc1[N+](=O)[O-],O=C1C(=NO)c2ccccc2N1Cc1ccccc1[N+](=O)[O-],N=C1C(=O)N(Cc2ccccc2)c2ccccc21,CHEMBL563545,2.07,Lipophilicity,1,test
Cc1cnc(Nc2ccc(N3CCN(C)CC3)cc2)nc1Nc1cccc(S(=O)(=O)NC(C)(C)C)c1,Cc1cnc(Nc2ccc(N3CCN(C)CC3)cc2)nc1Nc1cccc(S(=O)(=O)NC(C)(C)C)c1,c1ccc(Nc2ccnc(Nc3ccc(N4CCNCC4)cc3)n2)cc1,CHEMBL1995703,2.84,Lipophilicity,1,test
COc1cc2c(Nc3ccc(Cl)cc3F)ncnc2cc1OCCCN1CCOCC1,COc1cc2c(Nc3ccc(Cl)cc3F)ncnc2cc1OCCCN1CCOCC1,c1ccc(Nc2ncnc3cc(OCCCN4CCOCC4)ccc23)cc1,CHEMBL24137,3.4,Lipophilicity,1,test
O=C(O)c1ccc(-c2ccc(Cl)c(C(=O)NCC34CC5CC(CC(C5)C3)C4)c2)cc1,O=C(O)c1ccc(-c2ccc(Cl)c(C(=O)NCC34CC5CC(CC(C5)C3)C4)c2)cc1,O=C(NCC12CC3CC(CC(C3)C1)C2)c1cccc(-c2ccccc2)c1,CHEMBL564607,2.48,Lipophilicity,1,test
Nc1n[nH]c2nnc(-c3ccccc3)c(-c3ccccc3)c12,Nc1n[nH]c2nnc(-c3ccccc3)c(-c3ccccc3)c12,c1ccc(-c2nnc3[nH]ncc3c2-c2ccccc2)cc1,CHEMBL260135,2.6,Lipophilicity,1,test
Cc1ccccc1-c1c(C(=O)O)n(CCCOc2cccc3ccccc23)c2ccccc12,Cc1ccccc1-c1c(C(=O)O)n(CCCOc2cccc3ccccc23)c2ccccc12,c1ccc(-c2cn(CCCOc3cccc4ccccc34)c3ccccc23)cc1,CHEMBL1987793,3.89,Lipophilicity,1,test
C[C@H](CO)Nc1nc(SCc2cccc(F)c2F)nc2[nH]c(=O)c(=O)[nH]c12,CC(CO)Nc1nc(SCc2cccc(F)c2F)nc2[nH]c(=O)c(=O)[nH]c12,O=c1[nH]c2cnc(SCc3ccccc3)nc2[nH]c1=O,CHEMBL403877,2.48,Lipophilicity,1,test
Cc1c2c(=O)n(-c3ccccc3Cl)[nH]c2cc(=O)n1Cc1ccccn1,Cc1c2c(=O)n(-c3ccccc3Cl)[nH]c2cc(=O)n1Cc1ccccn1,O=c1cc2[nH]n(-c3ccccc3)c(=O)c2cn1Cc1ccccn1,CHEMBL1276946,0.2,Lipophilicity,1,test
O=C(Nc1ccccc1-c1ccccc1)OC1CCN(CCCCCCCCCNC[C@H](O)c2ccc(O)c3[nH]c(=O)ccc23)CC1,O=C(Nc1ccccc1-c1ccccc1)OC1CCN(CCCCCCCCCNCC(O)c2ccc(O)c3[nH]c(=O)ccc23)CC1,O=C(Nc1ccccc1-c1ccccc1)OC1CCN(CCCCCCCCCNCCc2cccc3[nH]c(=O)ccc23)CC1,CHEMBL1683934,2.16,Lipophilicity,1,test
CCOc1cc(CC(=O)N[C@@H](CC(C)C)c2ccccc2N2CCCCC2)ccc1C(=O)O,CCOc1cc(CC(=O)NC(CC(C)C)c2ccccc2N2CCCCC2)ccc1C(=O)O,O=C(Cc1ccccc1)NCc1ccccc1N1CCCCC1,CHEMBL1272,2.31,Lipophilicity,1,test
COc1ccc2c(C)cc(N[C@H]3CCC[C@H](NCc4cccc(OC(F)(F)F)c4)C3)nc2c1,COc1ccc2c(C)cc(NC3CCCC(NCc4cccc(OC(F)(F)F)c4)C3)nc2c1,c1ccc(CNC2CCCC(Nc3ccc4ccccc4n3)C2)cc1,CHEMBL250124,3.61,Lipophilicity,1,test
Nc1ncnc2nc(-c3ccc(N4CCOCC4)nc3)cc(-c3cccc(Br)c3)c12,Nc1ncnc2nc(-c3ccc(N4CCOCC4)nc3)cc(-c3cccc(Br)c3)c12,c1ccc(-c2cc(-c3ccc(N4CCOCC4)nc3)nc3ncncc23)cc1,CHEMBL66089,3.2,Lipophilicity,1,test
CNc1nc2ccccc2n1Cc1sc2c(c1C(=O)N1C[C@H](O)CO1)c(=O)n(C)c(=O)n2CC(C)C,CNc1nc2ccccc2n1Cc1sc2c(c1C(=O)N1CC(O)CO1)c(=O)n(C)c(=O)n2CC(C)C,O=C(c1c(Cn2cnc3ccccc32)sc2[nH]c(=O)[nH]c(=O)c12)N1CCCO1,CHEMBL218628,1.77,Lipophilicity,1,test
O=C(Nc1ccc(N2CCOCC2)cn1)c1nnc(Nc2ccccc2F)o1,O=C(Nc1ccc(N2CCOCC2)cn1)c1nnc(Nc2ccccc2F)o1,O=C(Nc1ccc(N2CCOCC2)cn1)c1nnc(Nc2ccccc2)o1,CHEMBL2036572,2.4,Lipophilicity,1,test
CC(C)N(C(=O)C(c1cccnc1)C(CNC(=O)NCc1ccccc1F)c1ccccc1)C(C)C,CC(C)N(C(=O)C(c1cccnc1)C(CNC(=O)NCc1ccccc1F)c1ccccc1)C(C)C,O=C(NCc1ccccc1)NCC(Cc1cccnc1)c1ccccc1,CHEMBL217620,4.2,Lipophilicity,1,test
CCC(c1nc2ncccc2c(=O)n1Cc1ccccc1)N(CCCN)C(=O)c1ccc(C)cc1,CCC(c1nc2ncccc2c(=O)n1Cc1ccccc1)N(CCCN)C(=O)c1ccc(C)cc1,O=C(NCc1nc2ncccc2c(=O)n1Cc1ccccc1)c1ccccc1,CHEMBL1829428,-0.04,Lipophilicity,1,test
O=S(=O)(Nc1nc(-c2sccc2Cl)cs1)c1cc(Cl)ccc1Cl,O=S(=O)(Nc1nc(-c2sccc2Cl)cs1)c1cc(Cl)ccc1Cl,O=S(=O)(Nc1nc(-c2cccs2)cs1)c1ccccc1,CHEMBL1580660,2.11,Lipophilicity,1,test
CCOC(=O)c1ccc(OCC2CN(c3ccc(C)nn3)C2)cc1,CCOC(=O)c1ccc(OCC2CN(c3ccc(C)nn3)C2)cc1,c1ccc(OCC2CN(c3cccnn3)C2)cc1,CHEMBL1835910,3.1,Lipophilicity,1,test
COc1ccc(C(CNC(=O)Nc2ccccc2)N2CCN(C)CC2)cc1,COc1ccc(C(CNC(=O)Nc2ccccc2)N2CCN(C)CC2)cc1,O=C(NCC(c1ccccc1)N1CCNCC1)Nc1ccccc1,CHEMBL1709618,1.5,Lipophilicity,1,test
O=C(CCc1ccccc1O)Nc1ccccc1,O=C(CCc1ccccc1O)Nc1ccccc1,O=C(CCc1ccccc1)Nc1ccccc1,CHEMBL1927707,2.71,Lipophilicity,1,test
CC(C)C(NC(=O)Cn1c(-c2ccccc2)ccc(NC(=O)NCc2ccncc2)c1=O)C(=O)C(F)(F)F,CC(C)C(NC(=O)Cn1c(-c2ccccc2)ccc(NC(=O)NCc2ccncc2)c1=O)C(=O)C(F)(F)F,O=C(NCc1ccncc1)Nc1ccc(-c2ccccc2)[nH]c1=O,CHEMBL278222,2.16,Lipophilicity,1,test
CN(C)c1nc(N(C)C)nc(N(C)C)n1,CN(C)c1nc(N(C)C)nc(N(C)C)n1,c1ncncn1,CHEMBL1455,2.44,Lipophilicity,1,test
COc1ccc(N(C(=O)c2ccccc2)C(C)C(=O)NC2CCCC2)c(OC)c1,COc1ccc(N(C(=O)c2ccccc2)C(C)C(=O)NC2CCCC2)c(OC)c1,O=C(CN(C(=O)c1ccccc1)c1ccccc1)NC1CCCC1,CHEMBL472258,3.02,Lipophilicity,1,test
CCCN1CCC(Oc2nccc(Nc3cc(NC(=O)c4cccc(N5CCOCC5)c4)ccc3C)n2)CC1,CCCN1CCC(Oc2nccc(Nc3cc(NC(=O)c4cccc(N5CCOCC5)c4)ccc3C)n2)CC1,O=C(Nc1cccc(Nc2ccnc(OC3CCNCC3)n2)c1)c1cccc(N2CCOCC2)c1,CHEMBL361431,2.6,Lipophilicity,1,test
Nc1ncnc2oc(-c3ccoc3)c(-c3ccco3)c12,Nc1ncnc2oc(-c3ccoc3)c(-c3ccco3)c12,c1coc(-c2c(-c3ccoc3)oc3ncncc23)c1,CHEMBL1511829,3.1,Lipophilicity,1,test
O=C(c1csc2c1CCCC2)N1CCCCC1,O=C(c1csc2c1CCCC2)N1CCCCC1,O=C(c1csc2c1CCCC2)N1CCCCC1,CHEMBL1526668,3.2,Lipophilicity,1,test
COc1ccc(/C=C2\SC(=S)NC2=O)cc1OC,COc1ccc(C=C2SC(=S)NC2=O)cc1OC,O=C1NC(=S)SC1=Cc1ccccc1,CHEMBL255130,1.42,Lipophilicity,1,test
CC(C)NC[C@@H](C(=O)N1CCN(c2ncnc3c2[C@H](C)C[C@H]3O)CC1)c1ccc(Cl)cc1,CC(C)NCC(C(=O)N1CCN(c2ncnc3c2C(C)CC3O)CC1)c1ccc(Cl)cc1,O=C(Cc1ccccc1)N1CCN(c2ncnc3c2CCC3)CC1,CHEMBL2177390,1.3,Lipophilicity,1,test
CNc1c(Br)cnc2[nH]c(-c3cnn(C4CCN(C)CC4)c3)nc12,CNc1c(Br)cnc2[nH]c(-c3cnn(C4CCN(C)CC4)c3)nc12,c1cnc2[nH]c(-c3cnn(C4CCNCC4)c3)nc2c1,CHEMBL2011920,2.5,Lipophilicity,1,test
CN1CCN(c2nc(NCCNc3ccc([N+](=O)[O-])cc3)c3ccccc3n2)CC1,CN1CCN(c2nc(NCCNc3ccc([N+](=O)[O-])cc3)c3ccccc3n2)CC1,c1ccc(NCCNc2nc(N3CCNCC3)nc3ccccc23)cc1,CHEMBL587004,2.91,Lipophilicity,1,test
CC(C)N=c1cc2n(-c3ccc(Cl)cc3)c3ccccc3nc-2cc1Nc1ccc(Cl)cc1,CC(C)N=c1cc2n(-c3ccc(Cl)cc3)c3ccccc3nc-2cc1Nc1ccc(Cl)cc1,N=c1cc2n(-c3ccccc3)c3ccccc3nc-2cc1Nc1ccccc1,CHEMBL1369407,3.17,Lipophilicity,1,test
O=C(NCCCCCCNCCc1ccc(O)c2nc(O)sc12)Nc1ccccc1,O=C(NCCCCCCNCCc1ccc(O)c2nc(O)sc12)Nc1ccccc1,O=C(NCCCCCCNCCc1cccc2ncsc12)Nc1ccccc1,CHEMBL109244,1.26,Lipophilicity,1,test
O=C(NC1CCCCC1)C1CCCN(S(=O)(=O)c2cccs2)C1,O=C(NC1CCCCC1)C1CCCN(S(=O)(=O)c2cccs2)C1,O=C(NC1CCCCC1)C1CCCN(S(=O)(=O)c2cccs2)C1,CHEMBL1736016,2.93,Lipophilicity,1,test
CCCOc1cc(OCCCN2CCCC2)ccc1C(=O)Nc1cccc(O)c1,CCCOc1cc(OCCCN2CCCC2)ccc1C(=O)Nc1cccc(O)c1,O=C(Nc1ccccc1)c1ccc(OCCCN2CCCC2)cc1,CHEMBL1824379,2.46,Lipophilicity,1,test
Cc1nccn1CC1CCc2c(c3ccccc3n2C)C1=O,Cc1nccn1CC1CCc2c(c3ccccc3n2C)C1=O,O=C1c2c([nH]c3ccccc23)CCC1Cn1ccnc1,CHEMBL46,1.67,Lipophilicity,1,test
O=C(O)c1ccc(-n2ncc(C(=O)NC3C4CC5CC(C4)CC3C5)c2C2CCCC2)cc1,O=C(O)c1ccc(-n2ncc(C(=O)NC3C4CC5CC(C4)CC3C5)c2C2CCCC2)cc1,O=C(NC1C2CC3CC(C2)CC1C3)c1cnn(-c2ccccc2)c1C1CCCC1,CHEMBL2177606,1.72,Lipophilicity,1,test
CC(C)CNc1nc(C#N)nc(N2CC(O)C2)c1N,CC(C)CNc1nc(C#N)nc(N2CC(O)C2)c1N,c1cc(N2CCC2)ncn1,CHEMBL474830,2.0,Lipophilicity,1,test
COc1ccc2nc(C)cc(OCC(=O)Nc3ccccc3OC)c2c1,COc1ccc2nc(C)cc(OCC(=O)Nc3ccccc3OC)c2c1,O=C(COc1ccnc2ccccc12)Nc1ccccc1,CHEMBL2097971,3.9,Lipophilicity,1,test
Cc1cc(CCC2CCN(S(=O)(=O)CC3(N(O)C=O)CCOCC3)CC2)c(C)cn1,Cc1cc(CCC2CCN(S(=O)(=O)CC3(N(O)C=O)CCOCC3)CC2)c(C)cn1,O=S(=O)(CC1CCOCC1)N1CCC(CCc2ccncc2)CC1,CHEMBL1784338,1.43,Lipophilicity,1,test
O=C1Nc2ccccc2B(O)N1c1ccccc1,O=C1Nc2ccccc2B(O)N1c1ccccc1,O=C1Nc2ccccc2BN1c1ccccc1,CHEMBL168899,1.4,Lipophilicity,1,test
Cc1ccc(NC(=O)c2cscn2)cc1-n1cnc2ccc(N3CCN(C)CC3)cc2c1=O,Cc1ccc(NC(=O)c2cscn2)cc1-n1cnc2ccc(N3CCN(C)CC3)cc2c1=O,O=C(Nc1cccc(-n2cnc3ccc(N4CCNCC4)cc3c2=O)c1)c1cscn1,CHEMBL2031236,2.06,Lipophilicity,1,test
COc1cnc(-c2ccccn2)nc1Oc1ccc(F)cc1F,COc1cnc(-c2ccccn2)nc1Oc1ccc(F)cc1F,c1ccc(Oc2ccnc(-c3ccccn3)n2)cc1,CHEMBL1418939,3.1,Lipophilicity,1,test
Nc1scc2c(C(=O)NC3CC3)nn(-c3ccc(F)cc3)c(=O)c12,Nc1scc2c(C(=O)NC3CC3)nn(-c3ccc(F)cc3)c(=O)c12,O=C(NC1CC1)c1nn(-c2ccccc2)c(=O)c2cscc12,CHEMBL2058280,2.8,Lipophilicity,1,test
FC(F)(F)c1cc(CO[C@H]2CCCN[C@H]2c2ccccc2)cc(C(F)(F)F)c1,FC(F)(F)c1cc(COC2CCCNC2c2ccccc2)cc(C(F)(F)F)c1,c1ccc(COC2CCCNC2c2ccccc2)cc1,CHEMBL27006,3.6,Lipophilicity,1,test
O=C(NC[C@@H](O)CN1CCC(Oc2ccc(Cl)c(Cl)c2)CC1)c1cn2cc(F)ccc2n1,O=C(NCC(O)CN1CCC(Oc2ccc(Cl)c(Cl)c2)CC1)c1cn2cc(F)ccc2n1,O=C(NCCCN1CCC(Oc2ccccc2)CC1)c1cn2ccccc2n1,CHEMBL2208425,3.33,Lipophilicity,1,test
C[C@@H](NC(=O)[C@H]1CCCNC1)c1ccc(Nc2ncc3cc(-c4ccncc4)ccc3n2)cc1,CC(NC(=O)C1CCCNC1)c1ccc(Nc2ncc3cc(-c4ccncc4)ccc3n2)cc1,O=C(NCc1ccc(Nc2ncc3cc(-c4ccncc4)ccc3n2)cc1)C1CCCNC1,CHEMBL2335900,1.69,Lipophilicity,1,test
COc1cc2c(c(OC)c1OC)-c1ccc(O)cc1[C@@H](NC(C)=O)CC2,COc1cc2c(c(OC)c1OC)-c1ccc(O)cc1C(NC(C)=O)CC2,c1ccc2c(c1)CCCc1ccccc1-2,CHEMBL486504,1.81,Lipophilicity,1,test
COc1ccc(CC(C)(C)NC[C@H](O)c2cc(O)cc3c2OCC(=O)N3)cc1,COc1ccc(CC(C)(C)NCC(O)c2cc(O)cc3c2OCC(=O)N3)cc1,O=C1COc2c(CCNCCc3ccccc3)cccc2N1,CHEMBL605846,0.79,Lipophilicity,1,test
Cn1cnc2cc(C#Cc3ccccc3)cnc21,Cn1cnc2cc(C#Cc3ccccc3)cnc21,C(#Cc1cnc2[nH]cnc2c1)c1ccccc1,CHEMBL1682807,3.5,Lipophilicity,1,test
CS(=O)(=O)c1ccc2nc(N3CCN(C(=O)[C@@H]4CCCC[C@H]4C(=O)NC4(C#N)CC4)CC3)sc2c1,CS(=O)(=O)c1ccc2nc(N3CCN(C(=O)C4CCCCC4C(=O)NC4(C#N)CC4)CC3)sc2c1,O=C(NC1CC1)C1CCCCC1C(=O)N1CCN(c2nc3ccccc3s2)CC1,CHEMBL2070947,1.49,Lipophilicity,1,test
Oc1nc2ccccc2nc1NCc1ccccc1,Oc1nc2ccccc2nc1NCc1ccccc1,c1ccc(CNc2cnc3ccccc3n2)cc1,CHEMBL1599839,3.3,Lipophilicity,1,test
CC(=O)Nc1cccc(OCc2cnc(Cl)s2)c1,CC(=O)Nc1cccc(OCc2cnc(Cl)s2)c1,c1ccc(OCc2cncs2)cc1,CHEMBL1735467,2.38,Lipophilicity,1,test
CC[C@H](NC(=O)c1c([S+](C)[O-])c(-c2cccs2)nc2ccccc12)c1ccccc1,CCC(NC(=O)c1c([S+](C)[O-])c(-c2cccs2)nc2ccccc12)c1ccccc1,O=C(NCc1ccccc1)c1cc(-c2cccs2)nc2ccccc12,CHEMBL1682949,3.56,Lipophilicity,1,test
CNC(=O)c1nc(-c2ccc(Cl)c(S(=O)(=O)Nc3cccc(F)c3F)c2)cnc1N,CNC(=O)c1nc(-c2ccc(Cl)c(S(=O)(=O)Nc3cccc(F)c3F)c2)cnc1N,O=S(=O)(Nc1ccccc1)c1cccc(-c2cnccn2)c1,CHEMBL2152252,2.8,Lipophilicity,1,test
O=C(COCc1cscn1)N1CCN(c2ccc(Cl)cc2Cl)CC1,O=C(COCc1cscn1)N1CCN(c2ccc(Cl)cc2Cl)CC1,O=C(COCc1cscn1)N1CCN(c2ccccc2)CC1,CHEMBL1290331,3.07,Lipophilicity,1,test
Cc1cc(C)cc(CCOCCS(=O)(=O)NCCNCCc2ccc(O)c3nc(O)sc23)c1,Cc1cc(C)cc(CCOCCS(=O)(=O)NCCNCCc2ccc(O)c3nc(O)sc23)c1,O=S(=O)(CCOCCc1ccccc1)NCCNCCc1cccc2ncsc12,CHEMBL110941,2.45,Lipophilicity,1,test
CCCC(=O)C1(c2ccccc2)CCN(C(=O)[C@@H](Cc2ccc(OC)cc2)NC(=O)[C@@H](N)Cc2cncn2C)CC1,CCCC(=O)C1(c2ccccc2)CCN(C(=O)C(Cc2ccc(OC)cc2)NC(=O)C(N)Cc2cncn2C)CC1,O=C(CCc1cnc[nH]1)NC(Cc1ccccc1)C(=O)N1CCC(c2ccccc2)CC1,CHEMBL14642,2.51,Lipophilicity,1,test
O=C(NCC1CCCCC1)c1cc(-n2ncc(=O)[nH]c2=O)ccc1Cl,O=C(NCC1CCCCC1)c1cc(-n2ncc(=O)[nH]c2=O)ccc1Cl,O=C(NCC1CCCCC1)c1cccc(-n2ncc(=O)[nH]c2=O)c1,CHEMBL1779497,1.26,Lipophilicity,1,test
Cc1cnc(C(=O)NCCc2ccc(S(=O)(=O)NC(=O)NC3CCCCC3)cc2)cn1,Cc1cnc(C(=O)NCCc2ccc(S(=O)(=O)NC(=O)NC3CCCCC3)cc2)cn1,O=C(NC1CCCCC1)NS(=O)(=O)c1ccc(CCNC(=O)c2cnccn2)cc1,CHEMBL1073,0.31,Lipophilicity,1,test
C[C@@H]1CN(c2ccc3c(n2)NC(=O)CO3)[C@H](c2ccccc2)CO1,CC1CN(c2ccc3c(n2)NC(=O)CO3)C(c2ccccc2)CO1,O=C1COc2ccc(N3CCOCC3c3ccccc3)nc2N1,CHEMBL2181928,2.75,Lipophilicity,1,test
O=c1[nH]c2c(O)ccc([C@@H](O)CNCCc3cccc(CNCCc4ccccn4)c3)c2s1,O=c1[nH]c2c(O)ccc(C(O)CNCCc3cccc(CNCCc4ccccn4)c3)c2s1,O=c1[nH]c2cccc(CCNCCc3cccc(CNCCc4ccccn4)c3)c2s1,CHEMBL1945033,-0.07,Lipophilicity,1,test
C=CCN(C(=O)Nc1ccccc1)C1CCN(CCC(c2ccccc2)c2ccccc2)CC1,C=CCN(C(=O)Nc1ccccc1)C1CCN(CCC(c2ccccc2)c2ccccc2)CC1,O=C(Nc1ccccc1)NC1CCN(CCC(c2ccccc2)c2ccccc2)CC1,CHEMBL183492,3.6,Lipophilicity,1,test
CC(=O)N(c1ccccc1)C1CC(C)N(S(=O)(=O)c2ccccc2)c2ccccc21,CC(=O)N(c1ccccc1)C1CC(C)N(S(=O)(=O)c2ccccc2)c2ccccc21,O=S(=O)(c1ccccc1)N1CCC(Nc2ccccc2)c2ccccc21,CHEMBL1081772,3.68,Lipophilicity,1,test
COc1ccc(Cc2nccc3cc(OC)c(OC)cc23)cc1OC,COc1ccc(Cc2nccc3cc(OC)c(OC)cc23)cc1OC,c1ccc(Cc2nccc3ccccc23)cc1,CHEMBL19224,2.81,Lipophilicity,1,test
CCCS(=O)(=O)N1CCCC(C(=O)N2CCC(Cc3ccccc3)CC2)C1,CCCS(=O)(=O)N1CCCC(C(=O)N2CCC(Cc3ccccc3)CC2)C1,O=C(C1CCCNC1)N1CCC(Cc2ccccc2)CC1,CHEMBL1430943,3.44,Lipophilicity,1,test
CO[C@H]1CC[C@]2(CC1)Cc1ccc(-c3cc(Cl)cc(C#N)c3)cc1C21N=C(C)C(N)=N1,COC1CCC2(CC1)Cc1ccc(-c3cc(Cl)cc(C#N)c3)cc1C21N=C(C)C(N)=N1,C1=NC2(N=C1)c1cc(-c3ccccc3)ccc1CC21CCCCC1,CHEMBL2152915,3.8,Lipophilicity,1,test
CCCSc1c(C(=O)NC2CCCCC2)cnn1C,CCCSc1c(C(=O)NC2CCCCC2)cnn1C,O=C(NC1CCCCC1)c1cn[nH]c1,CHEMBL2177610,2.99,Lipophilicity,1,test
Oc1nc(-c2ccccc2)nc2ccccc12,Oc1nc(-c2ccccc2)nc2ccccc12,c1ccc(-c2ncc3ccccc3n2)cc1,CHEMBL127066,2.46,Lipophilicity,1,test
COc1cc2ncnc(Nc3ccc(F)c(Cl)c3)c2cc1OCCCN1CCCCC1,COc1cc2ncnc(Nc3ccc(F)c(Cl)c3)c2cc1OCCCN1CCCCC1,c1ccc(Nc2ncnc3ccc(OCCCN4CCCCC4)cc23)cc1,CHEMBL291514,3.3,Lipophilicity,1,test
O=c1[nH]n(C(c2ccccn2)C2CCCC2)c(=O)c2c(O)c3ccc(Cl)cc3nc12,O=c1[nH]n(C(c2ccccn2)C2CCCC2)c(=O)c2c(O)c3ccc(Cl)cc3nc12,O=c1[nH]n(C(c2ccccn2)C2CCCC2)c(=O)c2cc3ccccc3nc12,CHEMBL1184126,1.9,Lipophilicity,1,test
O=C(C(=O)c1cc(Br)ccc1O)c1cc(Br)ccc1O,O=C(C(=O)c1cc(Br)ccc1O)c1cc(Br)ccc1O,O=C(C(=O)c1ccccc1)c1ccccc1,CHEMBL366205,3.85,Lipophilicity,1,test
C[C@@H](NC1=CC(=O)NCC1)c1ccc(Nc2ncc3cc(-c4ccncc4)ccc3n2)cc1,CC(NC1=CC(=O)NCC1)c1ccc(Nc2ncc3cc(-c4ccncc4)ccc3n2)cc1,O=C1C=C(NCc2ccc(Nc3ncc4cc(-c5ccncc5)ccc4n3)cc2)CCN1,CHEMBL2335905,3.02,Lipophilicity,1,test
O=C(NC[C@@H](O)CN1CCC(Oc2ccc(Cl)c(Cl)c2)CC1)c1cc(=O)[nH]c2ccccc12,O=C(NCC(O)CN1CCC(Oc2ccc(Cl)c(Cl)c2)CC1)c1cc(=O)[nH]c2ccccc12,O=C(NCCCN1CCC(Oc2ccccc2)CC1)c1cc(=O)[nH]c2ccccc12,CHEMBL2208434,3.48,Lipophilicity,1,test
CC1CCN(C(=O)c2scc3c2OCCO3)CC1,CC1CCN(C(=O)c2scc3c2OCCO3)CC1,O=C(c1scc2c1OCCO2)N1CCCCC1,CHEMBL1345229,2.26,Lipophilicity,1,test
O=c1[nH]c2c(O)ccc([C@@H](O)CNCCCSCCOCCc3cccc4ccccc34)c2s1,O=c1[nH]c2c(O)ccc(C(O)CNCCCSCCOCCc3cccc4ccccc34)c2s1,O=c1[nH]c2cccc(CCNCCCSCCOCCc3cccc4ccccc34)c2s1,CHEMBL1807820,3.12,Lipophilicity,1,test
CCOc1ccc(-c2cnc3n2CCC3)cc1,CCOc1ccc(-c2cnc3n2CCC3)cc1,c1ccc(-c2cnc3n2CCC3)cc1,CHEMBL1620331,2.65,Lipophilicity,1,test
CC(=O)NC1CC(C)N(C(=O)c2ccccc2)c2ccccc21,CC(=O)NC1CC(C)N(C(=O)c2ccccc2)c2ccccc21,O=C(c1ccccc1)N1CCCc2ccccc21,CHEMBL1079486,2.0,Lipophilicity,1,test
O=C1NC(=O)C(c2cnc3ccccn23)=C1c1cn2c3c(cccc13)CN(C(=O)N1CCOCC1)CC2,O=C1NC(=O)C(c2cnc3ccccn23)=C1c1cn2c3c(cccc13)CN(C(=O)N1CCOCC1)CC2,O=C1NC(=O)C(c2cnc3ccccn23)=C1c1cn2c3c(cccc13)CN(C(=O)N1CCOCC1)CC2,CHEMBL178737,1.79,Lipophilicity,1,test
FC(F)(F)c1nnc2ccc(N3CCCCC3)nn12,FC(F)(F)c1nnc2ccc(N3CCCCC3)nn12,c1cc2nncn2nc1N1CCCCC1,CHEMBL1732699,3.0,Lipophilicity,1,test
Nc1nc2ccc(-c3cccc(O)c3)cc2s1,Nc1nc2ccc(-c3cccc(O)c3)cc2s1,c1ccc(-c2ccc3ncsc3c2)cc1,CHEMBL1645108,3.1,Lipophilicity,1,test
N=S(=O)(O)Cc1noc2ccccc12,N=S(=O)(O)Cc1noc2ccccc12,c1ccc2oncc2c1,CHEMBL750,0.55,Lipophilicity,1,test
OC(CCN1CCCC1)(c1ccccc1)C1CCCCC1,OC(CCN1CCCC1)(c1ccccc1)C1CCCCC1,c1ccc(C(CCN2CCCC2)C2CCCCC2)cc1,CHEMBL86715,1.78,Lipophilicity,1,test
CC[C@H](CO)Nc1nc(NCc2ccccc2)c2ncn(C(C)C)c2n1,CCC(CO)Nc1nc(NCc2ccccc2)c2ncn(C(C)C)c2n1,c1ccc(CNc2ncnc3[nH]cnc23)cc1,CHEMBL14762,3.63,Lipophilicity,1,test
CCOC(=O)c1ccccc1-c1csc(NS(=O)(=O)c2ccc(Cl)cc2)n1,CCOC(=O)c1ccccc1-c1csc(NS(=O)(=O)c2ccc(Cl)cc2)n1,O=S(=O)(Nc1nc(-c2ccccc2)cs1)c1ccccc1,CHEMBL1448393,2.43,Lipophilicity,1,test
Cc1cc(Cn2[nH]c(=O)c3[nH]c4cc(Cl)ccc4c(=O)c3c2=O)oc1C,Cc1cc(Cn2[nH]c(=O)c3[nH]c4cc(Cl)ccc4c(=O)c3c2=O)oc1C,O=c1[nH]n(Cc2ccco2)c(=O)c2c(=O)c3ccccc3[nH]c12,CHEMBL388336,1.0,Lipophilicity,1,test
CC(C)c1ccc(Sc2cnc(O)c(C(=O)NCc3ccccc3)c2)cc1,CC(C)c1ccc(Sc2cnc(O)c(C(=O)NCc3ccccc3)c2)cc1,O=C(NCc1ccccc1)c1cncc(Sc2ccccc2)c1,CHEMBL2314383,3.7,Lipophilicity,1,test
COc1cc2ncnc(Oc3cnn(CC(=O)Nc4ccc(N(C)C)cn4)c3)c2cc1OC,COc1cc2ncnc(Oc3cnn(CC(=O)Nc4ccc(N(C)C)cn4)c3)c2cc1OC,O=C(Cn1cc(Oc2ncnc3ccccc23)cn1)Nc1ccccn1,CHEMBL1940107,2.36,Lipophilicity,1,test
CCN(C(=O)c1cnn(-c2ccccc2)c1NS(=O)(=O)c1ccc(-c2cnco2)cc1)C1CCCCC1,CCN(C(=O)c1cnn(-c2ccccc2)c1NS(=O)(=O)c1ccc(-c2cnco2)cc1)C1CCCCC1,O=C(NC1CCCCC1)c1cnn(-c2ccccc2)c1NS(=O)(=O)c1ccc(-c2cnco2)cc1,CHEMBL1916271,1.46,Lipophilicity,1,test
O=S(=O)(Nc1cccnc1)c1cccs1,O=S(=O)(Nc1cccnc1)c1cccs1,O=S(=O)(Nc1cccnc1)c1cccs1,CHEMBL225510,0.54,Lipophilicity,1,test
NC(=O)Nc1sc(-c2ccsc2)cc1C(=O)N[C@H]1CCCNC1,NC(=O)Nc1sc(-c2ccsc2)cc1C(=O)NC1CCCNC1,O=C(NC1CCCNC1)c1csc(-c2ccsc2)c1,CHEMBL520734,1.06,Lipophilicity,1,test
Nc1cc(N2CCCCC2)nc(N)[n+]1[O-],Nc1cc(N2CCCCC2)nc(N)[n+]1[O-],c1cc(N2CCCCC2)nc[nH+]1,CHEMBL802,0.77,Lipophilicity,1,test
COc1ccc(N(C(=O)c2ccoc2Cl)C(C(=O)NC[C@@H](C)O)c2ccccc2F)c(OC)c1,COc1ccc(N(C(=O)c2ccoc2Cl)C(C(=O)NCC(C)O)c2ccccc2F)c(OC)c1,O=C(c1ccoc1)N(Cc1ccccc1)c1ccccc1,CHEMBL513370,2.36,Lipophilicity,1,test
COc1cc2ncnc(Nc3ccc(F)c(Cl)c3)c2cc1OCCN1CCCC1,COc1cc2ncnc(Nc3ccc(F)c(Cl)c3)c2cc1OCCN1CCCC1,c1ccc(Nc2ncnc3ccc(OCCN4CCCC4)cc23)cc1,CHEMBL57758,3.28,Lipophilicity,1,test
COc1cc(OC)c(S(=O)(=O)N2c3ccccc3CC2C)cc1NC(C)=O,COc1cc(OC)c(S(=O)(=O)N2c3ccccc3CC2C)cc1NC(C)=O,O=S(=O)(c1ccccc1)N1CCc2ccccc21,CHEMBL1951072,1.95,Lipophilicity,1,test
Cc1nc(C)c(-c2ccc3c(c2)CC[C@]32CC[C@@H](Cc3nnn[nH]3)CC2)nc1C(N)=O,Cc1nc(C)c(-c2ccc3c(c2)CCC32CCC(Cc3nnn[nH]3)CC2)nc1C(N)=O,c1cnc(-c2ccc3c(c2)CCC32CCC(Cc3nnn[nH]3)CC2)cn1,CHEMBL2178369,2.0,Lipophilicity,1,test
CC1CC(OC(=O)C(O)c2ccccc2)CC(C)(C)C1,CC1CC(OC(=O)C(O)c2ccccc2)CC(C)(C)C1,O=C(Cc1ccccc1)OC1CCCCC1,CHEMBL1480987,2.31,Lipophilicity,1,test
Cc1ccc(NC(=O)c2ccc(CN3CCN(C)CC3)cc2)cc1Nc1nccc(-c2cccnc2)n1,Cc1ccc(NC(=O)c2ccc(CN3CCN(C)CC3)cc2)cc1Nc1nccc(-c2cccnc2)n1,O=C(Nc1cccc(Nc2nccc(-c3cccnc3)n2)c1)c1ccc(CN2CCNCC2)cc1,CHEMBL941,2.5,Lipophilicity,1,test
Clc1ccc2c(c1Nc1ncnc3cc(OCCN4CCCC4)cc(OC4CCOCC4)c13)OCO2,Clc1ccc2c(c1Nc1ncnc3cc(OCCN4CCCC4)cc(OC4CCOCC4)c13)OCO2,c1cc(Nc2ncnc3cc(OCCN4CCCC4)cc(OC4CCOCC4)c23)c2c(c1)OCO2,CHEMBL385563,2.6,Lipophilicity,1,test
CCCCC(O)c1[nH]c2cc(C)c(C(=O)O)cc2c1CCc1ccccc1,CCCCC(O)c1[nH]c2cc(C)c(C(=O)O)cc2c1CCc1ccccc1,c1ccc(CCc2c[nH]c3ccccc23)cc1,CHEMBL403296,2.59,Lipophilicity,1,test
Cc1ccc(Oc2ccc(Nc3ncnc4[nH]nc(OCCN5CCC(O)CC5)c34)cc2Cl)cn1,Cc1ccc(Oc2ccc(Nc3ncnc4[nH]nc(OCCN5CCC(O)CC5)c34)cc2Cl)cn1,c1cncc(Oc2ccc(Nc3ncnc4[nH]nc(OCCN5CCCCC5)c34)cc2)c1,CHEMBL255170,3.4,Lipophilicity,1,test
CCC(C)(C)C(=O)O[C@H]1C[C@@H](C)C=C2C=C[C@H](C)[C@H](CC[C@@H]3C[C@@H](O)CC(=O)O3)[C@H]21,CCC(C)(C)C(=O)OC1CC(C)C=C2C=CC(C)C(CCC3CC(O)CC(=O)O3)C21,O=C1CCCC(CCC2CC=CC3=CCCCC32)O1,CHEMBL1064,3.7,Lipophilicity,1,test
O=c1nc(NCc2ccccc2)sn1Cc1ccccc1,O=c1nc(NCc2ccccc2)sn1Cc1ccccc1,O=c1nc(NCc2ccccc2)sn1Cc1ccccc1,CHEMBL259081,3.01,Lipophilicity,1,test
COC(=O)N1CCN(C(=O)Cc2ccc(Cl)c(Cl)c2)[C@@H](CN2CCCC2)C1,COC(=O)N1CCN(C(=O)Cc2ccc(Cl)c(Cl)c2)C(CN2CCCC2)C1,O=C(Cc1ccccc1)N1CCNCC1CN1CCCC1,CHEMBL65511,2.01,Lipophilicity,2,test
Cc1ccc(S(=O)(=O)Nc2c(C(=O)N[C@@H](C)C(C)(C)C)c(C)nn2C2CCS(=O)(=O)CC2)cc1,Cc1ccc(S(=O)(=O)Nc2c(C(=O)NC(C)C(C)(C)C)c(C)nn2C2CCS(=O)(=O)CC2)cc1,O=S1(=O)CCC(n2nccc2NS(=O)(=O)c2ccccc2)CC1,CHEMBL1934419,0.25,Lipophilicity,1,test
COc1cccc(Nc2nc(NCC3CCCO3)c3ccccc3n2)c1,COc1cccc(Nc2nc(NCC3CCCO3)c3ccccc3n2)c1,c1ccc(Nc2nc(NCC3CCCO3)c3ccccc3n2)cc1,CHEMBL1198335,3.9,Lipophilicity,1,test
O=c1[nH]n(C(c2ccccn2)C2CC2)c(=O)c2c(O)c3ccc(Cl)cc3nc12,O=c1[nH]n(C(c2ccccn2)C2CC2)c(=O)c2c(O)c3ccc(Cl)cc3nc12,O=c1[nH]n(C(c2ccccn2)C2CC2)c(=O)c2cc3ccccc3nc12,CHEMBL1180250,1.0,Lipophilicity,1,test
CCCCC(NC(=O)CC1CCN(Cc2ccn(-c3ccc(C(F)(F)F)cc3)c2)CC1)c1ccc(=O)[nH]c1,CCCCC(NC(=O)CC1CCN(Cc2ccn(-c3ccc(C(F)(F)F)cc3)c2)CC1)c1ccc(=O)[nH]c1,O=C(CC1CCN(Cc2ccn(-c3ccccc3)c2)CC1)NCc1ccc(=O)[nH]c1,CHEMBL562847,2.89,Lipophilicity,1,test
C(=C\c1c(-c2ccccc2)nc2sccn12)/c1ccncn1,C(=Cc1c(-c2ccccc2)nc2sccn12)c1ccncn1,C(=Cc1c(-c2ccccc2)nc2sccn12)c1ccncn1,CHEMBL505610,3.4,Lipophilicity,1,test
O=C1CCCc2nc(C#Cc3ccccc3)ccc21,O=C1CCCc2nc(C#Cc3ccccc3)ccc21,O=C1CCCc2nc(C#Cc3ccccc3)ccc21,CHEMBL252956,3.53,Lipophilicity,1,test
N#Cc1nc(Nc2ccccc2)c(N)c(N2CCOCC2)n1,N#Cc1nc(Nc2ccccc2)c(N)c(N2CCOCC2)n1,c1ccc(Nc2cc(N3CCOCC3)ncn2)cc1,CHEMBL471578,2.72,Lipophilicity,1,test
NC(=O)Nc1sc(-c2ccc(CN3CCCCC3)cc2)cc1C(N)=O,NC(=O)Nc1sc(-c2ccc(CN3CCCCC3)cc2)cc1C(N)=O,c1csc(-c2ccc(CN3CCCCC3)cc2)c1,CHEMBL507700,1.75,Lipophilicity,1,test
CC(C)[C@@H](CN1CCCCC1)N(C)C(=O)Cc1ccc(Cl)c(Cl)c1,CC(C)C(CN1CCCCC1)N(C)C(=O)Cc1ccc(Cl)c(Cl)c1,O=C(Cc1ccccc1)NCCN1CCCCC1,CHEMBL109205,2.87,Lipophilicity,1,test
C[C@@H]1CN(C(=O)OC(C)(C)C)CCN1c1ncc(OCc2ccc(S(C)(=O)=O)cn2)cn1,CC1CN(C(=O)OC(C)(C)C)CCN1c1ncc(OCc2ccc(S(C)(=O)=O)cn2)cn1,c1ccc(COc2cnc(N3CCNCC3)nc2)nc1,CHEMBL2086674,3.0,Lipophilicity,1,test
O=C(NS(=O)(=O)N1CCC(N2CCC(Oc3ccc(Cl)c(Cl)c3)CC2)CC1)c1ccccc1,O=C(NS(=O)(=O)N1CCC(N2CCC(Oc3ccc(Cl)c(Cl)c3)CC2)CC1)c1ccccc1,O=C(NS(=O)(=O)N1CCC(N2CCC(Oc3ccccc3)CC2)CC1)c1ccccc1,CHEMBL2171015,2.14,Lipophilicity,1,test
O=C(NCC12CC3CC(CC(C3)C1)C2)c1cc(CN2C[C@@H]3C[C@H]2CN3)ccc1Cl,O=C(NCC12CC3CC(CC(C3)C1)C2)c1cc(CN2CC3CC2CN3)ccc1Cl,O=C(NCC12CC3CC(CC(C3)C1)C2)c1cccc(CN2CC3CC2CN3)c1,CHEMBL392559,1.45,Lipophilicity,1,test
N#Cc1cnn(-c2ccccc2)c1NC(=O)CN1CCN(c2ccccc2)CC1,N#Cc1cnn(-c2ccccc2)c1NC(=O)CN1CCN(c2ccccc2)CC1,O=C(CN1CCN(c2ccccc2)CC1)Nc1ccnn1-c1ccccc1,CHEMBL1311211,2.3,Lipophilicity,1,test
Cc1ncc([N+](=O)[O-])n1CCO,Cc1ncc([N+](=O)[O-])n1CCO,c1c[nH]cn1,CHEMBL137,-0.11,Lipophilicity,1,test
COc1ccc(Cn2c(=O)[nH]c3c(=O)n(CC(=O)NC(C(=O)C(F)(F)F)C(C)C)c(-c4ccccc4)cc3c2=O)cc1,COc1ccc(Cn2c(=O)[nH]c3c(=O)n(CC(=O)NC(C(=O)C(F)(F)F)C(C)C)c(-c4ccccc4)cc3c2=O)cc1,O=c1[nH]c(-c2ccccc2)cc2c(=O)n(Cc3ccccc3)c(=O)[nH]c12,CHEMBL14121,2.93,Lipophilicity,1,test
O=C(c1ccc(F)cc1)C1CCN(C(=S)Nc2ccc(F)cc2)CC1,O=C(c1ccc(F)cc1)C1CCN(C(=S)Nc2ccc(F)cc2)CC1,O=C(c1ccccc1)C1CCN(C(=S)Nc2ccccc2)CC1,CHEMBL1703687,3.4,Lipophilicity,1,test
CNC1=Nc2ncccc2C(c2cccs2)=NC1c1cccs1,CNC1=Nc2ncccc2C(c2cccs2)=NC1c1cccs1,C1=Nc2ncccc2C(c2cccs2)=NC1c1cccs1,CHEMBL503732,2.63,Lipophilicity,1,test
COc1ccccc1CN(C(C)=O)c1cnccc1Oc1ccccc1,COc1ccccc1CN(C(C)=O)c1cnccc1Oc1ccccc1,c1ccc(CNc2cnccc2Oc2ccccc2)cc1,CHEMBL2068817,3.0,Lipophilicity,1,test
Cc1nnc(NS(=O)(=O)c2ccc(N)cc2)s1,Cc1nnc(NS(=O)(=O)c2ccc(N)cc2)s1,O=S(=O)(Nc1nncs1)c1ccccc1,CHEMBL1191,-1.33,Lipophilicity,1,test
CN(C)N(C)C(=O)[C@@]1(Cc2ccccc2)CCCN(C(=O)[C@@H](Cc2c[nH]c3ccccc23)NC(=O)C(C)(C)N)C1,CN(C)N(C)C(=O)C1(Cc2ccccc2)CCCN(C(=O)C(Cc2c[nH]c3ccccc23)NC(=O)C(C)(C)N)C1,O=C(CCc1c[nH]c2ccccc12)N1CCCC(Cc2ccccc2)C1,CHEMBL2110579,2.1,Lipophilicity,1,test
O=C(Nc1c(Cl)cncc1Cl)c1ccc(OC(F)F)c(OCC2CC2)c1,O=C(Nc1c(Cl)cncc1Cl)c1ccc(OC(F)F)c(OCC2CC2)c1,O=C(Nc1ccncc1)c1cccc(OCC2CC2)c1,CHEMBL193240,3.95,Lipophilicity,1,test
COc1cc(OC)c2nc(C)c3c(c2c1)N(c1ccc(O)cc1)CC3,COc1cc(OC)c2nc(C)c3c(c2c1)N(c1ccc(O)cc1)CC3,c1ccc(N2CCc3cnc4ccccc4c32)cc1,CHEMBL1468264,1.5,Lipophilicity,1,test
Fc1cc(-c2cccc3ncc(-c4cnn(C5CCNCC5)c4)nc23)cc(F)c1CN1CCOCC1,Fc1cc(-c2cccc3ncc(-c4cnn(C5CCNCC5)c4)nc23)cc(F)c1CN1CCOCC1,c1cc(-c2ccc(CN3CCOCC3)cc2)c2nc(-c3cnn(C4CCNCC4)c3)cnc2c1,CHEMBL1092926,1.86,Lipophilicity,1,test
CC(C)(C)OC(=O)N1C[C@@H]2CC[C@H]1CN2c1ncc(OCc2ccc(S(C)(=O)=O)cc2)cn1,CC(C)(C)OC(=O)N1CC2CCC1CN2c1ncc(OCc2ccc(S(C)(=O)=O)cc2)cn1,c1ccc(COc2cnc(N3CC4CCC3CN4)nc2)cc1,CHEMBL2086667,3.4,Lipophilicity,1,test
CC(C)(C(=O)Nc1nnc(C(=O)Nc2ccc(N3CCOCC3)cc2)o1)c1ccc(Cl)cc1,CC(C)(C(=O)Nc1nnc(C(=O)Nc2ccc(N3CCOCC3)cc2)o1)c1ccc(Cl)cc1,O=C(Cc1ccccc1)Nc1nnc(C(=O)Nc2ccc(N3CCOCC3)cc2)o1,CHEMBL2036737,2.96,Lipophilicity,1,test
CCCCC1C(=O)N(c2ccccc2)N(c2ccccc2)C1=O,CCCCC1C(=O)N(c2ccccc2)N(c2ccccc2)C1=O,O=C1CC(=O)N(c2ccccc2)N1c1ccccc1,CHEMBL101,0.45,Lipophilicity,1,test
CCN(CC)C(=O)c1ccc(C(=C2CCN(Cc3ccc(F)cc3)CC2)c2cccc3cccnc23)cc1,CCN(CC)C(=O)c1ccc(C(=C2CCN(Cc3ccc(F)cc3)CC2)c2cccc3cccnc23)cc1,c1ccc(CN2CCC(=C(c3ccccc3)c3cccc4cccnc34)CC2)cc1,CHEMBL1944652,3.86,Lipophilicity,1,test
CCN1C(=O)N(C)c2cnc(Nc3ccc(C(=O)NC4CCN(C)CC4)cc3OC)nc2N1C1CCCC1,CCN1C(=O)N(C)c2cnc(Nc3ccc(C(=O)NC4CCN(C)CC4)cc3OC)nc2N1C1CCCC1,O=C1Nc2cnc(Nc3ccc(C(=O)NC4CCNCC4)cc3)nc2N(C2CCCC2)N1,CHEMBL1967560,2.75,Lipophilicity,1,test
Nc1ccc(OCCc2ccccc2)cc1,Nc1ccc(OCCc2ccccc2)cc1,c1ccc(CCOc2ccccc2)cc1,CHEMBL1532611,2.71,Lipophilicity,1,test
N#Cc1cccc(C(=O)Nc2cc(-c3ccccc3)nn2-c2ccccc2)c1,N#Cc1cccc(C(=O)Nc2cc(-c3ccccc3)nn2-c2ccccc2)c1,O=C(Nc1cc(-c2ccccc2)nn1-c1ccccc1)c1ccccc1,CHEMBL190270,3.82,Lipophilicity,1,test
COc1cc(N2CCCN(C)CC2)c2[nH]c(C(=O)Nc3ccc(N4CCOCC4)cc3)cc(=O)c2c1,COc1cc(N2CCCN(C)CC2)c2[nH]c(C(=O)Nc3ccc(N4CCOCC4)cc3)cc(=O)c2c1,O=C(Nc1ccc(N2CCOCC2)cc1)c1cc(=O)c2cccc(N3CCCNCC3)c2[nH]1,CHEMBL224195,2.1,Lipophilicity,1,test
COc1ccc2nc(NC(=O)CCc3ccc(OC)c(OC)c3)sc2c1,COc1ccc2nc(NC(=O)CCc3ccc(OC)c(OC)c3)sc2c1,O=C(CCc1ccccc1)Nc1nc2ccccc2s1,CHEMBL1322390,3.57,Lipophilicity,1,test
Cc1ccc(/C(=C\CN2CCCC2)c2ccccn2)cc1,Cc1ccc(C(=CCN2CCCC2)c2ccccn2)cc1,C(CN1CCCC1)=C(c1ccccc1)c1ccccn1,CHEMBL855,1.88,Lipophilicity,1,test
NC1(c2ccc(-c3ncc4cnccc4c3-c3ccccc3)cc2)CCC1,NC1(c2ccc(-c3ncc4cnccc4c3-c3ccccc3)cc2)CCC1,c1ccc(-c2c(-c3ccc(C4CCC4)cc3)ncc3cnccc23)cc1,CHEMBL2035029,2.2,Lipophilicity,1,test
N=C(N)NC(=O)c1nc(Cl)c(NCc2ccccn2)nc1N,N=C(N)NC(=O)c1nc(Cl)c(NCc2ccccn2)nc1N,c1ccc(CNc2cnccn2)nc1,CHEMBL1962631,-0.56,Lipophilicity,1,test
O=C(CCc1ccncc1)Nc1ccc(C(=O)c2ccccc2)cc1,O=C(CCc1ccncc1)Nc1ccc(C(=O)c2ccccc2)cc1,O=C(CCc1ccncc1)Nc1ccc(C(=O)c2ccccc2)cc1,CHEMBL327151,3.4,Lipophilicity,1,test
CC1Sc2c(C(=O)O)c(=O)c3cc(F)c(N4CCNCC4)cc3n21,CC1Sc2c(C(=O)O)c(=O)c3cc(F)c(N4CCNCC4)cc3n21,O=c1cc2n(c3cc(N4CCNCC4)ccc13)CS2,CHEMBL345937,-1.1,Lipophilicity,1,test
CCCSc1nc(N[C@H]2CC[C@H](C(=O)O)CC2)ccc1C(=O)NC1CCCCC1,CCCSc1nc(NC2CCC(C(=O)O)CC2)ccc1C(=O)NC1CCCCC1,O=C(NC1CCCCC1)c1ccc(NC2CCCCC2)nc1,CHEMBL2153183,2.02,Lipophilicity,1,test
COc1cc(C(=O)NS(=O)(=O)c2ccccc2C)ccc1Cc1c[nH]c2ccc(NC(=O)CC3CCCC3)cc12,COc1cc(C(=O)NS(=O)(=O)c2ccccc2C)ccc1Cc1c[nH]c2ccc(NC(=O)CC3CCCC3)cc12,O=C(CC1CCCC1)Nc1ccc2[nH]cc(Cc3ccc(C(=O)NS(=O)(=O)c4ccccc4)cc3)c2c1,CHEMBL300846,2.0,Lipophilicity,1,test
O=S(=O)(NCC(c1ccccc1)N1CCCCCC1)c1ccc(Br)s1,O=S(=O)(NCC(c1ccccc1)N1CCCCCC1)c1ccc(Br)s1,O=S(=O)(NCC(c1ccccc1)N1CCCCCC1)c1cccs1,CHEMBL1209511,3.52,Lipophilicity,1,test
COc1ccc(CNCc2ccc(-c3cc(C(N)=O)c(NC(N)=O)s3)cc2)cc1,COc1ccc(CNCc2ccc(-c3cc(C(N)=O)c(NC(N)=O)s3)cc2)cc1,c1ccc(CNCc2ccc(-c3cccs3)cc2)cc1,CHEMBL510101,2.55,Lipophilicity,1,test
Cc1nc(CSc2nc(N[C@H](C)CO)c3sc(N)nc3n2)cs1,Cc1nc(CSc2nc(NC(C)CO)c3sc(N)nc3n2)cs1,c1nc(CSc2ncc3scnc3n2)cs1,CHEMBL390191,1.73,Lipophilicity,1,test
CC(N)Cc1c[nH]c2ccc(OCc3cccs3)cc12,CC(N)Cc1c[nH]c2ccc(OCc3cccs3)cc12,c1csc(COc2ccc3[nH]ccc3c2)c1,CHEMBL1255834,0.48,Lipophilicity,1,test
Cc1cnc(Nc2cncc(N[C@@H](C)c3ncc(F)cn3)n2)s1,Cc1cnc(Nc2cncc(NC(C)c3ncc(F)cn3)n2)s1,c1cnc(CNc2cncc(Nc3nccs3)n2)nc1,CHEMBL1087898,1.91,Lipophilicity,1,test
Nc1n[nH]c(Nc2ccccc2)n1,Nc1n[nH]c(Nc2ccccc2)n1,c1ccc(Nc2ncn[nH]2)cc1,CHEMBL1449167,1.06,Lipophilicity,1,test
COc1ccc(-c2ccc3c(N4CCOC[C@@H]4C)nc(-n4ccnc4)nc3n2)cc1CO,COc1ccc(-c2ccc3c(N4CCOCC4C)nc(-n4ccnc4)nc3n2)cc1CO,c1ccc(-c2ccc3c(N4CCOCC4)nc(-n4ccnc4)nc3n2)cc1,CHEMBL2336318,2.6,Lipophilicity,1,test
O=C(NC1CCS(=O)(=O)C1)c1ccc(Oc2ccc(C#C[C@]3(O)CN4CCC3CC4)cc2)cc1,O=C(NC1CCS(=O)(=O)C1)c1ccc(Oc2ccc(C#CC3(O)CN4CCC3CC4)cc2)cc1,O=C(NC1CCS(=O)(=O)C1)c1ccc(Oc2ccc(C#CC3CN4CCC3CC4)cc2)cc1,CHEMBL1940316,1.64,Lipophilicity,1,test
CC1(C)Oc2ncnc(N)c2N=C1c1ccc([C@H]2CC[C@H](CC(=O)O)CC2)cc1,CC1(C)Oc2ncnc(N)c2N=C1c1ccc(C2CCC(CC(=O)O)CC2)cc1,c1ncc2c(n1)OCC(c1ccc(C3CCCCC3)cc1)=N2,CHEMBL473967,1.32,Lipophilicity,1,test
O=C1NC(=O)C(Cc2ccc3ccccc3c2)S1,O=C1NC(=O)C(Cc2ccc3ccccc3c2)S1,O=C1NC(=O)C(Cc2ccc3ccccc3c2)S1,CHEMBL281266,2.41,Lipophilicity,1,test
O=c1[nH]n(Cc2ccccn2)c(=O)c2c(=O)c3ccc(Cl)cc3[nH]c12,O=c1[nH]n(Cc2ccccn2)c(=O)c2c(=O)c3ccc(Cl)cc3[nH]c12,O=c1[nH]n(Cc2ccccn2)c(=O)c2c(=O)c3ccccc3[nH]c12,CHEMBL1180299,1.1,Lipophilicity,1,test
NC(=O)Nc1sc(-c2ccc(OCCN3CCCCC3)cc2)cc1C(N)=O,NC(=O)Nc1sc(-c2ccc(OCCN3CCCCC3)cc2)cc1C(N)=O,c1csc(-c2ccc(OCCN3CCCCC3)cc2)c1,CHEMBL452530,1.2,Lipophilicity,1,test
c1ccc(OCC2CNCCO2)cc1,c1ccc(OCC2CNCCO2)cc1,c1ccc(OCC2CNCCO2)cc1,CHEMBL502684,0.2,Lipophilicity,1,test
CCC(c1nc2ccsc2c(=O)n1Cc1ccccc1)N(CCCN)C(=O)c1ccc(C)nc1,CCC(c1nc2ccsc2c(=O)n1Cc1ccccc1)N(CCCN)C(=O)c1ccc(C)nc1,O=C(NCc1nc2ccsc2c(=O)n1Cc1ccccc1)c1cccnc1,CHEMBL1829416,2.56,Lipophilicity,1,test
Clc1ccc(C2(c3ccc(-c4cn[nH]c4)cc3)CCNCC2)cc1,Clc1ccc(C2(c3ccc(-c4cn[nH]c4)cc3)CCNCC2)cc1,c1ccc(C2(c3ccc(-c4cn[nH]c4)cc3)CCNCC2)cc1,CHEMBL428462,1.51,Lipophilicity,1,test
COc1ccc2c(C)nc(=O)n(CCN3CCC(NCc4cc5c(cn4)OCCO5)CC3)c2c1,COc1ccc2c(C)nc(=O)n(CCN3CCC(NCc4cc5c(cn4)OCCO5)CC3)c2c1,O=c1ncc2ccccc2n1CCN1CCC(NCc2cc3c(cn2)OCCO3)CC1,CHEMBL1916541,0.29,Lipophilicity,1,test
CC12NC(Cc3ccccc31)c1ccccc12,CC12NC(Cc3ccccc31)c1ccccc12,c1ccc2c(c1)CC1NC2c2ccccc21,CHEMBL442137,1.65,Lipophilicity,2,test
Clc1ccccc1-c1cnn[nH]1,Clc1ccccc1-c1cnn[nH]1,c1ccc(-c2cnn[nH]2)cc1,CHEMBL1909734,2.68,Lipophilicity,1,test
CC(C)(C)Cn1c(CN2C(=O)CC3(CCNCC3)C2=O)cc2cnc(C#N)nc21,CC(C)(C)Cn1c(CN2C(=O)CC3(CCNCC3)C2=O)cc2cnc(C#N)nc21,O=C1CC2(CCNCC2)C(=O)N1Cc1cc2cncnc2[nH]1,CHEMBL249966,0.75,Lipophilicity,1,test
CCn1c2nc(=O)n(C)c(=O)c-2cc2ccccc21,CCn1c2nc(=O)n(C)c(=O)c-2cc2ccccc21,O=c1nc2[nH]c3ccccc3cc-2c(=O)[nH]1,CHEMBL472210,1.1,Lipophilicity,1,test
O=c1[nH]cnc2scc(-c3cccs3)c12,O=c1[nH]cnc2scc(-c3cccs3)c12,O=c1[nH]cnc2scc(-c3cccs3)c12,CHEMBL559696,2.18,Lipophilicity,1,test
Nc1ncnc2[nH]ccc12,Nc1ncnc2[nH]ccc12,c1ncc2cc[nH]c2n1,CHEMBL356894,1.78,Lipophilicity,1,test
Cc1ccc(CO)cc1N(C)c1ccnc(Nc2cc(N3CCOCC3)cc(N3CCN(C)CC3)c2)n1,Cc1ccc(CO)cc1N(C)c1ccnc(Nc2cc(N3CCOCC3)cc(N3CCN(C)CC3)c2)n1,c1ccc(Nc2ccnc(Nc3cc(N4CCNCC4)cc(N4CCOCC4)c3)n2)cc1,CHEMBL1762539,2.61,Lipophilicity,1,test
C1CCc2c(c3c(N4CCCC4)nc(N4CCCC4)nc3n2CCN2CCOCC2)C1,C1CCc2c(c3c(N4CCCC4)nc(N4CCCC4)nc3n2CCN2CCOCC2)C1,C1CCc2c(c3c(N4CCCC4)nc(N4CCCC4)nc3n2CCN2CCOCC2)C1,CHEMBL335759,3.6,Lipophilicity,1,test
N#CC1(NC(=O)[C@@H]2CCCC[C@H]2C(=O)N2CCN(c3nc4cnccc4s3)CC2)CC1,N#CC1(NC(=O)C2CCCCC2C(=O)N2CCN(c3nc4cnccc4s3)CC2)CC1,O=C(NC1CC1)C1CCCCC1C(=O)N1CCN(c2nc3cnccc3s2)CC1,CHEMBL2070951,1.66,Lipophilicity,1,test
Cc1ccc(-n2nc(C(C)(C)C)cc2NC(=O)Nc2ccc(OCCN3CCOCC3)c3ccccc23)cc1,Cc1ccc(-n2nc(C(C)(C)C)cc2NC(=O)Nc2ccc(OCCN3CCOCC3)c3ccccc23)cc1,O=C(Nc1ccc(OCCN2CCOCC2)c2ccccc12)Nc1ccnn1-c1ccccc1,CHEMBL103667,4.49,Lipophilicity,1,test
COc1cc2ncnc(Nc3cccc(Cl)c3F)c2cc1CN(C)C1(C(N)=O)CCN(C)CC1,COc1cc2ncnc(Nc3cccc(Cl)c3F)c2cc1CN(C)C1(C(N)=O)CCN(C)CC1,c1ccc(Nc2ncnc3ccc(CNC4CCNCC4)cc23)cc1,CHEMBL207130,2.16,Lipophilicity,1,test
Nc1ccc(N=Nc2ccccc2)c(N)n1,Nc1ccc(N=Nc2ccccc2)c(N)n1,c1ccc(N=Nc2cccnc2)cc1,CHEMBL1625467,3.22,Lipophilicity,1,test
C[C@H]([C@H](O)c1ccc(O)cc1)N1CCC(O)(c2ccccc2)CC1,CC(C(O)c1ccc(O)cc1)N1CCC(O)(c2ccccc2)CC1,c1ccc(CCN2CCC(c3ccccc3)CC2)cc1,CHEMBL321758,0.91,Lipophilicity,1,test
CCn1c(=O)c2c(=O)cc(O)oc2c2ccccc21,CCn1c(=O)c2c(=O)cc(O)oc2c2ccccc21,O=c1ccoc2c1c(=O)[nH]c1ccccc12,CHEMBL1387125,1.13,Lipophilicity,1,test
O=C(Cc1ccccn1)c1ccc(Cl)cc1,O=C(Cc1ccccn1)c1ccc(Cl)cc1,O=C(Cc1ccccn1)c1ccccc1,CHEMBL1414985,2.96,Lipophilicity,1,test
CC[C@H]1OC(=O)[C@H](C)[C@@H](O[C@H]2C[C@@](C)(OC)[C@@H](O)[C@H](C)O2)[C@H](C)[C@@H](O[C@@H]2O[C@H](C)C[C@H](N(C)C)[C@H]2O)[C@](C)(O)C[C@@H](C)/C(=N\OCOCCOC)[C@H](C)[C@@H](O)[C@]1(C)O,CCC1OC(=O)C(C)C(OC2CC(C)(OC)C(O)C(C)O2)C(C)C(OC2OC(C)CC(N(C)C)C2O)C(C)(O)CC(C)C(=NOCOCCOC)C(C)C(O)C1(C)O,N=C1CCCCOC(=O)CC(OC2CCCCO2)CC(OC2CCCCO2)CCC1,CHEMBL1214185,1.8,Lipophilicity,1,test
Cc1cc2c(F)c(Oc3ncnn4cc(OC[C@@H](C)OC(=O)[C@H](C)N)c(C)c34)ccc2[nH]1,Cc1cc2c(F)c(Oc3ncnn4cc(OCC(C)OC(=O)C(C)N)c(C)c34)ccc2[nH]1,c1cc2c(Oc3ccc4[nH]ccc4c3)ncnn2c1,CHEMBL270995,3.19,Lipophilicity,1,test
CN[C@@H](C)C(=O)N[C@H](C(=O)N[C@H]1CCCN(S(=O)(=O)c2ccccc2)C1)C(C)(C)C,CNC(C)C(=O)NC(C(=O)NC1CCCN(S(=O)(=O)c2ccccc2)C1)C(C)(C)C,O=S(=O)(c1ccccc1)N1CCCCC1,CHEMBL1950846,0.9,Lipophilicity,1,test
Nc1nc(N)c2nc(CO)cnc2n1,Nc1nc(N)c2nc(CO)cnc2n1,c1cnc2ncncc2n1,CHEMBL78951,-0.45,Lipophilicity,1,test
CC(C(=O)Nc1ccc(Cl)cc1)c1ncc(C(F)(F)F)cc1Cl,CC(C(=O)Nc1ccc(Cl)cc1)c1ncc(C(F)(F)F)cc1Cl,O=C(Cc1ccccn1)Nc1ccccc1,CHEMBL1343875,4.19,Lipophilicity,1,test
CCN(C(=O)Cc1ccc(S(C)(=O)=O)cc1)C1CCN(CCC(c2ccccc2)N2CCC(C(C)=O)CC2)CC1,CCN(C(=O)Cc1ccc(S(C)(=O)=O)cc1)C1CCN(CCC(c2ccccc2)N2CCC(C(C)=O)CC2)CC1,O=C(Cc1ccccc1)NC1CCN(CCC(c2ccccc2)N2CCCCC2)CC1,CHEMBL1951902,0.9,Lipophilicity,1,test
CS(=O)(=O)N1CC[C@H](N(Cc2ccccc2Cl)c2ccc(C#N)c(Cl)c2)C1,CS(=O)(=O)N1CCC(N(Cc2ccccc2Cl)c2ccc(C#N)c(Cl)c2)C1,c1ccc(CN(c2ccccc2)C2CCNC2)cc1,CHEMBL602745,4.0,Lipophilicity,1,test
NC1(C(=O)NC(CCCN2CCOCC2)c2ccc(Cl)cc2)CCN(c2ncnc3[nH]ccc23)CC1,NC1(C(=O)NC(CCCN2CCOCC2)c2ccc(Cl)cc2)CCN(c2ncnc3[nH]ccc23)CC1,O=C(NC(CCCN1CCOCC1)c1ccccc1)C1CCN(c2ncnc3[nH]ccc23)CC1,CHEMBL2325995,2.7,Lipophilicity,1,test
Cc1ncccc1Oc1ncnc(OC2C3COCC2CN(C(=O)OC(C)C)C3)c1C,Cc1ncccc1Oc1ncnc(OC2C3COCC2CN(C(=O)OC(C)C)C3)c1C,c1cncc(Oc2cc(OC3C4CNCC3COC4)ncn2)c1,CHEMBL1766082,3.1,Lipophilicity,1,test
COc1c(N2CCO[C@@H](CN(C)C)C2)c(F)cc2c(=O)c(C(=O)O)cn(C3CC3)c12,COc1c(N2CCOC(CN(C)C)C2)c(F)cc2c(=O)c(C(=O)O)cn(C3CC3)c12,O=c1ccn(C2CC2)c2cc(N3CCOCC3)ccc12,CHEMBL2088121,-0.62,Lipophilicity,1,test
O=S(=O)(Nc1ccccc1-c1ccccc1)c1ccccc1,O=S(=O)(Nc1ccccc1-c1ccccc1)c1ccccc1,O=S(=O)(Nc1ccccc1-c1ccccc1)c1ccccc1,CHEMBL1731705,3.96,Lipophilicity,1,test
CCOC(=O)c1ccc(CCN2CCN(c3ccc(C)nn3)CC2)cc1,CCOC(=O)c1ccc(CCN2CCN(c3ccc(C)nn3)CC2)cc1,c1ccc(CCN2CCN(c3cccnn3)CC2)cc1,CHEMBL1835908,2.58,Lipophilicity,1,test
N#CCNC(=O)[C@@H]1CCCC[C@H]1C(=O)N1CC=CCC1,N#CCNC(=O)C1CCCCC1C(=O)N1CC=CCC1,O=C(C1CCCCC1)N1CC=CCC1,CHEMBL2164673,0.9,Lipophilicity,1,test
COc1cc(F)ccc1-c1cncc(C2CCCN2)c1,COc1cc(F)ccc1-c1cncc(C2CCCN2)c1,c1ccc(-c2cncc(C3CCCN3)c2)cc1,CHEMBL1779009,1.1,Lipophilicity,1,test
Cc1c(CN(C)C(=O)/C=C/c2cnc3c(c2)CCC(=O)N3)oc2ccccc12,Cc1c(CN(C)C(=O)C=Cc2cnc3c(c2)CCC(=O)N3)oc2ccccc12,O=C(C=Cc1cnc2c(c1)CCC(=O)N2)NCc1cc2ccccc2o1,CHEMBL1652621,2.36,Lipophilicity,1,test
CC(C)C[C@H](NC(=O)N1CCOCC1)C(=O)N[C@H](/C=C/S(=O)(=O)c1ccccc1)CCc1ccccc1,CC(C)CC(NC(=O)N1CCOCC1)C(=O)NC(C=CS(=O)(=O)c1ccccc1)CCc1ccccc1,O=C(CNC(=O)N1CCOCC1)NC(C=CS(=O)(=O)c1ccccc1)CCc1ccccc1,CHEMBL486232,3.4,Lipophilicity,1,test
CN(C)CCCn1c2c(c3ccccc31)CCCCCC2,CN(C)CCCn1c2c(c3ccccc31)CCCCCC2,c1ccc2c3c([nH]c2c1)CCCCCC3,CHEMBL126224,2.96,Lipophilicity,1,test
Nc1ccccc1NC(=O)c1ccc(-c2ncc(CN3CCCCC3)s2)cc1,Nc1ccccc1NC(=O)c1ccc(-c2ncc(CN3CCCCC3)s2)cc1,O=C(Nc1ccccc1)c1ccc(-c2ncc(CN3CCCCC3)s2)cc1,CHEMBL256117,2.82,Lipophilicity,1,test
CC(C)(N)C(=O)N[C@H](Cc1c[nH]c2ccccc12)C(=O)N[C@H](Cc1c[nH]c2ccccc12)NC=O,CC(C)(N)C(=O)NC(Cc1c[nH]c2ccccc12)C(=O)NC(Cc1c[nH]c2ccccc12)NC=O,O=C(CCc1c[nH]c2ccccc12)NCCc1c[nH]c2ccccc12,CHEMBL278623,1.0,Lipophilicity,1,test
COc1cc2c(Nc3cc(CC(=O)Nc4cccc(F)c4)[nH]n3)ncnc2cc1OCCCN1CCC(CO)CC1,COc1cc2c(Nc3cc(CC(=O)Nc4cccc(F)c4)[nH]n3)ncnc2cc1OCCCN1CCC(CO)CC1,O=C(Cc1cc(Nc2ncnc3cc(OCCCN4CCCCC4)ccc23)n[nH]1)Nc1ccccc1,CHEMBL216769,2.11,Lipophilicity,1,test
CC1(C)CNC(=O)c2sc(N3CCOCC3)nc2C1,CC1(C)CNC(=O)c2sc(N3CCOCC3)nc2C1,O=C1NCCCc2nc(N3CCOCC3)sc21,CHEMBL1381989,1.29,Lipophilicity,1,test
CN[C@@H](C)C(=O)N[C@H](C(=O)N[C@H]1CCCN(Cc2ccccc2)C1)C1CCCCC1,CNC(C)C(=O)NC(C(=O)NC1CCCN(Cc2ccccc2)C1)C1CCCCC1,O=C(CC1CCCCC1)NC1CCCN(Cc2ccccc2)C1,CHEMBL1950727,2.01,Lipophilicity,1,test
CC(C)c1nc(CN(C)C(=O)N[C@H](C(=O)N[C@@H](Cc2ccccc2)C[C@H](O)[C@H](Cc2ccccc2)NC(=O)OCc2cncs2)C(C)C)cs1,CC(C)c1nc(CN(C)C(=O)NC(C(=O)NC(Cc2ccccc2)CC(O)C(Cc2ccccc2)NC(=O)OCc2cncs2)C(C)C)cs1,O=C(CNC(=O)NCc1cscn1)NC(CCC(Cc1ccccc1)NC(=O)OCc1cncs1)Cc1ccccc1,CHEMBL163,4.3,Lipophilicity,1,test
O=C(c1ccccc1)c1ccc2n1CCC2C(=O)O,O=C(c1ccccc1)c1ccc2n1CCC2C(=O)O,O=C(c1ccccc1)c1ccc2n1CCC2,CHEMBL469,-0.93,Lipophilicity,1,test
CCCN(CCC)C(=O)c1cccc(C(=O)N[C@@H](Cc2ccccc2)[C@H](O)CNC2Cc3ccccc3C2)c1,CCCN(CCC)C(=O)c1cccc(C(=O)NC(Cc2ccccc2)C(O)CNC2Cc3ccccc3C2)c1,O=C(NC(CCNC1Cc2ccccc2C1)Cc1ccccc1)c1ccccc1,CHEMBL2334381,3.3,Lipophilicity,1,test
N=C(N)Nc1nc2ccccc2o1,N=C(N)Nc1nc2ccccc2o1,c1ccc2ocnc2c1,CHEMBL1407985,1.91,Lipophilicity,1,test
C[C@@H](O)[C@H](NC(=O)c1ccc(C#Cc2ccc(CN3CCOCC3)cc2)cc1)C(=O)NO,CC(O)C(NC(=O)c1ccc(C#Cc2ccc(CN3CCOCC3)cc2)cc1)C(=O)NO,C(#Cc1ccc(CN2CCOCC2)cc1)c1ccccc1,CHEMBL260091,2.03,Lipophilicity,1,test
Cn1cc(C(=O)CCCCOc2ccc(C(=O)O)cc2)cc1C=O,Cn1cc(C(=O)CCCCOc2ccc(C(=O)O)cc2)cc1C=O,O=C(CCCCOc1ccccc1)c1cc[nH]c1,CHEMBL152676,0.14,Lipophilicity,1,test
O=C1Nc2ccc(S(=O)(=O)N3CCC[C@H]3COc3ccccc3)cc2C1=O,O=C1Nc2ccc(S(=O)(=O)N3CCCC3COc3ccccc3)cc2C1=O,O=C1Nc2ccc(S(=O)(=O)N3CCCC3COc3ccccc3)cc2C1=O,CHEMBL62993,2.7,Lipophilicity,1,test
c1ccc2c(c1)nnn2-c1ccncc1,c1ccc2c(c1)nnn2-c1ccncc1,c1ccc2c(c1)nnn2-c1ccncc1,CHEMBL2144949,1.69,Lipophilicity,1,test
Nc1c(-c2ccccc2)c(CN2CCOCC2)nn1-c1ccc(F)cc1,Nc1c(-c2ccccc2)c(CN2CCOCC2)nn1-c1ccc(F)cc1,c1ccc(-c2cn(-c3ccccc3)nc2CN2CCOCC2)cc1,CHEMBL1721725,2.33,Lipophilicity,1,test
Clc1ccc([C@]23CNC[C@H]2C3)cc1Cl,Clc1ccc(C23CNCC2C3)cc1Cl,c1ccc(C23CNCC2C3)cc1,CHEMBL592374,1.96,Lipophilicity,1,test
N#Cc1nc(NC2CCCC2)c(N)c(N2CCOCC2)n1,N#Cc1nc(NC2CCCC2)c(N)c(N2CCOCC2)n1,c1nc(NC2CCCC2)cc(N2CCOCC2)n1,CHEMBL472618,2.59,Lipophilicity,1,test
O=C(c1ccc(-c2ccc(Cl)cc2)o1)N(Cc1ccccn1)c1ccc(N2CCNCC2)cc1,O=C(c1ccc(-c2ccc(Cl)cc2)o1)N(Cc1ccccn1)c1ccc(N2CCNCC2)cc1,O=C(c1ccc(-c2ccccc2)o1)N(Cc1ccccn1)c1ccc(N2CCNCC2)cc1,CHEMBL1938681,3.0,Lipophilicity,1,test
N#Cc1cccc(-c2nc(-c3ccccn3)no2)c1,N#Cc1cccc(-c2nc(-c3ccccn3)no2)c1,c1ccc(-c2nc(-c3ccccn3)no2)cc1,CHEMBL361795,2.2,Lipophilicity,1,test
C[C@H](Nc1ncc(F)c(Nc2cc(C3CC3)[nH]n2)n1)c1ccc(F)cn1,CC(Nc1ncc(F)c(Nc2cc(C3CC3)[nH]n2)n1)c1ccc(F)cn1,c1ccc(CNc2nccc(Nc3cc(C4CC4)[nH]n3)n2)nc1,CHEMBL457393,3.14,Lipophilicity,1,test
Cn1cnc([N+](=O)[O-])c1Sc1ncnc2nc[nH]c12,Cn1cnc([N+](=O)[O-])c1Sc1ncnc2nc[nH]c12,c1nc(Sc2cnc[nH]2)c2[nH]cnc2n1,CHEMBL1542,0.19,Lipophilicity,1,test
CC(C)C(NC(=O)Cn1c(-c2ccccc2)ccc(NC(=O)NCc2ccccn2)c1=O)C(=O)C(F)(F)F,CC(C)C(NC(=O)Cn1c(-c2ccccc2)ccc(NC(=O)NCc2ccccn2)c1=O)C(=O)C(F)(F)F,O=C(NCc1ccccn1)Nc1ccc(-c2ccccc2)[nH]c1=O,CHEMBL113014,2.15,Lipophilicity,1,test
CCOC(=O)c1ccc(COCC2CCN(c3ccc(C)nn3)CC2)cc1,CCOC(=O)c1ccc(COCC2CCN(c3ccc(C)nn3)CC2)cc1,c1ccc(COCC2CCN(c3cccnn3)CC2)cc1,CHEMBL1835904,2.68,Lipophilicity,1,test
COc1ccccc1Oc1ccc(N(Cc2cccnc2)S(=O)(=O)CC(F)(F)F)cc1,COc1ccccc1Oc1ccc(N(Cc2cccnc2)S(=O)(=O)CC(F)(F)F)cc1,c1ccc(Oc2ccc(NCc3cccnc3)cc2)cc1,CHEMBL108939,1.5,Lipophilicity,1,test
COc1cc(N2CCN(C(=O)[C@@H]3CCCC[C@H]3C(=O)NC3(C#N)CC3)[C@H](C)C2)ccc1C1CC1,COc1cc(N2CCN(C(=O)C3CCCCC3C(=O)NC3(C#N)CC3)C(C)C2)ccc1C1CC1,O=C(NC1CC1)C1CCCCC1C(=O)N1CCN(c2ccc(C3CC3)cc2)CC1,CHEMBL2172003,3.49,Lipophilicity,1,test
Cc1ccc(S(=O)(=O)Nc2c(C(=O)N[C@@H](C)C(C)(C)C)c(C)nn2C2CCCCC2)cc1,Cc1ccc(S(=O)(=O)Nc2c(C(=O)NC(C)C(C)(C)C)c(C)nn2C2CCCCC2)cc1,O=S(=O)(Nc1ccnn1C1CCCCC1)c1ccccc1,CHEMBL1934415,1.97,Lipophilicity,1,test
CCN1CCN(CC(=O)Nc2ccc(-c3cccc4c(=O)cc(N5CCOCC5)[nH]c34)c3sc4ccccc4c23)CC1,CCN1CCN(CC(=O)Nc2ccc(-c3cccc4c(=O)cc(N5CCOCC5)[nH]c34)c3sc4ccccc4c23)CC1,O=C(CN1CCNCC1)Nc1ccc(-c2cccc3c(=O)cc(N4CCOCC4)[nH]c23)c2sc3ccccc3c12,CHEMBL1630140,2.6,Lipophilicity,1,test
COc1ccc(Cl)cc1C(=O)NCCc1ccc(S(=O)(=O)NC(=O)NC2CCCCC2)cc1,COc1ccc(Cl)cc1C(=O)NCCc1ccc(S(=O)(=O)NC(=O)NC2CCCCC2)cc1,O=C(NC1CCCCC1)NS(=O)(=O)c1ccc(CCNC(=O)c2ccccc2)cc1,CHEMBL472,2.23,Lipophilicity,1,test
CC(c1ccccc1)C(Cc1nc2ccccc2[nH]1)c1nc2ccccc2[nH]1,CC(c1ccccc1)C(Cc1nc2ccccc2[nH]1)c1nc2ccccc2[nH]1,c1ccc(CC(Cc2nc3ccccc3[nH]2)c2nc3ccccc3[nH]2)cc1,CHEMBL1499868,4.48,Lipophilicity,1,test
Cc1nc2nc(-c3cccnc3)nn2c(O)c1Cc1ccccc1,Cc1nc2nc(-c3cccnc3)nn2c(O)c1Cc1ccccc1,c1ccc(Cc2cnc3nc(-c4cccnc4)nn3c2)cc1,CHEMBL1720347,1.52,Lipophilicity,1,test
CC(=O)c1ccc(S(=O)(=O)NC(=O)NC2CCCCC2)cc1,CC(=O)c1ccc(S(=O)(=O)NC(=O)NC2CCCCC2)cc1,O=C(NC1CCCCC1)NS(=O)(=O)c1ccccc1,CHEMBL1589,-0.49,Lipophilicity,1,test
c1ccc(-c2n[nH]cc2-c2ccnc3ccccc23)nc1,c1ccc(-c2n[nH]cc2-c2ccnc3ccccc23)nc1,c1ccc(-c2n[nH]cc2-c2ccnc3ccccc23)nc1,CHEMBL261454,2.57,Lipophilicity,1,test
O=S(=O)(Nc1nncs1)c1cc(Cl)c(Oc2ccc(C(F)(F)F)cc2-c2ccnnc2)cc1F,O=S(=O)(Nc1nncs1)c1cc(Cl)c(Oc2ccc(C(F)(F)F)cc2-c2ccnnc2)cc1F,O=S(=O)(Nc1nncs1)c1ccc(Oc2ccccc2-c2ccnnc2)cc1,CHEMBL2324776,1.15,Lipophilicity,1,test
O=c1c2cnn(-c3ccccc3)c2nc(-c2ccco2)n1-c1ccccc1,O=c1c2cnn(-c3ccccc3)c2nc(-c2ccco2)n1-c1ccccc1,O=c1c2cnn(-c3ccccc3)c2nc(-c2ccco2)n1-c1ccccc1,CHEMBL1442709,3.29,Lipophilicity,1,test
CC(C)C(NC(=O)Cn1c(-c2ccccc2)ccc(NS(=O)(=O)NCc2ccccc2)c1=O)C(=O)C(F)(F)F,CC(C)C(NC(=O)Cn1c(-c2ccccc2)ccc(NS(=O)(=O)NCc2ccccc2)c1=O)C(=O)C(F)(F)F,O=c1[nH]c(-c2ccccc2)ccc1NS(=O)(=O)NCc1ccccc1,CHEMBL282694,2.57,Lipophilicity,1,test
CCCCNc1nc(SCCC)nc2c1nnn2[C@@H]1C[C@H](CO)[C@@H](O)[C@H]1O,CCCCNc1nc(SCCC)nc2c1nnn2C1CC(CO)C(O)C1O,c1ncc2nnn(C3CCCC3)c2n1,CHEMBL401158,3.07,Lipophilicity,1,test
Cc1ccc(Nc2nccc(N(C)c3ccc4c(C)n(C)nc4c3)n2)cc1S(N)(=O)=O,Cc1ccc(Nc2nccc(N(C)c3ccc4c(C)n(C)nc4c3)n2)cc1S(N)(=O)=O,c1ccc(Nc2nccc(Nc3ccc4c[nH]nc4c3)n2)cc1,CHEMBL477772,3.3,Lipophilicity,1,test
CNC(=O)c1ccc(Nc2nccc(-c3cnc(C4CC4)n3C(C)C)n2)cc1,CNC(=O)c1ccc(Nc2nccc(-c3cnc(C4CC4)n3C(C)C)n2)cc1,c1ccc(Nc2nccc(-c3cnc(C4CC4)[nH]3)n2)cc1,CHEMBL507142,2.77,Lipophilicity,1,test
Cc1ccc2c(n1)c(Sc1ccc(Cl)cc1)c(C)n2CC(=O)O,Cc1ccc2c(n1)c(Sc1ccc(Cl)cc1)c(C)n2CC(=O)O,c1ccc(Sc2c[nH]c3cccnc23)cc1,CHEMBL1917461,0.35,Lipophilicity,1,test
COc1cc(Cc2cnc(N)nc2N)cc(OC)c1OC,COc1cc(Cc2cnc(N)nc2N)cc(OC)c1OC,c1ccc(Cc2cncnc2)cc1,CHEMBL22,0.63,Lipophilicity,1,test
Cc1ccc(S(=O)(=O)Nc2c(C(=O)N[C@@H](C)C(C)(C)C)c(C)nn2C2CCC2)cc1,Cc1ccc(S(=O)(=O)Nc2c(C(=O)NC(C)C(C)(C)C)c(C)nn2C2CCC2)cc1,O=S(=O)(Nc1ccnn1C1CCC1)c1ccccc1,CHEMBL1934413,1.57,Lipophilicity,1,test
O=C(O)c1ccccc1-c1c2ccc(=O)cc-2oc2cc(O)ccc12,O=C(O)c1ccccc1-c1c2ccc(=O)cc-2oc2cc(O)ccc12,O=c1ccc2c(-c3ccccc3)c3ccccc3oc-2c1,CHEMBL177756,0.0,Lipophilicity,1,test
CCCC(=O)N1CCN(c2nnc(-c3ccccc3)c3ccccc23)CC1,CCCC(=O)N1CCN(c2nnc(-c3ccccc3)c3ccccc23)CC1,c1ccc(-c2nnc(N3CCNCC3)c3ccccc23)cc1,CHEMBL1887445,3.2,Lipophilicity,1,test
CS(=O)(=O)N1CCN(Cc2cc3nc(-c4cccc5[nH]ncc45)nc(N4CCOCC4)c3s2)CC1,CS(=O)(=O)N1CCN(Cc2cc3nc(-c4cccc5[nH]ncc45)nc(N4CCOCC4)c3s2)CC1,c1cc(-c2nc(N3CCOCC3)c3sc(CN4CCNCC4)cc3n2)c2cn[nH]c2c1,CHEMBL521851,3.3,Lipophilicity,1,test
NC(=O)c1cccc(O[C@@H]2C[C@H]3CC[C@@H](C2)N3CC2CC2)c1,NC(=O)c1cccc(OC2CC3CCC(C2)N3CC2CC2)c1,c1ccc(OC2CC3CCC(C2)N3CC2CC2)cc1,CHEMBL1258166,0.07,Lipophilicity,1,test
CC1(C)Cc2c(-c3ccccc3)c(-c3ccc(Cl)cc3)c(CC(=O)O)n2C1,CC1(C)Cc2c(-c3ccccc3)c(-c3ccc(Cl)cc3)c(CC(=O)O)n2C1,c1ccc(-c2cn3c(c2-c2ccccc2)CCC3)cc1,CHEMBL300982,3.07,Lipophilicity,1,test
O=C(NCC12CC3CC(CC(C3)C1)C2)c1ccnc(NCC2CCNCC2)c1Cl,O=C(NCC12CC3CC(CC(C3)C1)C2)c1ccnc(NCC2CCNCC2)c1Cl,O=C(NCC12CC3CC(CC(C3)C1)C2)c1ccnc(NCC2CCNCC2)c1,CHEMBL564885,0.6,Lipophilicity,1,test
CCC(CC)NC(=O)c1nnn(-c2ccccc2)c1NS(=O)(=O)c1ccc(C)cc1,CCC(CC)NC(=O)c1nnn(-c2ccccc2)c1NS(=O)(=O)c1ccc(C)cc1,O=S(=O)(Nc1cnnn1-c1ccccc1)c1ccccc1,CHEMBL1916261,0.46,Lipophilicity,1,test
O=S1NC(Cc2ccc3ccccc3c2)=NO1,O=S1NC(Cc2ccc3ccccc3c2)=NO1,O=S1NC(Cc2ccc3ccccc3c2)=NO1,CHEMBL17771,1.85,Lipophilicity,1,test
COc1cc2c(Nc3c(Cl)ccc4c3OCO4)ncnc2cc1OCCCN1CCCCC1,COc1cc2c(Nc3c(Cl)ccc4c3OCO4)ncnc2cc1OCCCN1CCCCC1,c1cc(Nc2ncnc3cc(OCCCN4CCCCC4)ccc23)c2c(c1)OCO2,CHEMBL169186,2.05,Lipophilicity,1,test
Nc1nc(N)c(C(=O)Nc2ccccn2)nc1Cl,Nc1nc(N)c(C(=O)Nc2ccccn2)nc1Cl,O=C(Nc1ccccn1)c1cnccn1,CHEMBL181610,2.67,Lipophilicity,1,test
Cc1sc(CN2CCNCC2)cc1C(=O)NCC12CC3CC(CC(C3)C1)C2,Cc1sc(CN2CCNCC2)cc1C(=O)NCC12CC3CC(CC(C3)C1)C2,O=C(NCC12CC3CC(CC(C3)C1)C2)c1csc(CN2CCNCC2)c1,CHEMBL236859,2.55,Lipophilicity,1,test
Cc1ccc(CN2[C@@H]3CC[C@H]2C[C@@H](Oc2cccc(C(N)=O)c2)C3)s1,Cc1ccc(CN2C3CCC2CC(Oc2cccc(C(N)=O)c2)C3)s1,c1ccc(OC2CC3CCC(C2)N3Cc2cccs2)cc1,CHEMBL1223815,2.415,Lipophilicity,2,test
Cc1cc(CCCOc2c(Cl)cc(C3=NCCO3)cc2Cl)on1,Cc1cc(CCCOc2c(Cl)cc(C3=NCCO3)cc2Cl)on1,c1cc(CCCOc2ccc(C3=NCCO3)cc2)on1,CHEMBL143305,3.72,Lipophilicity,1,test
O=C(c1ccc(-c2noc(=O)[nH]2)cc1)N1CCC(N2CCC(Oc3ccc(Cl)c(Cl)c3)CC2)CC1,O=C(c1ccc(-c2noc(=O)[nH]2)cc1)N1CCC(N2CCC(Oc3ccc(Cl)c(Cl)c3)CC2)CC1,O=C(c1ccc(-c2noc(=O)[nH]2)cc1)N1CCC(N2CCC(Oc3ccccc3)CC2)CC1,CHEMBL2171025,2.24,Lipophilicity,1,test
Cc1cccc(Nc2ccncc2S(=O)(=O)NC(=O)NC(C)C)c1,Cc1cccc(Nc2ccncc2S(=O)(=O)NC(=O)NC(C)C)c1,c1ccc(Nc2ccncc2)cc1,CHEMBL1148,0.3,Lipophilicity,1,test
Cc1nc(-c2ccccc2)c(-c2ccc(CN3CCC(n4c(=O)[nH]c5ccccc54)CC3)cc2)[nH]c1=O,Cc1nc(-c2ccccc2)c(-c2ccc(CN3CCC(n4c(=O)[nH]c5ccccc54)CC3)cc2)[nH]c1=O,O=c1cnc(-c2ccccc2)c(-c2ccc(CN3CCC(n4c(=O)[nH]c5ccccc54)CC3)cc2)[nH]1,CHEMBL572629,3.9,Lipophilicity,1,test
O=S(=O)(Cc1c(F)cccc1F)N1CCN(c2ncccc2C(F)(F)F)CC1,O=S(=O)(Cc1c(F)cccc1F)N1CCN(c2ncccc2C(F)(F)F)CC1,O=S(=O)(Cc1ccccc1)N1CCN(c2ccccn2)CC1,CHEMBL2153174,3.9,Lipophilicity,1,test
CON(C)C(=O)c1c(Cn2c(C)nc(Cl)c2Cl)sc2c1c(=O)n(C)c(=O)n2CC(C)C,CON(C)C(=O)c1c(Cn2c(C)nc(Cl)c2Cl)sc2c1c(=O)n(C)c(=O)n2CC(C)C,O=c1[nH]c(=O)c2cc(Cn3ccnc3)sc2[nH]1,CHEMBL387125,2.23,Lipophilicity,1,test
O=S(=O)(CCCOCCc1nccc2ccccc12)CCNCCc1ccc(O)c2nc(O)sc12,O=S(=O)(CCCOCCc1nccc2ccccc12)CCNCCc1ccc(O)c2nc(O)sc12,O=S(=O)(CCCOCCc1nccc2ccccc12)CCNCCc1cccc2ncsc12,CHEMBL322318,2.35,Lipophilicity,1,test
N#Cc1cccnc1-c1ccc(C(=O)Nc2ccccc2N)cc1,N#Cc1cccnc1-c1ccc(C(=O)Nc2ccccc2N)cc1,O=C(Nc1ccccc1)c1ccc(-c2ccccn2)cc1,CHEMBL257176,1.58,Lipophilicity,1,test
CN1[C@@H]2CC[C@H]1C[C@@H](OC(c1ccccc1)c1ccccc1)C2,CN1C2CCC1CC(OC(c1ccccc1)c1ccccc1)C2,c1ccc(C(OC2CC3CCC(C2)N3)c2ccccc2)cc1,CHEMBL1201203,1.49,Lipophilicity,1,test
CC(=O)NC[C@H]1CN(c2ccc(N3CCOCC3)c(F)c2)C(=O)O1,CC(=O)NCC1CN(c2ccc(N3CCOCC3)c(F)c2)C(=O)O1,O=C1OCCN1c1ccc(N2CCOCC2)cc1,CHEMBL126,0.67,Lipophilicity,1,test
C[C@H](CO)Nc1nc(SCc2ccccc2)nc2[nH]c(=O)[nH]c12,CC(CO)Nc1nc(SCc2ccccc2)nc2[nH]c(=O)[nH]c12,O=c1[nH]c2cnc(SCc3ccccc3)nc2[nH]1,CHEMBL257027,2.75,Lipophilicity,1,test
COc1cc2c(Nc3c(Cl)ccc4c3OCO4)ncnc2cc1OCC1CCN(C)CC1,COc1cc2c(Nc3c(Cl)ccc4c3OCO4)ncnc2cc1OCC1CCN(C)CC1,c1cc(Nc2ncnc3cc(OCC4CCNCC4)ccc23)c2c(c1)OCO2,CHEMBL170984,1.83,Lipophilicity,1,test
N=C(N)c1ccc(C(=O)N2CCN(S(=O)(=O)c3ccc4cc(Br)ccc4c3)CC2)cc1,N=C(N)c1ccc(C(=O)N2CCN(S(=O)(=O)c3ccc4cc(Br)ccc4c3)CC2)cc1,O=C(c1ccccc1)N1CCN(S(=O)(=O)c2ccc3ccccc3c2)CC1,CHEMBL62746,0.36,Lipophilicity,1,test
Cc1ccc(CN2C(=O)CCSc3ccc(Cl)cc32)cc1,Cc1ccc(CN2C(=O)CCSc3ccc(Cl)cc32)cc1,O=C1CCSc2ccccc2N1Cc1ccccc1,CHEMBL1586839,3.7,Lipophilicity,1,test
CN1CCCN(C(c2ccccc2)c2ccc(Cl)cc2)CC1,CN1CCCN(C(c2ccccc2)c2ccc(Cl)cc2)CC1,c1ccc(C(c2ccccc2)N2CCCNCC2)cc1,CHEMBL1515447,2.36,Lipophilicity,1,test
Cc1ccc(NC(=O)c2ccnc(N3CCOCC3)c2)cc1Nc1ccnc(N(C)C2CCN(C)CC2)n1,Cc1ccc(NC(=O)c2ccnc(N3CCOCC3)c2)cc1Nc1ccnc(N(C)C2CCN(C)CC2)n1,O=C(Nc1cccc(Nc2ccnc(NC3CCNCC3)n2)c1)c1ccnc(N2CCOCC2)c1,CHEMBL366080,1.8,Lipophilicity,1,test
O=S(=O)(CCOCc1cccc2ccccc12)NCCCNCCc1ccc(O)c2nc(O)sc12,O=S(=O)(CCOCc1cccc2ccccc12)NCCCNCCc1ccc(O)c2nc(O)sc12,O=S(=O)(CCOCc1cccc2ccccc12)NCCCNCCc1cccc2ncsc12,CHEMBL325093,1.69,Lipophilicity,1,test
Cc1ccc(C(NC(=O)c2ccccc2O)C(=O)Nc2c(C)cccc2C)s1,Cc1ccc(C(NC(=O)c2ccccc2O)C(=O)Nc2c(C)cccc2C)s1,O=C(NC(C(=O)Nc1ccccc1)c1cccs1)c1ccccc1,CHEMBL1770298,4.05,Lipophilicity,1,test
Cc1cc(C(C)Nc2ccccc2)c2nc(N3CCOCC3)cc(=O)n2c1,Cc1cc(C(C)Nc2ccccc2)c2nc(N3CCOCC3)cc(=O)n2c1,O=c1cc(N2CCOCC2)nc2c(CNc3ccccc3)cccn12,CHEMBL1972466,3.6,Lipophilicity,1,test
COc1cc2ncnc(Nc3cc(NC(=O)c4ccnc(N5CCOCC5)c4)ccc3C)c2cc1OCCN(C(C)C)C(C)C,COc1cc2ncnc(Nc3cc(NC(=O)c4ccnc(N5CCOCC5)c4)ccc3C)c2cc1OCCN(C(C)C)C(C)C,O=C(Nc1cccc(Nc2ncnc3ccccc23)c1)c1ccnc(N2CCOCC2)c1,CHEMBL363462,3.5,Lipophilicity,1,test
NC12CCC(c3ccccc3)(CC1)CC2,NC12CCC(c3ccccc3)(CC1)CC2,c1ccc(C23CCC(CC2)CC3)cc1,CHEMBL288524,0.29,Lipophilicity,1,test
CCc1[nH]c2nc(Sc3cnc4ccc[n+]([O-])c4c3)nc(N3CC[C@@H](N)C3)c2c1Cl,CCc1[nH]c2nc(Sc3cnc4ccc[n+]([O-])c4c3)nc(N3CCC(N)C3)c2c1Cl,c1c[nH+]c2cc(Sc3nc(N4CCCC4)c4cc[nH]c4n3)cnc2c1,CHEMBL2331843,2.0,Lipophilicity,1,test
Cn1c(=O)c(Oc2ccc(F)cc2F)cc2cnc(NC(CCO)CCO)nc21,Cn1c(=O)c(Oc2ccc(F)cc2F)cc2cnc(NC(CCO)CCO)nc21,O=c1[nH]c2ncncc2cc1Oc1ccccc1,CHEMBL1090089,1.5,Lipophilicity,1,test
NC1(Cc2ccc(Cl)cc2)CCN(c2ncnc3[nH]ccc23)CC1,NC1(Cc2ccc(Cl)cc2)CCN(c2ncnc3[nH]ccc23)CC1,c1ccc(CC2CCN(c3ncnc4[nH]ccc34)CC2)cc1,CHEMBL263664,2.72,Lipophilicity,1,test
COc1cc(F)ccc1-c1cncc(CNC[C@@H]2CCCO2)n1,COc1cc(F)ccc1-c1cncc(CNCC2CCCO2)n1,c1ccc(-c2cncc(CNCC3CCCO3)n2)cc1,CHEMBL1778992,2.0,Lipophilicity,1,test
O=C(Nc1ccc(F)cc1)c1cccnc1Oc1ccccc1,O=C(Nc1ccc(F)cc1)c1cccnc1Oc1ccccc1,O=C(Nc1ccccc1)c1cccnc1Oc1ccccc1,CHEMBL1471868,3.19,Lipophilicity,1,test
